A. I. Aparnev,Novosibirsk State Technical University,RU,"Electronic and Structural Properties of Oxides
Gas Sensing Nanomaterials and Sensors
Advancements in Solid Oxide Fuel Cells","Carbon Monoxide Semiconductor Sensors Based on SnO2-Bi2O3 (14 citations)
Study of thermal decomposition of hexahydroxostannates(IV) MSn(OH)6, (M = Mg, Sr, Ca) (8 citations)
Nanocomposites Prepared via Thermal Decomposition of Calcium Hydroxystannate CaSn(OH)6 (7 citations)"
A. B. Kostin,Moscow Center of Fundamental and Applied Mathematics,RU,"Differential Equations and Boundary Problems
Numerical methods in inverse problems
Advanced Mathematical Modeling in Engineering","ON CERTAIN INVERSE PROBLEMS FOR PARABOLIC EQUATIONS WITH FINAL AND INTEGRAL OBSERVATION (106 citations)
The inverse problem of recovering the source in a parabolic equation under a condition of nonlocal observation (48 citations)
Inverse source problem for parabolic equation with the condition of integral observation in time (34 citations)"
Timur A. Bidzhiev,Moscow Power Engineering Institute,RU,"Microgrid Control and Optimization
Wind Turbine Control Systems
Power Systems and Renewable Energy",Application of a Battery Energy Storage System to Reduce Fluctuations in the Power Output of a Wind Farm Integrated into the Power System (5 citations)
S. A. Chevychelov,Southwest Minnesota State University,US,"Engineering Technology and Methodologies
Advanced machining processes and optimization
Industrial Engineering and Technologies","A Method of Processing of Involute Profiles of Large-Module Gear Wheels (4 citations)
Influence of axial harmonic oscillations on chip formation when drilling holes in ductile metals (4 citations)
Rear angle of a helical bit in hole shaping with axial vibration (4 citations)"
V. A. Krasnyi,Saint Petersburg Mining University,RU,"Tribology and Wear Analysis
Diamond and Carbon-based Materials Research
Fullerene Chemistry and Applications","Improving Wear Resistance of Friction Assemblies of Oil-Well Pumps Having Seals from Directionally Reinforced Polymer Composites (14 citations)
Use of Directional Solidification for Improving Tubular Workpiece Quality of Different Cast Irons (6 citations)
Influence of C60 fullerene on fretting wear of metals (3 citations)"
Michael Kravchenko,,,"Global Maternal and Child Health
Cerebrovascular and Carotid Artery Diseases
Acute Ischemic Stroke Management","Global burden of 369 diseases and injuries in 204 countries and territories, 1990–2019: a systematic analysis for the Global Burden of Disease Study 2019 (19899 citations)
Global, regional, and national incidence, prevalence, and years lived with disability for 354 diseases and injuries for 195 countries and territories, 1990–2017: a systematic analysis for the Global Burden of Disease Study 2017 (14231 citations)
Global, regional, and national incidence, prevalence, and years lived with disability for 328 diseases and injuries for 195 countries, 1990–2016: a systematic analysis for the Global Burden of Disease Study 2016 (13633 citations)"
A. Natyrova,,,"Advanced Graph Neural Networks
Machine Learning in Materials Science
Computational Physics and Python Applications","CayleyPy-4: AI-Holography. Towards analogs of holographic string dualities for AI tasks (0 citations)
CayleyPy-4: AI-Holography. Towards analogs of holographic string dualities for AI tasks (0 citations)"
A. Rozanov,Independent University of Moscow,RU,"Particle physics theoretical and experimental studies
High-Energy Particle Collisions Research
Particle Detector Development and Performance","Combined Measurement of the Higgs Boson Mass in p p Collisions at s = 7 and 8 TeV with the ATLAS and CMS Experiments (1354 citations)
Measurements of the Higgs boson production and decay rates and constraints on its couplings from a combined ATLAS and CMS analysis of the LHC pp collision data at s = 7 $$ \sqrt{s}=7 $$ and 8 TeV (1095 citations)
Performance of the ATLAS trigger system in 2015 (1004 citations)"
А. В. Наумов,Institute of Spectroscopy,RU,"Spectroscopy and Quantum Chemical Studies
Photochemistry and Electron Transfer Studies
Quantum Dots Synthesis And Properties","Low-temperature spectroscopy of organic molecules in solid matrices: from the Shpol'skii effect to laser luminescent spectromicroscopy for all effectively emitting single molecules (97 citations)
Laser selective spectromicroscopy of myriad single molecules: tool for far-field multicolour materials nanodiagnostics (56 citations)
Ag-Nanowire Bundles with Gap Hot Spots Synthesized in Track-Etched Membranes as Effective SERS-Substrates (53 citations)"
A. Chervov,,,"Algebraic structures and combinatorial models
Nonlinear Waves and Solitons
Advanced Topics in Algebra","Quantum spectral curves, quantum integrable systems and the geometric Langlands correspondence (78 citations)
On Higher-Order Sugawara Operators (51 citations)
Algebraic properties of Manin matrices 1 (47 citations)"
А. Е. Романов,All-Russian Research Institute Fisheries and Oceanography,RU,"ZnO doping and properties
Ga2O3 and related materials
GaN-based semiconductor devices and materials","Strain-induced polarization in wurtzite III-nitride semipolar layers (712 citations)
On the structure, stress fields and energy of nonequilibrium grain boundaries (289 citations)
Application of disclination concept to solid structures (231 citations)"
Anastasiia Sheveleva,,,"Advanced Fiber Laser Technologies
Optical Network Technologies
Photonic and Optical Devices","Data-driven model discovery of ideal four-wave mixing in nonlinear fibre optics (30 citations)
Idealized four-wave mixing dynamics in a nonlinear Schrödinger equation fiber system (24 citations)
Temporal Fresnel diffraction induced by phase jumps in linear and\n nonlinear optical fibres (11 citations)"
Andrei Smolensky,Neapolis University Pafos,CY,"Finite Group Theory Research
Advanced Algebra and Geometry
Algebraic structures and combinatorial models","Unitriangular factorizations of chevalley groups (23 citations)
Gauss decomposition for Chevalley groups, revisited (11 citations)
Decompositions of congruence subgroups of Chevalley groups (9 citations)"
Andrey Lukyanenko,Meta (United Kingdom),GB,"Cooperative Communication and Network Coding
Caching and Content Delivery
Network Traffic and Congestion Control","Multipath Transmission for the Internet: A Survey (155 citations)
Cooperative caching through routing control in information-centric networks (68 citations)
Is the Same Instance Type Created Equal? Exploiting Heterogeneity of Public Clouds (60 citations)"
Andrey Ogurtsov,Institute of Molecular Biology and Genetics,UA,"Complexity and Algorithms in Graphs
Advanced Graph Neural Networks
Topological and Geometric Data Analysis",CayleyPy RL: Pathfinding and reinforcement learning on Cayley graphs (0 citations)
Andrey Vladimirovich Eliseev,Yandex (Russia),RU,"Mechanics and Biomechanics Studies
Engineering Technology and Methodologies
Mechanical Systems and Engineering","Theory of Oscillations (17 citations)
Studies on the dynamics of impact interaction of the mechanoreological model under elastic plastic transformation of its mechanical system (6 citations)
Some problems of control of dynamical conditions of technological vibrating machines (6 citations)"
Anton A. Sychev,Belgorod National Research University,RU,"Mollusks and Parasites Studies
Aquatic Invertebrate Ecology and Behavior
Meat and Animal Product Quality","Diversity and occurrence of methylotrophic yeasts used in genetic engineering (12 citations)
Assessment of the genetic distances between some species of the family Bradybaenidae (Mollusca, Pulmonata) (3 citations)
Determination of Taxonomic Affiliation and Assessment of Biotechnological Potential of an Indigenous Strain of Gram-Positive Spore-Forming Bacteria (2 citations)"
Antonina Dolgorukova,Independent University of Moscow,RU,"Migraine and Headache Studies
Receptor Mechanisms and Signaling
Trigeminal Neuralgia and Treatments","Systematic review and meta-analysis of cannabinoids, cannabis-based medicines, and endocannabinoid system modulators tested for antinociceptive effects in animal models of injury-related or pathological persistent pain (151 citations)
The Influence of Metoclopramide on Trigeminovascular Nociception: Possible Anti-migraine Mechanism of Action (37 citations)
Trace Amine-Associated Receptor 1 Modulates the Locomotor and Sensitization Effects of Nicotine (32 citations)"
Arseniy Sychev,MIREA - Russian Technological University,RU,"Complexity and Algorithms in Graphs
Advanced Graph Neural Networks
Climate change and permafrost","CayleyPy RL: Pathfinding and reinforcement learning on Cayley graphs (0 citations)
Using the Low-grade Heat of Watercourses for Heat Pump Based Heat Supply Systems under the Conditions of Central Russia (0 citations)"
A. Kallali A. Ouzaa,Mohammed V University,MA,"Hernia repair and management
Endometriosis Research and Treatment
Pregnancy-related medical research","TRAITEMENT MEDICAL DE LA GROSSESSE EXTRA-UTERINE A PROPOS DE 2 CAS (0 citations)
LA DISJONCTION SYMPHYSAIRE DU POST PARTUM : A PROPOS DUN CAS ET REVUE DE LA LITTERATURE (0 citations)"
Liudmyla Fedoriaka,Kryvyi Rih State Pedagogical University,UA,"Discourse Analysis and Cultural Communication
Child and Animal Learning Development
Action Observation and Synchronization","POETICAL STRATEGIES FORMATION AND AXIOLOGICAL SEMANTICS OF THE ITALIAN SPACE IN THOMAS NASHE’S NOVEL “THE UNFORTUNATE TRAVELLER” (1593) (1 citations)
SATIRICAL STYLISTICS OF MURIEL SPARK’S WORKS: ORIGIN AND KEY FEATURES (0 citations)
ARTISTIC FUNCTIONS OF ANIMALISMS IN OSCAR WILDE’S «FAIRY TALES» (0 citations)"
Denis Gorodkov,,,"Advanced Combinatorial Mathematics
Geometric and Algebraic Topology
Finite Group Theory Research","A minimal triangulation of the quaternionic projective plane (8 citations)
An explicit local combinatorial formula for the first Pontryagin class (5 citations)
Минимальная триангуляция кватернионной проективной плоскости (5 citations)"
D. Mamayeva,Astana Medical University,KZ,"Geometric and Algebraic Topology
Advanced Graph Theory Research
Complexity and Algorithms in Graphs","CayleyPy RL: Pathfinding and reinforcement learning on Cayley graphs (0 citations)
CayleyPy Growth: Efficient growth computations and hundreds of new conjectures on Cayley graphs (Brief version) (0 citations)"
D. Shiltsov,,,"Advanced Graph Neural Networks
Machine Learning in Materials Science
Computational Physics and Python Applications","CayleyPy-4: AI-Holography. Towards analogs of holographic string dualities for AI tasks (0 citations)
CayleyPy-4: AI-Holography. Towards analogs of holographic string dualities for AI tasks (0 citations)"
Daniel E. Parker,University of California San Diego,US,"Quantum and electron transport phenomena
Topological Materials and Phenomena
Graphene research and applications","Fractional Chern insulators in magic-angle twisted bilayer graphene (555 citations)
Diagrammatic approach to nonlinear optical response with application to Weyl semimetals (236 citations)
Unconventional sequence of correlated Chern insulators in magic-angle twisted bilayer graphene (158 citations)"
Елена Геннадьевна Кудашева,M. Akmullah Bashkir State Pedagogical University,RU,"Holomorphic and Operator Theory
Analytic and geometric function theory
Meromorphic and Entire Functions","The distribution of the zeros of holomorphic functions of moderate growth in the unit disc and the representation of meromorphic functions there (8 citations)
Распределение нулей голоморфных функций умеренного роста в единичном круге и представление в нем мероморфных функций (5 citations)
Dual construction and existence of (pluri)subharmonic minorant (1 citations)"
E. Koldunov,,,"Geometric and Algebraic Topology
Advanced Graph Theory Research
Finite Group Theory Research",CayleyPy Growth: Efficient growth computations and hundreds of new conjectures on Cayley graphs (Brief version) (0 citations)
Elena V. Konstantinova,Irkutsk State University,RU,"Graph theory and applications
graph theory and CDMA systems
Finite Group Theory Research","The Discrimination Ability of Some Topological and Information Distance Indices for Graphs of Unbranched Hexagonal Systems (118 citations)
Electronic and elastic properties of two-dimensional carbon planes (107 citations)
Application of hypergraph theory in chemistry (79 citations)"
Elizaveta Geraseva,Bioengineering Center,RU,"RNA and protein synthesis mechanisms
Protein Structure and Dynamics
Machine Learning in Bioinformatics","Zebra2: advanced and easy-to-use web-server for bioinformatic analysis of subfamily-specific and conserved positions in diverse protein superfamilies (27 citations)
Nucleic Acid-Protein Interaction Prediction Using Geometric Deep Learning (3 citations)
Deep Learning Methods for Binding Site Prediction in Protein Structures (2 citations)"
Fedor Levkovich-Maslyuk,Universidad de Londres,MX,"Black Holes and Theoretical Physics
Algebraic structures and combinatorial models
Quantum Chromodynamics and Particle Interactions","Pomeron Eigenvalue at Three Loops in N=4 Supersymmetric Yang-Mills Theory (88 citations)
Quantum corrections to spinning superstrings in AdS3 × S3 × M 4: determining the dressing phase (81 citations)
Quantum spectral curve and structure constants in $$ \mathcal{N}=4 $$ SYM: cusps in the ladder limit (79 citations)"
Fedor Petrov,Steklov Mathematical Institute,RU,"Limits and Structures in Graph Theory
Advanced Combinatorial Mathematics
Point processes and geometric inequalities","Dynamics of Lane Formation in Driven Binary Complex Plasmas (161 citations)
Congruences on sums of q-binomial coefficients (106 citations)
A remark on the Mahler conjecture: Local minimality of the unit cube (60 citations)"
G. Antiufeev,Moscow State Industrial University,RU,"Complexity and Algorithms in Graphs
Advanced Graph Neural Networks
Topological and Geometric Data Analysis",CayleyPy RL: Pathfinding and reinforcement learning on Cayley graphs (0 citations)
G. Verbii,Lomonosov Moscow State University,RU,"Complexity and Algorithms in Graphs
Advanced Graph Neural Networks
Topological and Geometric Data Analysis",CayleyPy RL: Pathfinding and reinforcement learning on Cayley graphs (0 citations)
Hervé Isambert,Institut Curie,FR,"Bioinformatics and Genomic Networks
RNA and protein synthesis mechanisms
Bayesian Modeling and Causal Inference","Flexibility of Actin Filaments Derived from Thermal Fluctuations (636 citations)
Kinefold web server for RNA/DNA folding path and structure prediction including pseudoknots and knots (273 citations)
Dynamics and Rheology of Actin Solutions (209 citations)"
S. I. Kiselev,,,"Laser-Plasma Interactions and Diagnostics
Quantum, superfluid, helium dynamics
Magnetic properties of thin films","A laser–plasma accelerator producing monoenergetic electron beams (2111 citations)
Microwave oscillations of a nanomagnet driven by a spin-polarized current (2028 citations)
Production of a keV X-Ray Beam from Synchrotron Radiation in Relativistic Laser-Plasma Interaction (661 citations)"
I. M. Koltsov,MIREA - Russian Technological University,RU,"Advanced Measurement and Detection Methods
Geometric and Algebraic Topology
Advanced Graph Theory Research","CayleyPy RL: Pathfinding and reinforcement learning on Cayley graphs (0 citations)
CayleyPy Growth: Efficient growth computations and hundreds of new conjectures on Cayley graphs (Brief version) (0 citations)
A Machine Learning Approach That Beats Large Rubik's Cubes (0 citations)"
K. A. Khoruzhii,Zuse Institute Berlin,DE,"Cold Atom Physics and Bose-Einstein Condensates
Atomic and Subatomic Physics Research
Quantum, superfluid, helium dynamics","Losses of thulium atoms from optical dipole traps operating at 532 and 1064 nm (8 citations)
Bose-Einstein condensate as a diagnostic tool for an optical lattice formed by 1064-nm laser light (4 citations)
Inspiration from machine learning on the example of optimization of the Bose-Einstein condensate of thulium atoms in a 1064-nm trap (3 citations)"
L. A. Grunwald,Sobolev Institute of Mathematics,RU,"Advanced Combinatorial Mathematics
Graph theory and applications
Topological and Geometric Data Analysis","The number of rooted forests in circulant graphs (12 citations)
Counting rooted spanning forests in cobordism of two circulant graphs (4 citations)
On the Jacobian group of a cone over a circulant graph (3 citations)"
L. Cheldieva,,,"Advanced Graph Neural Networks
Machine Learning in Materials Science
Computational Physics and Python Applications",CayleyPy-4: AI-Holography. Towards analogs of holographic string dualities for AI tasks (0 citations)
L. Shishina,Nizhny Novgorod Research Institute of Traumatology and Orthopedics,RU,"Geometric and Algebraic Topology
Advanced Graph Theory Research
Complexity and Algorithms in Graphs","CayleyPy RL: Pathfinding and reinforcement learning on Cayley graphs (0 citations)
CayleyPy Growth: Efficient growth computations and hundreds of new conjectures on Cayley graphs (Brief version) (0 citations)"
Lilia Grunwald,Sobolev Institute of Mathematics,RU,"Complexity and Algorithms in Graphs
Advanced Graph Neural Networks
Topological and Geometric Data Analysis",CayleyPy RL: Pathfinding and reinforcement learning on Cayley graphs (0 citations)
Mikhail M. Evseev,Samara National Research University,RU,"Advanced Chemical Physics Studies
Astrophysics and Star Formation Studies
Synthesis and Properties of Aromatic Compounds","Low-temperature formation of polycyclic aromatic hydrocarbons in Titan’s atmosphere (109 citations)
Gas phase synthesis of [4]-helicene (42 citations)
A Free‐Radical Prompted Barrierless Gas‐Phase Synthesis of Pentacene (25 citations)"
Mark Obozov,Innopolis University,RU,"Traffic control and management
Transportation Planning and Optimization
Logic, programming, and type systems","CayleyPy RL: Pathfinding and reinforcement learning on Cayley graphs (0 citations)
CayleyPy Growth: Efficient growth computations and hundreds of new conjectures on Cayley graphs (Brief version) (0 citations)
A Machine Learning Approach That Beats Large Rubik's Cubes (0 citations)"
Michael Litvinov,,,"Finite Group Theory Research
Geometric and Algebraic Topology
Advanced Graph Theory Research","Serum Prevalence of Bears in the Russian Far East to Different Pathogens (39 citations)
The Closure Ordering of Nilpotent Orbits of the Complex Symmetric Pair (SOp+q, SOp × SOq) (4 citations)
CayleyPy Growth: Efficient growth computations and hundreds of new conjectures on Cayley graphs (Brief version) (0 citations)"
N. Vilkin-Krom,,,"Geometric and Algebraic Topology
Advanced Graph Theory Research
Finite Group Theory Research",CayleyPy Growth: Efficient growth computations and hundreds of new conjectures on Cayley graphs (Brief version) (0 citations)
Nanrynbaev Nursultan,International University of Kyrgyzstan,KG,"Complexity and Algorithms in Graphs
Advanced Graph Neural Networks
Topological and Geometric Data Analysis",CayleyPy RL: Pathfinding and reinforcement learning on Cayley graphs (0 citations)
Nikita Rokotyan,Sunesis (United States),US,"Atmospheric and Environmental Gas Dynamics
Atmospheric Ozone and Climate
Spectroscopy and Laser Applications","A posteriori calculation of δ 18 O and δD in atmospheric water vapour from ground-based near-infrared FTIR retrievals of H 2 16 O, H 2 18 O, and HD 16 O (27 citations)
Developing a western Siberia reference site for tropospheric water vapour isotopologue observations obtained by different techniques (in situ and remote sensing) (22 citations)
Estimation of the impact of differences in the CH4 absorption line parameters on the accuracy of methane atmospheric total column retrievals from ground-based FTIR spectra (18 citations)"
Orianne Debeaupuis,Institut Curie,FR,"Asthma and respiratory diseases
Cancer Immunotherapy and Biomarkers
Amyloidosis: Diagnosis, Treatment, Outcomes","B Cell Intrinsic Mechanisms Constraining IgE Memory (22 citations)
CausalCCC: a web server to explore intracellular causal pathways enabling cell–cell communication (6 citations)
In silico modeling guides identification of novel JAK1 variants associated with immune dysregulation (3 citations)"
Yu. O. Nikitina,Baikov Institute of Metallurgy and Materials Science,RU,"Bone Tissue Engineering Materials
Crystal Structures and Properties
Pigment Synthesis and Properties","Preparation and Properties of Copper-Substituted Hydroxyapatite Powders and Ceramics (15 citations)
Cerium-Containing Hydroxyapatites with Luminescent Properties (8 citations)
Thermal Stability and Luminescence Properties of Cerium-Containing Tricalcium Phosphate (6 citations)"
O. Papulov,,,"Geometric and Algebraic Topology
Advanced Graph Theory Research
Finite Group Theory Research",CayleyPy Growth: Efficient growth computations and hundreds of new conjectures on Cayley graphs (Brief version) (0 citations)
R. Grimov,,,"Geometric and Algebraic Topology
Advanced Graph Theory Research
Finite Group Theory Research",CayleyPy Growth: Efficient growth computations and hundreds of new conjectures on Cayley graphs (Brief version) (0 citations)
R. Turtayev,Astana Medical University,KZ,"Geometric and Algebraic Topology
Advanced Graph Theory Research
Complexity and Algorithms in Graphs","CayleyPy RL: Pathfinding and reinforcement learning on Cayley graphs (0 citations)
CayleyPy Growth: Efficient growth computations and hundreds of new conjectures on Cayley graphs (Brief version) (0 citations)"
Roman Fedorov,MIREA - Russian Technological University,RU,"RNA and protein synthesis mechanisms
Nitric Oxide and Endothelin Effects
Enzyme Structure and Function","Crystal Structures and Molecular Mechanism of a Light-Induced Signaling Switch: The Phot-LOV1 Domain from Chlamydomonas reinhardtii (269 citations)
Molecular mechanism of actomyosin-based motility (108 citations)
A Structural Basis for BRD2/4-Mediated Host Chromatin Interaction and Oligomer Assembly of Kaposi Sarcoma-Associated Herpesvirus and Murine Gammaherpesvirus LANA Proteins (100 citations)"
S. Diner,,,"Advanced Chemical Physics Studies
Quantum Mechanics and Applications
Advanced Thermodynamics and Statistical Mechanics","Localized bond orbitals and the correlation problem (401 citations)
Localized bond orbitals and the correlation problem (369 citations)
Localization and Delocalization in Quantum Chemistry (253 citations)"
S. Krymskii,Stanford University,US,"Spectral Theory in Mathematical Physics
Advanced Mathematical Modeling in Engineering
Complexity and Algorithms in Graphs","On the rate of decay at infinity for solutions to the Schrödinger equation in a half-cylinder (2 citations)
On the Landis conjecture in a cylinder (1 citations)
CayleyPy RL: Pathfinding and reinforcement learning on Cayley graphs (0 citations)"
I. Kudashev,Centrale Méditerranée,FR,"Magnetic confinement fusion research
Fusion materials and technologies
Superconducting Materials and Applications","WEST full tungsten operation with an ITER grade divertor (43 citations)
Development of a Set of Synthetic Diagnostics for the Confrontation between 2D Transport Simulations and WEST Tokamak Experimental Data (6 citations)
Global particle buildup simulations with gas puff scan: application to WEST discharge (4 citations)"
Sergey Nikolenko,Steklov Mathematical Institute,RU,"Topic Modeling
Natural Language Processing Techniques
Recommender Systems and Techniques","SPAdes: A New Genome Assembly Algorithm and Its Applications to Single-Cell Sequencing (27789 citations)
druGAN: An Advanced Generative Adversarial Autoencoder Model for de Novo Generation of New Molecules with Desired Molecular Properties in Silico (625 citations)
FDR-controlled metabolite annotation for high-resolution imaging mass spectrometry (541 citations)"
Sergei Fironov,Yandex (Russia),RU,"Machine Learning in Bioinformatics
Metabolomics and Mass Spectrometry Studies
Traditional Chinese Medicine Studies","Analysis of the Human Protein Atlas Image Classification competition (141 citations)
Author Correction: Analysis of the Human Protein Atlas Image Classification competition (2 citations)
ProtBoost: protein function prediction with Py-Boost and Graph Neural Networks -- CAFA5 top2 solution (1 citations)"
Sergey A. Ermilov,Independent University of Moscow,RU,"Photoacoustic and Ultrasonic Imaging
Optical Imaging and Spectroscopy Techniques
Thermography and Photoacoustic Techniques","Laser optoacoustic imaging system for detection of breast cancer (494 citations)
Whole-body three-dimensional optoacoustic tomography system for small animals (302 citations)
An Imaging Model Incorporating Ultrasonic Transducer Properties for Three-Dimensional Optoacoustic Tomography (166 citations)"
С. В. Галкин,Institute of Oceanology. PP Shirshov Russian Academy of Sciences,RU,"Marine Biology and Ecology Research
Marine and environmental studies
Food Industry and Aquatic Biology","The James Webb Space Telescope Mission (488 citations)
The Science Performance of JWST as Characterized in Commissioning (435 citations)
Depth-related structure and ecological significance of cold-seep communities—a case study from the Sea of Okhotsk (174 citations)"
Sergey Lytkin,Kazakh-British Technical University,KZ,"Remote Sensing and LiDAR Applications
3D Surveying and Cultural Heritage
Infrastructure Maintenance and Monitoring","SCAN-TO-BIM METHODOLOGY ADAPTED FOR DIFFERENT APPLICATION (59 citations)
Deformation monitoring using laser scanned point clouds and BIM (13 citations)
Features of information modeling of cultural heritage objects (8 citations)"
Igor Nelin,Moscow Aviation Institute,RU,"Ultrasound and Hyperthermia Applications
Wireless Body Area Networks
Advanced Computational Techniques in Science and Engineering","CREATION OF A NEURAL NETWORK ALGORITHM FOR AUTOMATED COLLECTION AND ANALYSIS OF STATISTICS OF EXCHANGE QUOTES GRAPHICS (14 citations)
Research of a microwave radiometer for monitoring of internal temperature of biological tissues (14 citations)
System of Rational Parameters of Antennas for Designing a Multi-channel Multi-frequency Medical Radiometer (13 citations)"
O V Zamkovoy,Dnipro University of Technology,UA,"Metallurgical Processes and Thermodynamics
Material Properties and Applications
Metal Extraction and Bioleaching","Thermodynamic Model of the Process of Desulfurization of a Black Ferronickel in a Ladle (2 citations)
Improvement of the Process of Conducting Arc-Free Ferronickel Melting in a Six-Electrode Furnace (2 citations)
Distribution of Nickel in the Slags of Electrothermal Ferronickel Production and Technological Schemes of Its Utilization (0 citations)"
Vladislav Zamkovoy,,,"Traffic Prediction and Management Techniques
Data Visualization and Analytics
Anomaly Detection Techniques and Applications","Logistics, Graphs, and Transformers: Towards Improving Travel Time Estimation (4 citations)
Logistics, Graphs, and Transformers: Towards improving Travel Time Estimation (0 citations)"
Yan Soibelman,,,"Algebraic structures and combinatorial models
Homotopy and Cohomology in Algebraic Topology
Advanced Topics in Algebra","Stability structures, motivic Donaldson-Thomas invariants and cluster transformations (763 citations)
HOMOLOGICAL MIRROR SYMMETRY AND TORUS FIBRATIONS (394 citations)
Cohomological Hall algebra, exponential Hodge structures and motivic Donaldson–Thomas invariants (364 citations)"
Zulema Kogan,,,"Celiac Disease Research and Management
Microscopic Colitis
Helicobacter pylori-related gastroenterology studies","Budesonide enema in pouchitis—a double‐blind, double‐dummy, controlled trial (165 citations)
The Enteric Nervous System in Chagasic and Idiopathic Megacolon (161 citations)
Accuracy of Testing for Antibodies to Synthetic Gliadin–Related Peptides in Celiac Disease (152 citations)"
А. А. Тітаренко,,,"Photonic and Optical Devices
Optical Coatings and Gratings
Legal and Regulatory Analysis","Особливості розвитку рухових здібностей у хлопчиків молодшого шкільного віку (22 citations)
Investigation of the possibility to develop radiation-hardness LSIs for navigational purposes according to the 0.35-μm domestic CMOS SOI technology (19 citations)
Diamond-Like Carbon Film Deposition Using DC Ion Source with Cold Hollow Cathode (11 citations)"
Anna V. Korolkova,Peoples' Friendship University of Russia,RU,"Network Traffic and Congestion Control
Algebraic and Geometric Analysis
Simulation Techniques and Applications","Designing installations for verification of the model of active queue management discipline RED in the GNS3 (28 citations)
Stochastic Runge–Kutta Software Package for Stochastic Differential Equations (22 citations)
Hybrid Simulation Of Active Traffic Management (12 citations)"
А. Исаков,National Institute for Subatomic Physics,NL,"High-Energy Particle Collisions Research
Particle physics theoretical and experimental studies
Quantum Chromodynamics and Particle Interactions","Unveiling the strong interaction among hadrons at the LHC (196 citations)
The ALICE experiment: a journey through QCD (163 citations)
Measurements of inclusive jet spectra in p p and central Pb-Pb collisions at s N N = 5.02 TeV (98 citations)"
Д. А. Коваленко,Institute of Metallurgy,RU,"Enterprise Management and Information Systems
Carbon Nanotubes in Composites
Diamond and Carbon-based Materials Research","Synthesis and characterization of carbon nanowalls on different substrates by radio frequency plasma enhanced chemical vapor deposition (144 citations)
Detonation nanodiamonds biofunctionalization and immobilization to titanium alloy surfaces as first steps towards medical application (19 citations)
Synthesis of copper nanoparticles stabilized by polyoxyethylenesorbitan monooleate (7 citations)"
С. М. Ковалев,Yandex (Russia),RU,"Arctic and Antarctic ice dynamics
Climate change and permafrost
Cryospheric studies and observations","KNOWLEDGE BASE DESIGN FOR THE INTELLIGENT SYSTEM FOR CONTROL AND PREVENTIONS OF RISK SITUATIONS IN THE DESIGN STAGE OF COMPLEX TECHNICAL SYSTEMS (15 citations)
New information about the seismicity of the Russian Arctic based on the work of the seismic station “Severnaya Zemlya” (12 citations)
Physical and Mechanical Characteristics of Sea Ice in the Kara and Laptev Seas (9 citations)"
Alexander I. Efimov,,,"Algebraic structures and combinatorial models
Homotopy and Cohomology in Algebraic Topology
Advanced Topics in Algebra","Cohomological Hall algebra of a symmetric quiver (79 citations)
Homological mirror symmetry for punctured spheres (77 citations)
Homological mirror symmetry for curves of higher genus (74 citations)"
Bernd Siebert,The University of Texas at Austin,US,"Algebraic Geometry and Number Theory
Nuclear Physics and Applications
Nuclear reactor physics and engineering","The use of a Monte Carlo method for evaluating uncertainty and expanded uncertainty (254 citations)
Logarithmic Gromov-Witten invariants (241 citations)
From real affine geometry to complex geometry (234 citations)"
Damien Gayet,,,"Geometry and complex manifolds
Geometric Analysis and Curvature Flows
Algebraic Geometry and Number Theory","Betti numbers of random real hypersurfaces and determinants of random\n symmetric matrices (53 citations)
Symplectic hypersurfaces in the complement of an isotropic submanifold (43 citations)
Expected topology of random real algebraic submanifolds (41 citations)"
Dmitri Olegovich Orlov,Steklov Mathematical Institute,RU,"Algebraic structures and combinatorial models
Homotopy and Cohomology in Algebraic Topology
Advanced Topics in Algebra","Equivalences of derived categories andK3 surfaces (452 citations)
Triangulated categories of singularities and D-branes in Landau-Ginzburg models (435 citations)
Semiorthogonal decomposition for algebraic varieties (386 citations)"
Ivan Smith,University of Cambridge,GB,"Geometric and Algebraic Topology
Homotopy and Cohomology in Algebraic Topology
Algebraic Geometry and Number Theory","Quadratic differentials as stability conditions (168 citations)
A link invariant from the symplectic geometry of nilpotent slices (151 citations)
Symplectic Conifold Transitions (97 citations)"
J. Elisenda Grigsby,Salesforce (United States),US,"Geometric and Algebraic Topology
Homotopy and Cohomology in Algebraic Topology
Advanced Combinatorial Mathematics","Grid Diagrams for Lens Spaces and Combinatorial Knot Floer Homology (75 citations)
On the colored Jones polynomial, sutured Floer homology, and knot Floer homology (36 citations)
Grid diagrams and Legendrian lens space links (25 citations)"
Jean-Paul Mohsen,Institut de Mathématiques de Marseille,FR,"Geometric Analysis and Curvature Flows
Geometry and complex manifolds
Geometric and Algebraic Topology","Symplectic hypersurfaces in the complement of an isotropic submanifold (43 citations)
Transversalité quantitative en géométrie symplectique : sous-variétés et hypersurfaces (5 citations)
Transversalit\'e quantitative en g\'eom\'etrie symplectique : sous-vari\'et\'es et hypersurfaces (3 citations)"
Ludmil Katzarkov,,,"Homotopy and Cohomology in Algebraic Topology
Algebraic Geometry and Number Theory
Algebraic structures and combinatorial models","Hodge theoretic aspects of mirror symmetry (257 citations)
Mirror symmetry for Del Pezzo surfaces: Vanishing cycles and coherent sheaves (190 citations)
Mirror symmetry for weighted projective planes and their noncommutative deformations (183 citations)"
Marco Manetti,,,"Homotopy and Cohomology in Algebraic Topology
Advanced Topics in Algebra
Algebraic Geometry and Number Theory","Deformation theory via differential graded Lie algebras (86 citations)
L ∞ structures on mapping cones (75 citations)
Extended deformation functors (65 citations)"
Mirroslav Yotov,Florida International University,US,"Geometry and complex manifolds
Algebraic Geometry and Number Theory
Geometric Analysis and Curvature Flows","Homological Mirror Symmetry for manifolds of general type (56 citations)
Fundamental groups of complements of plane curves and symplectic invariants (48 citations)
Generalized Futaki Invariant of Almost Fano Toric Varieties, Examples (7 citations)"
Mohammed Abouzaid,Stanford University,US,"Homotopy and Cohomology in Algebraic Topology
Geometric and Algebraic Topology
Algebraic structures and combinatorial models","An open String Analogue of Viterbo Functoriality (256 citations)
A geometric criterion for generating the Fukaya category (156 citations)
Morse homology, tropical geometry, and homological mirror symmetry for toric varieties (114 citations)"
P. Seidel,Technische Universität Dresden,DE,"Physics of Superconductivity and Magnetism
Quantum and electron transport phenomena
Magnetic properties of thin films","The Einstein Telescope: a third-generation gravitational wave observatory (2448 citations)
Sensitivity studies for third-generation gravitational wave observatories (1162 citations)
The third generation of gravitational wave observatories and their science reach (443 citations)"
Selman Akbulut,,,"Geometric and Algebraic Topology
Homotopy and Cohomology in Algebraic Topology
Geometric Analysis and Curvature Flows","Casson's invariant for oriented homology 3-spheres : an exposition (173 citations)
Branched covers of surfaces in 4-manifolds (139 citations)
Casson's Invariant for Oriented Homology Three-Spheres (123 citations)"
Simon Donaldson,Imperial College London,GB,"Geometry and complex manifolds
Geometric Analysis and Curvature Flows
Geometric and Algebraic Topology","The Geometry of Four-Manifolds (1115 citations)
The Geometry of Four-Manifolds (1108 citations)
Anti Self-Dual Yang-Mills Connections Over Complex Algebraic Surfaces and Stable Vector Bundles (1103 citations)"
Stephan M. Wehrli,Syracuse University,US,"Geometric and Algebraic Topology
Homotopy and Cohomology in Algebraic Topology
Algebraic structures and combinatorial models","Chronic metabolic acidosis increases NaDC-1 mRNA and protein abundance in rat kidney (120 citations)
Categorification of the Colored Jones Polynomial and Rasmussen Invariant of Links (70 citations)
Quantum link homology via trace functor I (36 citations)"
Tony Pantev,California University of Pennsylvania,US,"Algebraic Geometry and Number Theory
Advanced Algebra and Geometry
Homotopy and Cohomology in Algebraic Topology","Shifted symplectic structures (348 citations)
A heterotic standard model (259 citations)
Hodge theoretic aspects of mirror symmetry (257 citations)"
Turgut Önder,Turkish Armed Forces,TR,"Homotopy and Cohomology in Algebraic Topology
Mathematical Analysis and Transform Methods
Advanced Algebra and Geometry","Proceedings of Gokova Geometry-Topology Conference 1993 (19 citations)
An investigation of contact dermatitis in patients with chronic otitis externa (12 citations)
Equivariant cross sections of complex Stiefel manifolds (5 citations)"
Yuri Tschinkel,Simons Foundation,US,"Algebraic Geometry and Number Theory
Advanced Algebra and Geometry
Homotopy and Cohomology in Algebraic Topology","On the distribution of points of bounded height on equivariant compactifications of vector groups (105 citations)
Moving and Ample Cones of Holomorphic Symplectic Fourfolds (103 citations)
Igusa integrals and volume asymptotics in analytic and adelic geometry\n (79 citations)"
Alberto García-Raboso,University of Toronto,CA,"Black Holes and Theoretical Physics
Algebraic Geometry and Number Theory
Advanced Algebra and Geometry","A D-brane landscape on Calabi-Yau manifolds (33 citations)
D-Brane superpotentials in Calabi-Yau orientifolds (19 citations)
Test beam analysis of the first CMS drift tube muon chamber (17 citations)"
Bogdan I. Florea,Netherlands Proteomics Centre,NL,"Ubiquitin and proteasome pathways
Protein Degradation and Inhibitors
Peptidase Inhibition and Analysis","Dynamic assembly of end-joining complexes requires interaction between Ku70/80 and XRCC4 (410 citations)
Quaternized chitosan oligomers as novel gene delivery vectors in epithelial cell lines (373 citations)
Activity-based protein profiling reveals off-target proteins of the FAAH inhibitor BIA 10-2474 (334 citations)"
Bogdan I. Florea,Netherlands Proteomics Centre,NL,"Ubiquitin and proteasome pathways
Protein Degradation and Inhibitors
Peptidase Inhibition and Analysis","Dynamic assembly of end-joining complexes requires interaction between Ku70/80 and XRCC4 (410 citations)
Quaternized chitosan oligomers as novel gene delivery vectors in epithelial cell lines (373 citations)
Activity-based protein profiling reveals off-target proteins of the FAAH inhibitor BIA 10-2474 (334 citations)"
Christiaan Hofman,Weizmann Institute of Science,IL,"Black Holes and Theoretical Physics
Noncommutative and Quantum Gravity Theories
Cosmology and Gravitation Theories","Gauge bundles and Born-Infeld on the non-commutative torus (59 citations)
BV Quantization of Topological Open Membranes (48 citations)
Geometric transitions and integrable systems (36 citations)"
Edward Witten,Institute for Advanced Study,US,"Black Holes and Theoretical Physics
Cosmology and Gravitation Theories
Particle physics theoretical and experimental studies","Anti de Sitter space and holography (13418 citations)
Quantum field theory and the Jones polynomial (4967 citations)
Anti-de Sitter space, thermal phase transition, and confinement in gauge theories (4002 citations)"
Eleonora Dell’Aquila,Institute of Mathematical Sciences,IN,"Black Holes and Theoretical Physics
Quantum Chromodynamics and Particle Interactions
Particle physics theoretical and experimental studies","Fractional Branes in Landau-Ginzburg Orbifolds (91 citations)
Obstructed D-Branes in Landau-Ginzburg Orbifolds (65 citations)
Children’s drawings from Seiberg–Witten curves (31 citations)"
George Pan,Arizona State University,US,"Electromagnetic Scattering and Analysis
Electromagnetic Simulation and Numerical Methods
Microwave Engineering and Waveguides","Requirements for accurate quantification of self-affine roughness using the variogram method (79 citations)
Solution of inverse problems in image processing by wavelet expansion (71 citations)
Requirements for accurate estimation of fractal parameters for self-affine roughness profiles using the line scaling method (63 citations)"
Gheorghe Ionesei,,,"Algebraic Geometry and Number Theory
Homotopy and Cohomology in Algebraic Topology
Advanced Topics in Algebra","Spectral covers, charged matter and bundle cohomology (47 citations)
A Gauge Theoretic Proof of the Abel-Jacobi Theorem (1 citations)"
Gregory Moore,Canadian Sport Centre Pacific,CA,"History and Theory of Mathematics
Black Holes and Theoretical Physics
Philosophy, Science, and History","Nonabelions in the fractional quantum hall effect (2994 citations)
Remarks on the canonical quantization of the Chern-Simons-Witten theory (938 citations)
Taming the conformal zoo (589 citations)"
Gregory W. Moore,,,"Black Holes and Theoretical Physics
Noncommutative and Quantum Gravity Theories
Cosmology and Gravitation Theories","D-branes, Quivers, and ALE Instantons (824 citations)
Wall-crossing, Hitchin systems, and the WKB approximation (688 citations)
Four-Dimensional Wall-Crossing via Three-Dimensional Field Theory (477 citations)"
Zhong Lin Wang,University of Chinese Academy of Sciences,CN,"Advanced Sensor and Energy Harvesting Materials
Conducting polymers and applications
Innovative Energy Harvesting Technologies","Piezoelectric Nanogenerators Based on Zinc Oxide Nanowire Arrays (7891 citations)
Flexible triboelectric generator (6695 citations)
Nanobelts of Semiconducting Oxides (5821 citations)"
Jan Manschot,Trinity College Dublin,IE,"Black Holes and Theoretical Physics
Particle physics theoretical and experimental studies
Cosmology and Gravitation Theories","Wall crossing from Boltzmann black hole halos (155 citations)
A Farey tail for attractor black holes (144 citations)
A modern fareytail (99 citations)"
Jaume Gomis,Perimeter Institute,CA,"Black Holes and Theoretical Physics
Noncommutative and Quantum Gravity Theories
Cosmology and Gravitation Theories","Space–time noncommutative field theories and unitarity (544 citations)
Exact results in D = 2 supersymmetric gauge theories (311 citations)
Nonrelativistic closed string theory (297 citations)"
Kuver Sinha,University of Oklahoma,US,"Cosmology and Gravitation Theories
Dark Matter and Cosmic Phenomena
Particle physics theoretical and experimental studies","The First Three Seconds: a Review of Possible Expansion Histories of the Early Universe (253 citations)
Cosmological moduli and the post-inflationary universe: A critical review (166 citations)
The poker face of the Majoron dark matter model: LUX to keV line (162 citations)"
Marcos Jardim,Institute for Advanced Studies in Basic Sciences,IR,"Algebraic Geometry and Number Theory
Advanced Algebra and Geometry
Algebraic structures and combinatorial models","Instanton sheaves on complex projective spaces (42 citations)
A survey on Nahm transform (42 citations)
Asymptotic behaviour and the moduli space of doubly-periodic instantons (36 citations)"
Michael R. Douglas,Mathematical Sciences Research Institute,US,"Black Holes and Theoretical Physics
Cosmology and Gravitation Theories
Particle physics theoretical and experimental studies","Noncommutative field theory (2126 citations)
Noncommutative geometry and Matrix theory (1354 citations)
Noncommutative Geometry and Matrix Theory: Compactification on Tori (1310 citations)"
Min Yang,Air Force Medical University,CN,"Legal and Regulatory Analysis
Linguistic, Cultural, and Literary Studies
Military Technology and Strategies","First Result from the Alpha Magnetic Spectrometer on the International Space Station: Precision Measurement of the Positron Fraction in Primary Cosmic Rays of 0.5–350 GeV (1058 citations)
Precision Measurement of the Proton Flux in Primary Cosmic Rays from Rigidity 1 GV to 1.8 TV with the Alpha Magnetic Spectrometer on the International Space Station (983 citations)
Global diversity and biogeography of bacterial communities in wastewater treatment plants (930 citations)"
Rami Entin,"Rutgers, The State University of New Jersey",US,"Black Holes and Theoretical Physics
Cosmology and Gravitation Theories
Particle physics theoretical and experimental studies","Nonrenormalization theorem for the d=1, N=8 vector multiplet (60 citations)
Calabi-Yau spaces and five-dimensional field theories with exceptional gauge symmetry (27 citations)
Spectrum of chiral operators in strongly coupled gauge theories (11 citations)"
Robbert Dijkgraaf,,,"Black Holes and Theoretical Physics
Cosmology and Gravitation Theories
Noncommutative and Quantum Gravity Theories","Topological gauge theories and group cohomology (1176 citations)
Topological strings in d < 1 (680 citations)
Matrix string theory (679 citations)"
Robert L. Karp,Center for Systems Biology,US,"Black Holes and Theoretical Physics
Algebraic structures and combinatorial models
Nonlinear Waves and Solitons","Bifurcation analysis of single-cell gene expression data reveals epigenetic landscape (305 citations)
Numerical Calabi–Yau metrics (84 citations)
Profiling phospho-signaling networks in breast cancer using reverse-phase protein arrays (73 citations)"
Ron Donagi,University of Pennsylvania,US,"Algebraic Geometry and Number Theory
Black Holes and Theoretical Physics
Advanced Algebra and Geometry","Supersymmetric Yang-Mills theory and integrable systems (733 citations)
Model building with $F$-theory (363 citations)
An SU(5) heterotic standard model (280 citations)"
Sergei Gukov,California Institute of Technology,US,"Black Holes and Theoretical Physics
Homotopy and Cohomology in Algebraic Topology
Algebraic structures and combinatorial models","CFTs From Calabi-Yau Four-folds (883 citations)
Loop and surface operators in $ \mathcal{N} = 2 $ gauge theory and Liouville modular geometry (447 citations)
Gauge Theories Labelled by Three-Manifolds (414 citations)"
Sujay K. Ashok,University of Turin,IT,"Black Holes and Theoretical Physics
Cosmology and Gravitation Theories
Algebraic structures and combinatorial models","Fractional Branes in Landau-Ginzburg Orbifolds (91 citations)
Obstructed D-Branes in Landau-Ginzburg Orbifolds (65 citations)
A twisted non-compact elliptic genus (57 citations)"
Thomas Creutzig,Universitätsklinikum Erlangen,DE,"Algebraic structures and combinatorial models
Advanced Topics in Algebra
Black Holes and Theoretical Physics","Logarithmic conformal field theory: beyond an introduction (136 citations)
Higher spin AdS3 supergravity and its dual CFT (133 citations)
Modular data and Verlinde formulae for fractional level WZW models I (113 citations)"
Ugo Bruzzo,Universidade Federal de Minas Gerais,BR,"Algebraic Geometry and Number Theory
Algebraic structures and combinatorial models
Homotopy and Cohomology in Algebraic Topology","The Geometry of Supermanifolds (216 citations)
Differential Geometric Methods in Theoretical Physics (103 citations)
Fourier-Mukai and Nahm Transforms in Geometry and Mathematical Physics (77 citations)"
Wu-yen Chuang,National Taiwan University,TW,"Black Holes and Theoretical Physics
Algebraic Geometry and Number Theory
Nonlinear Waves and Solitons","Geometric engineering of (framed) BPS states (74 citations)
Wall Crossing of BPS States on the Conifold from Seiberg Duality and Pyramid Partitions (68 citations)
Wallcrossing and cohomology of the moduli space of Hitchin pairs (51 citations)"
Yi Zhang,First Affiliated Hospital of Zhengzhou University,CN,"Cancer Immunotherapy and Biomarkers
CAR-T cell therapy research
Immunotherapy and Immune Responses","Clinical course and risk factors for mortality of adult inpatients with COVID-19 in Wuhan, China: a retrospective cohort study (29216 citations)
A Trial of Lopinavir–Ritonavir in Adults Hospitalized with Severe Covid-19 (5523 citations)
The Role of Tumoral FOXP3 on Cell Proliferation, Migration, and Invasion in Gastric Cancer (4094 citations)"
Zheng‐Hua Ye,Carnegie Department of Plant Biology,US,"Polysaccharides and Plant Cell Walls
Plant Gene Expression Analysis
Plant Molecular Biology Research","A Battery of Transcription Factors Involved in the Regulation of Secondary Cell Wall Biosynthesis in Arabidopsis (983 citations)
MYB58 and MYB63 Are Transcriptional Activators of the Lignin Biosynthetic Pathway during Secondary Cell Wall Formation in Arabidopsis (892 citations)
SND1, a NAC Domain Transcription Factor, Is a Key Regulator of Secondary Wall Synthesis in Fibers of Arabidopsis (765 citations)"
Amit Khetan,Princeton University,US,"Polynomial and algebraic computation
Commutative Algebra and Its Applications
Algebraic Geometry and Number Theory","The maximum likelihood degree (150 citations)
Solving the Likelihood Equations (116 citations)
The resultant of an unmixed bivariate system (44 citations)"
Bernd Sturmfels,"University of California, Berkeley",US,"Polynomial and algebraic computation
Commutative Algebra and Its Applications
Algebraic Geometry and Number Theory","Gröbner Bases and Convex Polytopes (1131 citations)
Combinatorial Commutative Algebra (959 citations)
Solving Systems of Polynomial Equations (851 citations)"
Chris Peters,Nanyang Technological University,SG,"Algebraic Geometry and Number Theory
Advanced Algebra and Geometry
Homotopy and Cohomology in Algebraic Topology","Compact Complex Surfaces (2023 citations)
Compact Complex Surfaces (977 citations)
Mixed Hodge Structures (238 citations)"
Ciro Ciliberto,University of Rome Tor Vergata,IT,"Algebraic Geometry and Number Theory
Polynomial and algebraic computation
Advanced Algebra and Geometry","Weakly defective varieties (214 citations)
Geometric Aspects of Polynomial Interpolation in More Variables and of Waring’s Problem (130 citations)
Degenerations of planar linear systems (116 citations)"
F. Capocasa,Brandeis University,US,"Particle physics theoretical and experimental studies
High-Energy Particle Collisions Research
Particle Detector Development and Performance","ATLAS flavour-tagging algorithms for the LHC Run 2 pp collision dataset (146 citations)
Observation of quantum entanglement with top quarks at the ATLAS detector (111 citations)
AtlFast3: The Next Generation of Fast Simulation in ATLAS (111 citations)"
Fritz Grunewald,Institute of Structural and Molecular Biology,GB,"Finite Group Theory Research
Advanced Algebra and Geometry
Geometric and Algebraic Topology","Groups Acting on Hyperbolic Space (297 citations)
Subgroups of finite index in nilpotent groups (154 citations)
Varieties of nilpotent Lie algebras of dimension less than six (132 citations)"
Iku Nakamura,Hokkaido University,JP,"Algebraic Geometry and Number Theory
Advanced Algebra and Geometry
Algebraic structures and combinatorial models","Complex parallelisable manifolds and their small deformations (190 citations)
Hilbert schemes of abelian group orbits. (129 citations)
On surfaces of class VII0 with curves (102 citations)"
Ingrid Bauer,University of Bayreuth,DE,"Algebraic Geometry and Number Theory
Advanced Algebra and Geometry
Geometry and complex manifolds","Transgenic rat model of Huntington's disease (350 citations)
Clinical features and neuropathology of autosomal dominant spinocerebellar ataxia (SCA17) (231 citations)
Characterization of a novel 21-kb deletion, CFTRdele2,3(21 kb), in the CFTR gene: a cystic fibrosis mutation of Slavic origin common in Central and East Europe (149 citations)"
JongHae Keum,Korea Institute for Advanced Study,KR,"Algebraic Geometry and Number Theory
Advanced Algebra and Geometry
Geometric and Algebraic Topology","The automorphism groups of Kummer surfaces associated with the product of two elliptic curves (62 citations)
Finite groups of symplectic automorphisms of K3 surfaces in positive characteristic (48 citations)
Birational automorphisms of quartic Hessian surfaces (42 citations)"
Keiji Oguiso,National Center for Theoretical Sciences,TW,"Algebraic Geometry and Number Theory
Advanced Algebra and Geometry
Geometry and complex manifolds","The Mordell-Weil Lattice of a Rational Elliptic Surface (173 citations)
ON ALGEBRAIC FIBER SPACE STRUCTURES ON A CALABI-YAU 3-FOLD (142 citations)
K3 surfaces via almost-primes (85 citations)"
Klaus Hulek,Leibniz University Hannover,DE,"Algebraic Geometry and Number Theory
Advanced Algebra and Geometry
Geometry and complex manifolds","Compact Complex Surfaces (977 citations)
Restricting linear syzygies: algebra and geometry (151 citations)
Monads and moduli of vector bundles (150 citations)"
Lothar Gœttsche,,,"Algebraic Geometry and Number Theory
Advanced Algebra and Geometry
Nonlinear Waves and Solitons","d-very-ample line bundles and embeddings of hilbert schemes of 0-cycles (58 citations)
Vanishing theorems and effective results in algebraic geometry (12 citations)
Local properties and Hilbert schemes of points (6 citations)"
Marco Franciosi,University of Naples Federico II,IT,"Algebraic Geometry and Number Theory
Geometry and complex manifolds
Commutative Algebra and Its Applications","Embeddings of curves and surfaces (83 citations)
Divisors of small genus on algebraic surfaces and projective embeddings (42 citations)
Gorenstein stable surfaces with KX2=1 and pg>0 (21 citations)"
Margarida Mendes Lopes,,,"Algebraic Geometry and Number Theory
Geometric Analysis and Curvature Flows
Geometric and Algebraic Topology","On the classification of irregular surfaces of general type with nonbirational bicanonical map (79 citations)
Remarks on the bicanonical map for surfaces of general type (67 citations)
THE BICANONICAL MAP OF SURFACES WITH pg = 0 AND K2 [ges ] 7 (60 citations)"
Michael Dettweiler,,,"Algebraic Geometry and Number Theory
Advanced Algebra and Geometry
Homotopy and Cohomology in Algebraic Topology","An Algorithm of Katz and its Application to the Inverse Galois Problem (105 citations)
Middle convolution of Fuchsian systems and the construction of rigid differential systems (61 citations)
Hodge Theory of the Middle Convolution (38 citations)"
Miles Reid,,,"Algebraic Geometry and Number Theory
Advanced Algebra and Geometry
Mathematics and Applications","The McKay correspondence as an equivalence of derived categories (604 citations)
Young person’s guide to canonical singularities (407 citations)
Minimal Models of Canonical 3-Folds (298 citations)"
Roberto Pignatelli,,,"Algebraic Geometry and Number Theory
Geometric and Algebraic Topology
Advanced Algebra and Geometry","Surfaces of general type with geometric genus zero: a survey (78 citations)
Quotients of products of curves, new surfaces with p g = 0 and their fundamental groups. (64 citations)
Complex Surfaces of General Type: Some Recent Progress (54 citations)"
Serkan Hoşten,,,"Polynomial and algebraic computation
Commutative Algebra and Its Applications
Algebraic Geometry and Number Theory","The maximum likelihood degree (150 citations)
Solving the Likelihood Equations (116 citations)
Primary Decomposition of Lattice Basis Ideals (76 citations)"
Andrew B. Royston,Fayetteville State University,US,"Black Holes and Theoretical Physics
Cosmology and Gravitation Theories
Particle physics theoretical and experimental studies","Gauge/gravity duality with a chiral 𝒩 = (0, 8) string defect (45 citations)
Localized modes at a D-brane—O-plane intersection and heterotic Alice strings (45 citations)
Parameter counting for singular monopoles on ℝ3 (38 citations)"
Andrew Neitzke,Yale University,US,"Black Holes and Theoretical Physics
Algebraic structures and combinatorial models
Nonlinear Waves and Solitons","Wall-crossing, Hitchin systems, and the WKB approximation (688 citations)
Four-Dimensional Wall-Crossing via Three-Dimensional Field Theory (477 citations)
Asymptotic black hole quasinormal frequencies (388 citations)"
Atish Dabholkar,The Abdus Salam International Centre for Theoretical Physics (ICTP),IT,"Black Holes and Theoretical Physics
Cosmology and Gravitation Theories
Noncommutative and Quantum Gravity Theories","Superstrings and solitons (549 citations)
Nonrenormalization of the superstring tension (330 citations)
Exact Counting of Supersymmetric Black Hole Microstates (329 citations)"
Boris Pioline,Laboratoire de Physique Théorique et Hautes Energies,FR,"Black Holes and Theoretical Physics
Particle physics theoretical and experimental studies
Cosmology and Gravitation Theories","U-duality and M-theory (379 citations)
Precision counting of small black holes (226 citations)
On R4 threshold corrections in type IIB string theory and (p, q)-string instantons (225 citations)"
Christoph A. Keller,Morgan State University,US,"Atmospheric and Environmental Gas Dynamics
Atmospheric chemistry and aerosols
Atmospheric Ozone and Climate","Current and future global climate impacts resulting from COVID-19 (718 citations)
HEMCO v1.0: a versatile, ESMF-compliant component for calculating emissions in atmospheric models (323 citations)
Description of the NASA GEOS Composition Forecast Modeling System GEOS‐CF v1.0 (226 citations)"
Daniel S. Freed,Harvard University,US,"Homotopy and Cohomology in Algebraic Topology
Black Holes and Theoretical Physics
Advanced Operator Algebra Research","Anomalies in string theory with $D$-branes (527 citations)
Instantons and Four-Manifolds (471 citations)
The analysis of elliptic families (428 citations)"
Daniel L. Jafferis,Harvard University Press,US,"Black Holes and Theoretical Physics
Cosmology and Gravitation Theories
Noncommutative and Quantum Gravity Theories","Relative entropy equals bulk relative entropy (551 citations)
Towards the F-theorem: $ \mathcal{N} = 2 $ field theories on the three-sphere (526 citations)
Traversable wormholes via a double trace deformation (511 citations)"
Daniel S. Freed,Harvard University,US,"Homotopy and Cohomology in Algebraic Topology
Black Holes and Theoretical Physics
Advanced Operator Algebra Research","Anomalies in string theory with $D$-branes (527 citations)
Instantons and Four-Manifolds (471 citations)
The analysis of elliptic families (428 citations)"
David Kutasov,Instituto de Física Teórica,ES,"Black Holes and Theoretical Physics
Cosmology and Gravitation Theories
Particle physics theoretical and experimental studies","comments on string theory on $AdS_3$ (510 citations)
Brane dynamics and gauge theory (487 citations)
Entanglement as a probe of confinement (473 citations)"
Davide Gaiotto,Perimeter Institute,CA,"Black Holes and Theoretical Physics
Algebraic structures and combinatorial models
Quantum Chromodynamics and Particle Interactions","Generalized global symmetries (1736 citations)
Liouville Correlation Functions from Four-Dimensional Gauge Theories (1558 citations)
N = 2 dualities (1271 citations)"
Dieter Van den Bleeken,KU Leuven,BE,"Black Holes and Theoretical Physics
Cosmology and Gravitation Theories
Noncommutative and Quantum Gravity Theories","Dirac actions for D-branes on backgrounds with fluxes (148 citations)
Quantizing 𝒩 = 2 multicenter solutions (113 citations)
Torsional Newton–Cartan gravity from the large c expansion of general relativity (106 citations)"
Dmitry Galakhov,,,"Algebraic structures and combinatorial models
Black Holes and Theoretical Physics
Nonlinear Waves and Solitons","Wild wall crossing and BPS giants (61 citations)
Quiver Yangian and Supersymmetric Quantum Mechanics (51 citations)
Gauge/Bethe correspondence from quiver BPS algebras (28 citations)"
Duiliu-Emanuel Diaconescu,"Rutgers, The State University of New Jersey",US,"Black Holes and Theoretical Physics
Algebraic Geometry and Number Theory
Algebraic structures and combinatorial models","Fractional branes and wrapped branes (252 citations)
$E_8$ gauge theory, and a derivation of $K$-theory from $M$-theory (215 citations)
Fractional branes and boundary states in orbifold theories (212 citations)"
Evgeny Andriyash,D-Wave Systems (Canada),CA,"Generative Adversarial Networks and Image Synthesis
Quantum Computing Algorithms and Architecture
Model Reduction and Neural Networks","Observation of topological phenomena in a programmable lattice of 1,800 qubits (332 citations)
Wall-crossing from supersymmetric galaxies (68 citations)
A path towards quantum advantage in training deep generative models with quantum annealers (57 citations)"
Frederik Denef,Columbia University,US,"Black Holes and Theoretical Physics
Cosmology and Gravitation Theories
Noncommutative and Quantum Gravity Theories","Distributions of flux vacua (573 citations)
Split States, Entropy Enigmas, Holes and Halos (413 citations)
Building a Better Racetrack (367 citations)"
Graeme Segal,Seattle Children's Hospital,US,"Homotopy and Cohomology in Algebraic Topology
Advanced Topics in Algebra
Advanced Algebra and Geometry","Loop groups and equations of KdV type (1088 citations)
Categories and cohomology theories (1021 citations)
Classifying spaces and spectral sequences (815 citations)"
Hirosi Ooguri,The University of Tokyo,JP,"Black Holes and Theoretical Physics
Cosmology and Gravitation Theories
Noncommutative and Quantum Gravity Theories","Large N field theories, string theory and gravity (5610 citations)
On the geometry of the string landscape and the swampland (1219 citations)
Distance and de Sitter conjectures on the Swampland (759 citations)"
Hong Liu,Southeast University,CN,"Advanced Photocatalysis Techniques
Electrocatalysts for Energy Conversion
TiO2 Photocatalysis and Solar Cells","Synthesis of Few‐Layer MoS2 Nanosheet‐Coated TiO2 Nanobelt Heterostructures for Enhanced Photocatalytic Activities (1258 citations)
Self-Assembled Copper–Amino Acid Nanoparticles for in Situ Glutathione “AND” H2O2 Sequentially Triggered Chemodynamic Therapy (1236 citations)
Ni3S2 nanorods/Ni foam composite electrode with low overpotential for electrocatalytic oxygen evolution (1039 citations)"
Juan Maldacena,,,"Black Holes and Theoretical Physics
Cosmology and Gravitation Theories
Particle physics theoretical and experimental studies","The large $N$ limit of superconformal field theories and supergravity (14672 citations)
Large N field theories, string theory and gravity (5610 citations)
Non-gaussian features of primordial fluctuations in single field inflationary models (2963 citations)"
Marcos Mariño,University of Geneva,CH,"Black Holes and Theoretical Physics
Algebraic structures and combinatorial models
Quantum Chromodynamics and Particle Interactions","Topological Strings and Integrable Hierarchies (508 citations)
Some exact results on tachyon condensation in string field theory (426 citations)
Localization techniques in quantum field theories (324 citations)"
Matthias R. Gaberdiel,ETH Zurich,CH,"Black Holes and Theoretical Physics
Algebraic structures and combinatorial models
Nonlinear Waves and Solitons","An AdS3 dual for minimal model CFTs (457 citations)
Minimal model holography (299 citations)
The worldsheet dual of the symmetric product CFT (286 citations)"
Nathan Seiberg,Institute for Advanced Study,US,"Black Holes and Theoretical Physics
Particle physics theoretical and experimental studies
Quantum Chromodynamics and Particle Interactions","Electric-magnetic duality, monopole condensation, and confinement in N=2 supersymmetric Yang-Mills theory (3838 citations)
String Theory and Noncommutative Geometry (3217 citations)
Electric-magnetic duality in supersymmetric non-Abelian gauge theories (1818 citations)"
Nikita Nekrasov,Simons Center for Geometry and Physics,US,"Black Holes and Theoretical Physics
Algebraic structures and combinatorial models
Noncommutative and Quantum Gravity Theories","Noncommutative field theory (2126 citations)
Seiberg-Witten Prepotential from Instanton Counting (1913 citations)
Seiberg-Witten Theory and Random Partitions (998 citations)"
Pietro Longhi,Uppsala University,SE,"Black Holes and Theoretical Physics
Algebraic structures and combinatorial models
Homotopy and Cohomology in Algebraic Topology","Neutral Naturalness from Orbifold Higgs Models (137 citations)
The Orbifold Higgs (77 citations)
The vector-like twin Higgs (65 citations)"
Samson L. Shatashvili,,,"Black Holes and Theoretical Physics
Algebraic structures and combinatorial models
Particle physics theoretical and experimental studies","Realization of the Schwinger term in the Gauss law and the possibility of correct quantization of a theory with anomalies (540 citations)
Quantization of Integrable Systems and Four Dimensional Gauge Theories (528 citations)
Supersymmetric Vacua and Bethe Ansatz (393 citations)"
Sanjaye Ramgoolam,Queen Mary University of London,GB,"Black Holes and Theoretical Physics
Algebraic structures and combinatorial models
Noncommutative and Quantum Gravity Theories","Exact correlators of giant gravitons from dual $N = 4$ SYM theory (587 citations)
Lectures on 2D Yang-Mills Theory, Equivariant Cohomology and Topological Field Theories (286 citations)
Exact Correlators of Giant Gravitons from dual N=4 SYM (188 citations)"
Stefan Cordes,"National Heart, Lung, and Blood Institute",US,"Black Holes and Theoretical Physics
Hematopoietic Stem Cell Transplantation
CRISPR and Genetic Engineering","Lectures on 2D Yang-Mills Theory, Equivariant Cohomology and Topological Field Theories (286 citations)
At least 20% donor myeloid chimerism is necessary to reverse the sickle phenotype after allogeneic HSCT (169 citations)
Large N 2D Yang-Mills Theory and Topological String Theory (127 citations)"
Tom Mainiero,,,"Black Holes and Theoretical Physics
Quantum Chromodynamics and Particle Interactions
Algebraic structures and combinatorial models","Wild wall crossing and BPS giants (61 citations)
Algebraicity and Asymptotics: An explosion of BPS indices from algebraic generating series (4 citations)
Homological Tools for the Quantum Mechanic (1 citations)"
Alexander I. Suciu,Northeastern University,US,"Homotopy and Cohomology in Algebraic Topology
Geometric and Algebraic Topology
Algebraic structures and combinatorial models","Characteristic varieties of arrangements (139 citations)
Topology and geometry of cohomology jump loci (114 citations)
The braid monodromy of plane algebraic curves and hyperplane arrangements (101 citations)"
Chao‐Ton Su,Manchester Airport,GB,"Industrial Vision Systems and Defect Detection
Manufacturing Process and Optimization
Scheduling and Optimization Algorithms","An inventory model with deteriorating items under inflation when a delay in payment is permissible (313 citations)
Real-time scheduling for a smart factory using a reinforcement learning approach (229 citations)
Linking innovative product development with customer knowledge: a data-mining approach (202 citations)"
Changlong Zhong,"University at Albany, State University of New York",US,"Algebraic structures and combinatorial models
Advanced Algebra and Geometry
Advanced Combinatorial Mathematics","Equivariant oriented cohomology of flag varieties (34 citations)
A coproduct structure on the formal affine Demazure algebra (28 citations)
Milnor–Witt K-groups of local rings (26 citations)"
Ivan Mirković,University of Massachusetts Amherst,US,"Advanced Algebra and Geometry
Algebraic structures and combinatorial models
Advanced Topics in Algebra","Geometric Langlands duality and representations of algebraic groups over commutative rings (470 citations)
Localization of modules for a semisimple Lie algebra in prime characteristic (135 citations)
Localization of modules for a semisimple Lie algebra in prime characteristic (with an Appendix by R. Bezrukavnikov and S. Riche: Computation for sl(3)) (113 citations)"
Jerzy Weyman,,,"Algebraic structures and combinatorial models
Commutative Algebra and Its Applications
Advanced Combinatorial Mathematics","Quivers with potentials and their representations I: Mutations (454 citations)
Schur functors and Schur complexes (367 citations)
Quivers with potentials and their representations II: Applications to cluster algebras (353 citations)"
Joël Riou,Laboratoire de Mathématiques d'Orsay,FR,"Homotopy and Cohomology in Algebraic Topology
Algebraic Geometry and Number Theory
Algebraic structures and combinatorial models","Dualité de Spanier–Whitehead en géométrie algébrique (53 citations)
Algebraic elliptic cohomology theory and flops I (30 citations)
Catégorie homotopique stable d’un site suspendu avec intervalle (18 citations)"
M. J. LeVine,,,"High-Energy Particle Collisions Research
Particle physics theoretical and experimental studies
Quantum Chromodynamics and Particle Interactions","Experimental and theoretical challenges in the search for the quark–gluon plasma: The STAR Collaboration's critical assessment of the evidence from RHIC collisions (3418 citations)
Systematic measurements of identified particle spectra in pp , d + Au , and Au + Au collisions at the STAR detector (980 citations)
Transverse-Momentum and Collision-Energy Dependence of High- p T Hadron Suppression in A u + A u Collisions at Ultrarelativistic Energies (721 citations)"
Miroslav Rapčák,European Organization for Nuclear Research,CH,"Algebraic structures and combinatorial models
Black Holes and Theoretical Physics
Advanced Algebra and Geometry","Vertex algebras at the corner (155 citations)
Cohomological Hall Algebras, Vertex Algebras and Instantons (71 citations)
Webs of W-algebras (67 citations)"
Vinoth Nandakumar,The University of Sydney,AU,"Algebraic structures and combinatorial models
Advanced Algebra and Geometry
Topic Modeling","Simulation Model to Forecast Project Completion Time (108 citations)
A high-speed analog-to-digital converter using Josephson self-gating-AND comparators (25 citations)
Exotic t-structures for two-block Springer fibres (11 citations)"
Yaping Yang,Baylor Genetics,US,"Genomics and Rare Diseases
Genomic variations and chromosomal abnormalities
Genetics and Neurodevelopmental Disorders","Clinical Whole-Exome Sequencing for the Diagnosis of Mendelian Disorders (2013 citations)
Performance of ACMG-AMP Variant-Interpretation Guidelines among Nine Laboratories in the Clinical Sequencing Exploratory Research Consortium (589 citations)
Truncating mutations of MAGEL2 cause Prader-Willi phenotypes and autism (309 citations)"
Christian Haase,Technische Universität Berlin,DE,"Additive Manufacturing Materials and Processes
Microstructure and Mechanical Properties of Steels
High Entropy Alloys Studies","Native Chemical Ligation at Valine (348 citations)
Mechanical properties and deformation behavior of additively manufactured lattice structures of stainless steel (251 citations)
On the deformation behavior of κ-carbide-free and κ-carbide-containing high-Mn light-weight steel (215 citations)"
Fabrizio Catanese,University of Bayreuth,DE,"Algebraic Geometry and Number Theory
Advanced Algebra and Geometry
Geometry and complex manifolds","Fibred surfaces, varieties isogenous to a product and related moduli spaces (232 citations)
On the moduli spaces of surfaces of general type (199 citations)
The maximum likelihood degree (150 citations)"
Gabriel Kerr,,,"Algebraic structures and combinatorial models
Homotopy and Cohomology in Algebraic Topology
Algebraic Geometry and Number Theory","The Mori program and Non-Fano toric Homological Mirror Symmetry (15 citations)
Weighted blowups and mirror symmetry for toric surfaces (15 citations)
Chaos Synchronization in Discrete-Time Dynamical Systems with Application in Population Dynamics (13 citations)"
Grigory Mikhalkin,,,"Algebraic Geometry and Number Theory
Polynomial and algebraic computation
Geometric and Algebraic Topology","Enumerative tropical algebraic geometry in ℝ² (619 citations)
Tropical Algebraic Geometry (265 citations)
Tropical curves, their Jacobians and theta functions (253 citations)"
Helge Ruddat,University of Stavanger,NO,"Algebraic Geometry and Number Theory
Homotopy and Cohomology in Algebraic Topology
Polynomial and algebraic computation","Local Gromov-Witten invariants are log invariants (42 citations)
Towards mirror symmetry for varieties of general type (32 citations)
Skeleta of affine hypersurfaces (21 citations)"
Ilia Itenberg,Sorbonne Paris Cité,FR,"Algebraic Geometry and Number Theory
Polynomial and algebraic computation
Geometric and Algebraic Topology"," (93 citations)
Tropical Algebraic Geometry (89 citations)
Patchworking algebraic curves disproves the ragsdale conjecture (79 citations)"
Maxim Kontsevich,,,"Algebraic structures and combinatorial models
Homotopy and Cohomology in Algebraic Topology
Advanced Algebra and Geometry","Deformation Quantization of Poisson Manifolds (2454 citations)
Intersection theory on the moduli space of curves and the matrix airy function (1594 citations)
Homological Algebra of Mirror Symmetry (1229 citations)"
Ricardo CastaÃ±o-Bernard,,,Mathematics and Applications,Mirror Symmetry and Tropical Geometry (14 citations)
Ricardo Castaño-Bernard,Max Planck Institute for Mathematics,DE,"Nonlinear Waves and Solitons
Geometric and Algebraic Topology
Geometry and complex manifolds","Symmetries of Lagrangian fibrations (19 citations)
Conifold transitions via affine geometry and mirror symmetry (12 citations)
Homological Mirror Symmetry and Tropical Geometry (11 citations)"
Albrecht Klemm,University of Sheffield,GB,"Black Holes and Theoretical Physics
Algebraic Geometry and Number Theory
Geometry and complex manifolds","Mirror Symmetry (1119 citations)
Geometric engineering of quantum field theories (653 citations)
The Topological Vertex (546 citations)"
Ashoke Sen,International Centre for Theoretical Sciences,IN,"Black Holes and Theoretical Physics
Cosmology and Gravitation Theories
Particle physics theoretical and experimental studies","Rolling Tachyon (1224 citations)
Tachyon Matter (1062 citations)
Tachyon condensation on the brane antibrane system (719 citations)"
Daniel P. Persson,Swedish University of Agricultural Sciences,SE,"Plant Micronutrient Interactions and Effects
Plant Stress Responses and Tolerance
Corrosion Behavior and Inhibition","The molecular–physiological functions of mineral macronutrients and their consequences for deficiency symptoms in plants (601 citations)
Iron fortification of rice seeds through activation of the nicotianamine synthase gene (353 citations)
Simultaneous iron, zinc, sulfur and phosphorus speciation analysis of barley grain tissues using SEC-ICP-MS and IP-ICP-MS (169 citations)"
Elias Furrer,University of Birmingham,GB,"Black Holes and Theoretical Physics
Quantum Chromodynamics and Particle Interactions
Homotopy and Cohomology in Algebraic Topology","Elliptic Loci of SU(3) Vacua (14 citations)
Cutting and gluing with running couplings in N=2 QCD (13 citations)
Four flavors, triality, and bimodular forms (10 citations)"
Erik Verlinde,University of Amsterdam,NL,"Black Holes and Theoretical Physics
Cosmology and Gravitation Theories
Noncommutative and Quantum Gravity Theories","On the origin of gravity and the laws of Newton (1855 citations)
Fusion rules and modular transformations in 2D conformal field theory (1603 citations)
On the holographic renormalization group (712 citations)"
Guillaume Beaujard,Laboratoire de Physique Théorique et Hautes Energies,FR,"Black Holes and Theoretical Physics
Algebraic structures and combinatorial models
Quantum Chromodynamics and Particle Interactions","Vafa–Witten Invariants from Exceptional Collections (37 citations)
Dynamique des trous noirs supersymetriques en supergravite et theorie des cordes (0 citations)
Report on 2103.03205v2 (0 citations)"
Jan de Boer,University of Amsterdam,NL,"3D Printing in Biomedical Research
Bone Tissue Engineering Materials
Mesenchymal stem cell research","Genome sequence and analysis of the tuber crop potato (2132 citations)
Spheroid culture as a tool for creating 3D complex tissues (1058 citations)
Osteoinductive ceramics as a synthetic alternative to autologous bone grafting (741 citations)"
Johannes Aspman,Czech Technical University in Prague,CZ,"Black Holes and Theoretical Physics
Particle physics theoretical and experimental studies
Quantum Chromodynamics and Particle Interactions","Elliptic Loci of SU(3) Vacua (14 citations)
Cutting and gluing with running couplings in N=2 QCD (13 citations)
Four flavors, triality, and bimodular forms (10 citations)"
Miranda C. N. Cheng,University of Amsterdam,NL,"Black Holes and Theoretical Physics
Algebraic structures and combinatorial models
Advanced Algebra and Geometry","A Farey tail for attractor black holes (144 citations)
K3 surfaces, $\mathcal{N}=4$ dyons and the Mathieu group $M_{24}$ (125 citations)
Umbral moonshine (100 citations)"
Sergei Alexandrov,Beihang University,CN,"Metal Forming Simulation Techniques
Metallurgy and Material Forming
High-Velocity Impact and Material Behavior","Singular plastic flow fields near surfaces of maximum friction stress (147 citations)
Comparison of solution behaviour for three models of pressure-dependent plasticity: A simple analytical example (43 citations)
A fracture criterion of aluminum alloys in hot metal forming (40 citations)"
Sergey Alexandrov,Laboratoire Charles Coulomb,FR,"Black Holes and Theoretical Physics
Cosmology and Gravitation Theories
Noncommutative and Quantum Gravity Theories","SU(2) loop quantum gravity seen from covariant theory (137 citations)
SO (4, C )-covariant Ashtekar-Barbero gravity and the Immirzi parameter (110 citations)
Chemical Vapor Deposition Enhanced by Atmospheric Pressure Non‐thermal Non‐equilibrium Plasmas (105 citations)"
Sibasish Banerjee,Institut des Hautes Études Scientifiques,FR,"Black Holes and Theoretical Physics
Algebraic structures and combinatorial models
Particle physics theoretical and experimental studies","Multiple D3-Instantons and Mock Modular Forms I (47 citations)
Indefinite theta series and generalized error functions (42 citations)
Multiple D3-Instantons and Mock Modular Forms II (29 citations)"
Thomas Wotschke,University of Bonn,DE,"Black Holes and Theoretical Physics
Algebraic Geometry and Number Theory
Nonlinear Waves and Solitons","Quantum geometry of elliptic Calabi–Yau manifolds (58 citations)
Wall-Crossing Holomorphic Anomaly and Mock Modularity of Multiple M5-Branes (45 citations)
Quantum geometry of elliptic Calabi-Yau manifolds (14 citations)"
A. Harvey Millar,Fonterra (United States),US,"Photosynthetic Processes and Mechanisms
Mitochondrial Function and Pathology
Plant Stress Responses and Tolerance","Human DNA methylomes at base resolution show widespread epigenomic differences (4822 citations)
Highly Integrated Single-Base Resolution Maps of the Epigenome in Arabidopsis (2506 citations)
Organization and Regulation of Mitochondrial Respiration in Plants (649 citations)"
Akito Sakai,The University of Tokyo,JP,"Rare-earth and actinide compounds
Neutrino Physics Research
Iron-based superconductors research","Evidence for Oscillation of Atmospheric Neutrinos (5128 citations)
Genome-wide association of IL28B with response to pegylated interferon-α and ribavirin therapy for chronic hepatitis C (2141 citations)
Solar B 8 and hep Neutrino Measurements from 1258 Days of Super-Kamiokande Data (1027 citations)"
Aaron M. Wenger,Pacific Biosciences (United States),US,"Genomics and Rare Diseases
Genomics and Phylogenetic Studies
Genomic variations and chromosomal abnormalities","GREAT improves functional interpretation of cis-regulatory regions (5079 citations)
The complete sequence of a human genome (3454 citations)
Accurate circular consensus long-read sequencing improves variant detection and assembly of a human genome (2028 citations)"
Abel Ureta‐Vidal,Genoscope,FR,"T-cell and Retrovirus Studies
Animal Disease Management and Epidemiology
Genomics and Phylogenetic Studies","Initial sequencing and comparative analysis of the mouse genome (7303 citations)
Identification and analysis of functional elements in 1% of the human genome by the ENCODE pilot project (5287 citations)
Genome sequence of the Brown Norway rat yields insights into mammalian evolution (2223 citations)"
Abhishek Sarkar,Government Medical College,IN,"Gene expression and cancer classification
Genetic Associations and Epidemiology
Genomics and Chromatin Dynamics","Integrative analysis of 111 reference human epigenomes (7219 citations)
A Simple New Approach to Variable Selection in Regression, with Application to Genetic Fine Mapping (1225 citations)
Genomic analyses identify hundreds of variants associated with age at menarche and support a role for puberty timing in cancer risk (657 citations)"
Adam Frankish,Bioinformatics Institute,RU,"Genomics and Phylogenetic Studies
RNA and protein synthesis mechanisms
RNA modifications and cancer","An integrated encyclopedia of DNA elements in the human genome (19662 citations)
An integrated map of genetic variation from 1,092 human genomes (8263 citations)
Identification and analysis of functional elements in 1% of the human genome by the ENCODE pilot project (5287 citations)"
Adrian Gomez-Nguyen,Case Western Reserve University,US,"Gut microbiota and health
Inflammatory Bowel Disease
Clostridium difficile and Clostridium perfringens research","N6-methyladenosine-dependent regulation of messenger RNA stability (4917 citations)
The Oral-Gut Axis: Periodontal Diseases and Gastrointestinal Disorders (96 citations)
Regulation of Intestinal Inflammation by Dietary Fats (85 citations)"
Adrian M. Stütz,,,"Cancer Genomics and Diagnostics
Genomic variations and chromosomal abnormalities
Genomics and Phylogenetic Studies","A global reference for human genetic variation (20393 citations)
An integrated map of genetic variation from 1,092 human genomes (8263 citations)
A map of human genome variation from population-scale sequencing (8121 citations)"
Adrian R. Carr,,,"Cancer Immunotherapy and Biomarkers
Cancer Genomics and Diagnostics
Prostate Cancer Treatment and Research","Identification of Functional Elements and Regulatory Circuits by Drosophila modENCODE (1314 citations)
Integrative Analysis of the Caenorhabditis elegans Genome by the modENCODE Project (1043 citations)
InterMine: a flexible data warehouse system for the integration and analysis of heterogeneous biological data (253 citations)"
Adrian R. Krainer,Cold Spring Harbor Laboratory,US,"RNA Research and Splicing
RNA and protein synthesis mechanisms
RNA modifications and cancer","Listening to silence and understanding nonsense: exonic mutations that affect splicing (2222 citations)
The human splicing code reveals new insights into the genetic determinants of disease (1318 citations)
RNA therapeutics: beyond RNA interference and antisense oligonucleotides (1160 citations)"
Ah Young Lee,Pusan National University,KR,"Genomics and Chromatin Dynamics
Epigenetics and DNA Methylation
Ubiquitin and proteasome pathways","Expanded encyclopaedias of DNA elements in the human and mouse genomes (2668 citations)
Chromatin architecture reorganization during stem cell differentiation (1839 citations)
A high-resolution map of the three-dimensional chromatin interactome in human cells (1316 citations)"
Ah-Ram Kim,Massachusetts Institute of Technology,US,"Genomics and Chromatin Dynamics
CRISPR and Genetic Engineering
Epigenetics and DNA Methylation","Integrative analysis of 111 reference human epigenomes (7219 citations)
Quantitative and predictive model of transcriptional control of the Drosophila melanogaster even skipped gene (213 citations)
A synthetic biology approach to the development of transcriptional regulatory models and custom enhancer design (15 citations)"
Aki Minoda,RIKEN Center for Integrative Medical Sciences,JP,"Genomics and Chromatin Dynamics
Single-cell and spatial transcriptomics
Epigenetics and DNA Methylation","Identification of Functional Elements and Regulatory Circuits by Drosophila modENCODE (1314 citations)
Comprehensive analysis of the chromatin landscape in Drosophila melanogaster (913 citations)
Double-Strand Breaks in Heterochromatin Move Outside of a Dynamic HP1a Domain to Complete Recombinational Repair (545 citations)"
Alan P. Boyle,University of Michigan,US,"Genomics and Chromatin Dynamics
RNA and protein synthesis mechanisms
RNA Research and Splicing","An integrated encyclopedia of DNA elements in the human genome (19662 citations)
Annotation of functional variation in personal genomes using RegulomeDB (2885 citations)
An integrated encyclopedia of DNA elements in the human genome (2783 citations)"
Alden Deran,,,"Genetic diversity and population structure
Scientific Computing and Data Management
Genomics and Phylogenetic Studies","Expanded encyclopaedias of DNA elements in the human and mouse genomes (2668 citations)
Toil enables reproducible, open source, big biomedical data analyses (1480 citations)
Progressive Cactus is a multiple-genome aligner for the thousand-genome era (681 citations)"
Aleksandar Milosavljevic,Baylor College of Medicine,US,"Epigenetics and DNA Methylation
Cancer Genomics and Diagnostics
Genomics and Phylogenetic Studies","Comprehensive genomic characterization defines human glioblastoma genes and core pathways (7864 citations)
Somatic mutations affect key pathways in lung adenocarcinoma (2754 citations)
ChIP-seq guidelines and practices of the ENCODE and modENCODE consortia (2259 citations)"
Aleksandar Milosavljevic,Baylor College of Medicine,US,"Epigenetics and DNA Methylation
Cancer Genomics and Diagnostics
Genomics and Phylogenetic Studies","Comprehensive genomic characterization defines human glioblastoma genes and core pathways (7864 citations)
Somatic mutations affect key pathways in lung adenocarcinoma (2754 citations)
ChIP-seq guidelines and practices of the ENCODE and modENCODE consortia (2259 citations)"
Alessandra Breschi,,,"RNA and protein synthesis mechanisms
Genomics and Chromatin Dynamics
RNA Research and Splicing","Expanded encyclopaedias of DNA elements in the human and mouse genomes (2668 citations)
A comparative encyclopedia of DNA elements in the mouse genome (1952 citations)
Perspectives on ENCODE (232 citations)"
Alex Hastie,Arima Genomics (United States),US,"Genomic variations and chromosomal abnormalities
Genomics and Phylogenetic Studies
Chromosomal and Genetic Variations","A chromosome conformation capture ordered sequence of the barley genome (1597 citations)
Improved maize reference genome with single-molecule technologies (1369 citations)
Multi-platform discovery of haplotype-resolved structural variation in human genomes (1052 citations)"
Alex Reynolds,Mayo Clinic in Arizona,US,"Genomics and Chromatin Dynamics
RNA Research and Splicing
Protein Kinase Regulation and GTPase Signaling","An integrated encyclopedia of DNA elements in the human genome (19662 citations)
Systematic Localization of Common Disease-Associated Variation in Regulatory DNA (4113 citations)
The accessible chromatin landscape of the human genome (2935 citations)"
Alexander Dobin,Arc Research Institute,,"Genomics and Phylogenetic Studies
RNA and protein synthesis mechanisms
Single-cell and spatial transcriptomics","STAR: ultrafast universal RNA-seq aligner (57724 citations)
Landscape of transcription in human cells (5425 citations)
An integrated encyclopedia of DNA elements in the human genome (2783 citations)"
Alexander E. Urban,Stanford University,US,"Genomic variations and chromosomal abnormalities
Genomics and Rare Diseases
Cancer Genomics and Diagnostics","CNVnator: An approach to discover, genotype, and characterize typical and atypical CNVs from family and population genome sequencing (1858 citations)
Mapping copy number variation by population-scale genome sequencing (1215 citations)
Paired-End Mapping Reveals Extensive Structural Variation in the Human Genome (1190 citations)"
Alexander Meissner,Freie Universität Berlin,DE,"Epigenetics and DNA Methylation
Pluripotent Stem Cells Research
CRISPR and Genetic Engineering","Integrative analysis of 111 reference human epigenomes (7219 citations)
Genome-wide maps of chromatin state in pluripotent and lineage-committed cells (4211 citations)
DNA methylation: roles in mammalian development (3139 citations)"
Alexander Stark,Medical University of Vienna,AT,"Genomics and Chromatin Dynamics
RNA Research and Splicing
RNA and protein synthesis mechanisms","Discrete Small RNA-Generating Loci as Master Regulators of Transposon Activity in Drosophila (2634 citations)
Histone modifications at human enhancers reflect global cell-type-specific gene expression (2627 citations)
Principles of MicroRNA–Target Recognition (2385 citations)"
Alexandra Bignell,European Bioinformatics Institute,GB,"Genomics and Phylogenetic Studies
RNA and protein synthesis mechanisms
RNA modifications and cancer","GENCODE: The reference human genome annotation for The ENCODE Project (5098 citations)
GENCODE reference annotation for the human and mouse genomes (3556 citations)
An integrated encyclopedia of DNA elements in the human genome (2783 citations)"
Ali Kashif Bashir,Chitkara University,IN,"IoT and Edge/Fog Computing
Blockchain Technology Applications and Security
Network Security and Intrusion Detection","CorrAUC: A Malicious Bot-IoT Traffic Detection Method in IoT Network Using Machine-Learning Techniques (540 citations)
COVID-19 Patient Health Prediction Using Boosted Random Forest Algorithm (520 citations)
Investigating the Acceptance of Mobile Library Applications with an Extended Technology Acceptance Model (TAM) (486 citations)"
Alireza Heravi‐Moussavi,Genome British Columbia,CA,"Epigenetics and DNA Methylation
RNA modifications and cancer
Genomics and Chromatin Dynamics","Integrative analysis of 111 reference human epigenomes (7219 citations)
The clonal and mutational evolution spectrum of primary triple-negative breast cancers (2035 citations)
ARID1A Mutations in Endometriosis-Associated Ovarian Carcinomas (1720 citations)"
Alistair Ward,University of Utah,US,"Genomics and Rare Diseases
Genomics and Phylogenetic Studies
Genetic Associations and Epidemiology","A global reference for human genetic variation (20393 citations)
An integrated map of genetic variation from 1,092 human genomes (8263 citations)
A map of human genome variation from population-scale sequencing (8121 citations)"
Amina Noor,,,"Gene Regulatory Network Analysis
Gene expression and cancer classification
RNA and protein synthesis mechanisms","A global reference for human genetic variation (20393 citations)
An integrated map of structural variation in 2,504 human genomes (2693 citations)
Multi-platform discovery of haplotype-resolved structural variation in human genomes (1052 citations)"
Amira Barkal,Heron Therapeutics (United States),US,"Phagocytosis and Immune Regulation
Cell Adhesion Molecules Research
Monoclonal and Polyclonal Antibodies Research","Expanded encyclopaedias of DNA elements in the human and mouse genomes (2668 citations)
CD24 signalling through macrophage Siglec-10 is a target for cancer immunotherapy (1423 citations)
Engagement of MHC class I by the inhibitory receptor LILRB1 suppresses macrophages and is a target of cancer immunotherapy (570 citations)"
Anand Bhaskar,Abcam (United Kingdom),GB,"Genetic diversity and population structure
Genetic Associations and Epidemiology
Evolution and Genetic Dynamics","Expanded encyclopaedias of DNA elements in the human and mouse genomes (2668 citations)
Genetic profiles of 103,106 individuals in the Taiwan Biobank provide insights into the health and history of Han Chinese (279 citations)
Perspectives on ENCODE (232 citations)"
Anason Halees,King Faisal Specialist Hospital & Research Centre,SA,"RNA and protein synthesis mechanisms
Genomics and Chromatin Dynamics
Genomics and Phylogenetic Studies","Identification and analysis of functional elements in 1% of the human genome by the ENCODE pilot project (5287 citations)
Characterization of Greater Middle Eastern genetic variation for enhanced disease gene discovery (398 citations)
ARED Organism: expansion of ARED reveals AU-rich element cluster variations between human and mouse (141 citations)"
Anastasia Samsonova,University of Oxford,GB,"Chromosomal and Genetic Variations
Genomics and Phylogenetic Studies
Genomics and Chromatin Dynamics","Identification of Functional Elements and Regulatory Circuits by Drosophila modENCODE (1314 citations)
Diversity and dynamics of the Drosophila transcriptome (830 citations)
Comparative analysis of the transcriptome across distant species (326 citations)"
Andrea Tanzer,Max Perutz Labs,AT,"RNA Research and Splicing
RNA and protein synthesis mechanisms
RNA modifications and cancer","An integrated encyclopedia of DNA elements in the human genome (19662 citations)
Landscape of transcription in human cells (5425 citations)
Identification and analysis of functional elements in 1% of the human genome by the ENCODE pilot project (5287 citations)"
Andreas R. Pfenning,Carnegie Mellon University,US,"Genomics and Phylogenetic Studies
Genomics and Chromatin Dynamics
Animal Vocal Communication and Behavior","Integrative analysis of 111 reference human epigenomes (7219 citations)
The genome of a songbird (842 citations)
Comparative host-coronavirus protein interaction networks reveal pan-viral disease mechanisms (819 citations)"
Andres Castillo,Altius Institute for Biomedical Sciences,US,"Genomics and Chromatin Dynamics
RNA and protein synthesis mechanisms
RNA modifications and cancer",Expanded encyclopaedias of DNA elements in the human and mouse genomes (2668 citations)
Andrew Berry,European Bioinformatics Institute,GB,"Genomics and Phylogenetic Studies
RNA and protein synthesis mechanisms
Molecular Biology Techniques and Applications","GENCODE reference annotation for the human and mouse genomes (3556 citations)
An integrated encyclopedia of DNA elements in the human genome (2783 citations)
Expanded encyclopaedias of DNA elements in the human and mouse genomes (2668 citations)"
Andrew D. Smith,University of Southern California,US,"Epigenetics and DNA Methylation
RNA modifications and cancer
Cancer, Hypoxia, and Metabolism","Multiplex PCR method for MinION and Illumina sequencing of Zika and other virus genomes directly from clinical samples (1335 citations)
Analysis of the Vertebrate Insulator Protein CTCF-Binding Sites in the Human Genome (1072 citations)
An integrative genomics approach identifies Hypoxia Inducible Factor-1 (HIF-1)-target genes that form the core response to hypoxia (484 citations)"
Andrew Farrell,University of Utah,US,"Cancer Cells and Metastasis
Proteoglycans and glycosaminoglycans research
Cancer Genomics and Diagnostics","Multi-platform discovery of haplotype-resolved structural variation in human genomes (1052 citations)
An analytical framework for whole-genome sequence association studies and its implications for autism spectrum disorder (353 citations)
Genomic analyses implicate noncoding de novo variants in congenital heart disease (185 citations)"
Andrew Haydock,Center for Infectious Disease Research,US,"Research on Leishmaniasis Studies
Trypanosoma species research and implications
Enzyme Structure and Function","Identification and analysis of functional elements in 1% of the human genome by the ENCODE pilot project (5287 citations)
Genome-scale mapping of DNase I sensitivity in vivo using tiling DNA microarrays (317 citations)
Complete Genome Sequence of the Genetically Tractable Hydrogenotrophic Methanogen Methanococcus maripaludis (227 citations)"
Andrew J. Mungall,Spinal Cord Injury BC,CA,"Cancer Genomics and Diagnostics
Lymphoma Diagnosis and Treatment
RNA modifications and cancer","Initial sequencing and analysis of the human genome (24723 citations)
Integrative analysis of 111 reference human epigenomes (7219 citations)
Comprehensive molecular characterization of gastric adenocarcinoma (6650 citations)"
Andrey A. Gorchakov,Siberian Branch of the Russian Academy of Sciences,RU,"CAR-T cell therapy research
Genomics and Chromatin Dynamics
SARS-CoV-2 and COVID-19 Research","Identification of Functional Elements and Regulatory Circuits by Drosophila modENCODE (1314 citations)
Comprehensive analysis of the chromatin landscape in Drosophila melanogaster (913 citations)
An assessment of histone-modification antibody quality (448 citations)"
Andy Wing Chun Pang,ID Genomics (United States),US,"Genomic variations and chromosomal abnormalities
Genomics and Phylogenetic Studies
Cancer Genomics and Diagnostics","Origins and functional impact of copy number variation in the human genome (2066 citations)
The Diploid Genome Sequence of an Individual Human (1830 citations)
Multi-platform discovery of haplotype-resolved structural variation in human genomes (1052 citations)"
Angela N. Brooks,Santa Cruz County Office of Education,US,"RNA modifications and cancer
Cancer Genomics and Diagnostics
RNA Research and Splicing","Visualizing and interpreting cancer genomics data via the Xena platform (4913 citations)
The repertoire of mutational signatures in human cancer (3843 citations)
A Next Generation Connectivity Map: L1000 Platform and the First 1,000,000 Profiles (3813 citations)"
Angela Tam,Institut Universitaire de Gériatrie de Montréal,CA,"Dementia and Cognitive Impairment Research
Functional Brain Connectivity Studies
Cancer Genomics and Diagnostics","Integrative analysis of 111 reference human epigenomes (7219 citations)
Comprehensive molecular characterization of gastric adenocarcinoma (6650 citations)
An Integrated TCGA Pan-Cancer Clinical Data Resource to Drive High-Quality Survival Outcome Analytics (4045 citations)"
A. L. Yen,University of Central Florida,US,"Particle physics theoretical and experimental studies
High-Energy Particle Collisions Research
Particle Detector Development and Performance","Combined Measurement of the Higgs Boson Mass in p p Collisions at s = 7 and 8 TeV with the ATLAS and CMS Experiments (1354 citations)
Measurements of the Higgs boson production and decay rates and constraints on its couplings from a combined ATLAS and CMS analysis of the LHC pp collision data at s = 7 $$ \sqrt{s}=7 $$ and 8 TeV (1095 citations)
Muon reconstruction performance of the ATLAS detector in proton–proton collision data at $$\sqrt{s}$$ s =13 TeV (736 citations)"
Anindya Dutta,"Birla Institute of Technology and Science, Pilani",IN,"DNA Repair Mechanisms
RNA modifications and cancer
Cancer-related molecular mechanisms research","Identification and analysis of functional elements in 1% of the human genome by the ENCODE pilot project (5287 citations)
p21 in cancer: intricate networks and multiple activities (2779 citations)
DNA Replication in Eukaryotic Cells (2051 citations)"
Ankit Malhotra,Monash University,AU,"Genomics and Phylogenetic Studies
Genomic variations and chromosomal abnormalities
Cancer Genomics and Diagnostics","A global reference for human genetic variation (20393 citations)
Identification and analysis of functional elements in 1% of the human genome by the ENCODE pilot project (5287 citations)
An integrated map of structural variation in 2,504 human genomes (2693 citations)"
Annaïck Carles,Canada's Michael Smith Genome Sciences Centre,CA,"Epigenetics and DNA Methylation
Genomics and Chromatin Dynamics
Acute Myeloid Leukemia Research","Integrative analysis of 111 reference human epigenomes (7219 citations)
Fate mapping of human glioblastoma reveals an invariant stem cell hierarchy (422 citations)
Identification of genes associated with tumorigenesis and metastatic potential of hypopharyngeal cancer by microarray analysis (274 citations)"
AnneMarie E. Welch,Walter and Eliza Hall Institute of Medical Research,AU,"Genomics and Phylogenetic Studies
Genomic variations and chromosomal abnormalities
Mitochondrial Function and Pathology","Multi-platform discovery of haplotype-resolved structural variation in human genomes (1052 citations)
Characterizing the Major Structural Variant Alleles of the Human Genome (584 citations)
High-resolution comparative analysis of great ape genomes (402 citations)"
Anshul Kundaje,Stanford University,US,"Genomics and Chromatin Dynamics
RNA and protein synthesis mechanisms
RNA Research and Splicing","Integrative analysis of 111 reference human epigenomes (7219 citations)
An improved ATAC-seq protocol reduces background and enables interrogation of frozen tissues (2828 citations)
An integrated encyclopedia of DNA elements in the human genome (2783 citations)"
Anthony D. Schmitt,Arima Genomics (United States),US,"Genomics and Chromatin Dynamics
Cancer Genomics and Diagnostics
Lymphoma Diagnosis and Treatment","A high-resolution map of the three-dimensional chromatin interactome in human cells (1316 citations)
A Compendium of Chromatin Contact Maps Reveals Spatially Active Regions in the Human Genome (1006 citations)
Telomere-to-telomere assembly of a complete human X chromosome (842 citations)"
Anthony D’Ippolito,St. Anthony’s Hospital,US,"Genomics and Chromatin Dynamics
Epigenetics and DNA Methylation
Cancer Genomics and Diagnostics","Expanded encyclopaedias of DNA elements in the human and mouse genomes (2668 citations)
Epigenome editing by a CRISPR-Cas9-based acetyltransferase activates genes from promoters and enhancers (1914 citations)
Highly specific epigenome editing by CRISPR-Cas9 repressors for silencing of distal regulatory elements (1067 citations)"
Anthony Kirilusha,Elwyn,US,"Genomics and Chromatin Dynamics
RNA and protein synthesis mechanisms
RNA Research and Splicing","Expanded encyclopaedias of DNA elements in the human and mouse genomes (2668 citations)
A comparative encyclopedia of DNA elements in the mouse genome (1952 citations)
Genetic regulatory signatures underlying islet gene expression and type 2 diabetes (248 citations)"
Anthony Shafer,Altius Institute for Biomedical Sciences,US,"Genomics and Chromatin Dynamics
RNA and protein synthesis mechanisms
Epigenetics and DNA Methylation","Identification and analysis of functional elements in 1% of the human genome by the ENCODE pilot project (5287 citations)
Systematic Localization of Common Disease-Associated Variation in Regulatory DNA (4113 citations)
The accessible chromatin landscape of the human genome (2935 citations)"
Ari Löytynoja,Helsinki Institute of Physics,FI,"Genomics and Phylogenetic Studies
Genetic diversity and population structure
Genetic and phenotypic traits in livestock","Identification and analysis of functional elements in 1% of the human genome by the ENCODE pilot project (5287 citations)
An algorithm for progressive multiple alignment of sequences with insertions (976 citations)
Phylogeny-aware alignment with PRANK (854 citations)"
Arthur E. Beaudet,Baylor College of Medicine,US,"Genomics and Chromatin Dynamics
Epigenetics and DNA Methylation
RNA modifications and cancer","Integrative analysis of 111 reference human epigenomes (7219 citations)
Using Ultrafiltration to Isolate Samples from Various Aquatic Environments: An Evaluation of Retention, Mass Balance, and the Influence of Salinity (0 citations)"
Arthur L. Beaudet,Lunar and Planetary Institute,US,"Genomic variations and chromosomal abnormalities
Prenatal Screening and Diagnostics
Genetic Syndromes and Imprinting","The NIH Roadmap Epigenomics Mapping Consortium (2067 citations)
Clinical Whole-Exome Sequencing for the Diagnosis of Mendelian Disorders (2013 citations)
Expansion of an unstable trinucleotide CAG repeat in spinocerebellar ataxia type 1 (1661 citations)"
Artyom A. Alekseyenko,Intarcia Therapeutics (United States),US,"Genomics and Chromatin Dynamics
Protein Degradation and Inhibitors
Ubiquitin and proteasome pathways","Identification of Functional Elements and Regulatory Circuits by Drosophila modENCODE (1314 citations)
Comprehensive analysis of the chromatin landscape in Drosophila melanogaster (913 citations)
The genomic binding sites of a noncoding RNA (467 citations)"
Ashley D. Sanders,Charité - Universitätsmedizin Berlin,DE,"Genomic variations and chromosomal abnormalities
Chromosomal and Genetic Variations
Genomics and Phylogenetic Studies","A draft human pangenome reference (1219 citations)
Multi-platform discovery of haplotype-resolved structural variation in human genomes (1052 citations)
Haplotype-resolved diverse human genomes and integrated analysis of structural variation (821 citations)"
Ashwinikumar Kulkarni,The University of Texas Southwestern Medical Center,US,"Sleep and Wakefulness Research
Single-cell and spatial transcriptomics
Neuroscience and Neuropharmacology Research","Integrative analysis of 111 reference human epigenomes (7219 citations)
Epigenomic Analysis of Multilineage Differentiation of Human Embryonic Stem Cells (785 citations)
Beyond bulk: a review of single cell transcriptomics methodologies and applications (386 citations)"
Audra Johnson,Altius Institute for Biomedical Sciences,US,"Genomics and Chromatin Dynamics
RNA and protein synthesis mechanisms
RNA Research and Splicing","An integrated encyclopedia of DNA elements in the human genome (19662 citations)
Systematic Localization of Common Disease-Associated Variation in Regulatory DNA (4113 citations)
The accessible chromatin landscape of the human genome (2935 citations)"
Audrey Kim,Grambling State University,US,"Epigenetics and DNA Methylation
Genomics and Chromatin Dynamics
Plant Stress Responses and Tolerance","Topological domains in mammalian genomes identified by analysis of chromatin interactions (7513 citations)
Chromatin architecture reorganization during stem cell differentiation (1839 citations)
Base-Resolution Analysis of 5-Hydroxymethylcytosine in the Mammalian Genome (1061 citations)"
B Bernstein,Dana-Farber Cancer Institute,US,"Epigenetics and DNA Methylation
Genomics and Chromatin Dynamics
Single-cell and spatial transcriptomics","Model-based Analysis of ChIP-Seq (MACS) (20422 citations)
An integrated encyclopedia of DNA elements in the human genome (19662 citations)
Comprehensive Mapping of Long-Range Interactions Reveals Folding Principles of the Human Genome (9780 citations)"
Beatrice Borsari,Universitat de Barcelona,ES,"Genomics and Chromatin Dynamics
RNA Research and Splicing
RNA modifications and cancer","Expanded encyclopaedias of DNA elements in the human and mouse genomes (2668 citations)
Perspectives on ENCODE (232 citations)
Functional annotation of human long noncoding RNAs via molecular phenotyping (199 citations)"
Beatriz Lacerda de Sousa,"University of California, San Francisco",US,"Genomics and Chromatin Dynamics
RNA and protein synthesis mechanisms
RNA Research and Splicing","A comparative encyclopedia of DNA elements in the mouse genome (1952 citations)
A comparative encyclopedia of DNA elements in the mouse genome (0 citations)"
Benedict Paten,Santa Cruz County Office of Education,US,"Genomics and Phylogenetic Studies
Chromosomal and Genetic Variations
RNA and protein synthesis mechanisms","GENCODE reference annotation for the human and mouse genomes (3556 citations)
The complete sequence of a human genome (3454 citations)
Towards complete and error-free genome assemblies of all vertebrate species (3284 citations)"
Benjamin D. Pope,,,"Genomics and Chromatin Dynamics
DNA Repair Mechanisms
Epigenetics and DNA Methylation","A comparative encyclopedia of DNA elements in the mouse genome (1952 citations)
Topologically associating domains are stable units of replication-timing regulation (1014 citations)
Independence of Repressive Histone Marks and Chromatin Compaction during Senescent Heterochromatic Layer Formation (316 citations)"
Benjamin W. Booth,Lawrence Berkeley National Laboratory,US,"Genomics and Phylogenetic Studies
Genomics and Chromatin Dynamics
RNA Research and Splicing","The developmental transcriptome of Drosophila melanogaster (1611 citations)
Identification of Functional Elements and Regulatory Circuits by Drosophila modENCODE (1314 citations)
The Release 6 reference sequence of the Drosophila melanogaster genome (589 citations)"
Beomseok Park,Jeonbuk National University,KR,"Bacterial Genetics and Biotechnology
Probiotics and Fermented Foods
Biochemical and Molecular Research","Base-Resolution Analysis of 5-Hydroxymethylcytosine in the Mammalian Genome (1061 citations)
Kinetic gating mechanism of DNA damage recognition by Rad4/XPC (98 citations)
Tet-mediated covalent labelling of 5-methylcytosine for its genome-wide detection and sequencing (50 citations)"
Bo Ding,Hainan Medical University,CN,"Plant Molecular Biology Research
Single-cell and spatial transcriptomics
Genomics and Chromatin Dynamics","Expanded encyclopaedias of DNA elements in the human and mouse genomes (2668 citations)
TRAF1–C5 as a Risk Locus for Rheumatoid Arthritis — A Genomewide Study (831 citations)
An atlas of dynamic chromatin landscapes in mouse fetal development (450 citations)"
Xinbo Zhang,Zhejiang Pharmaceutical College,CN,"Advancements in Battery Materials
Advanced Battery Materials and Technologies
Advanced battery technologies research","Oxygen electrocatalysts in metal–air batteries: from aqueous to nonaqueous electrolytes (1448 citations)
Electrochemical Reduction of N2 under Ambient Conditions for Artificial N2 Fixation and Renewable Energy Storage Using N2/NH3 Cycle (1159 citations)
ZIF‐8 Derived Graphene‐Based Nitrogen‐Doped Porous Carbon Sheets as Highly Efficient and Durable Oxygen Reduction Electrocatalysts (937 citations)"
Bonnie Berger,Massachusetts Institute of Technology,US,"Protein Structure and Dynamics
Genomics and Phylogenetic Studies
RNA and protein synthesis mechanisms","SARS-CoV-2 Receptor ACE2 Is an Interferon-Stimulated Gene in Human Airway Epithelial Cells and Is Detected in Specific Cell Subsets across Tissues (2495 citations)
Efficient Bayesian mixed-model analysis increases association power in large cohorts (1810 citations)
Ancient human genomes suggest three ancestral populations for present-day Europeans (1493 citations)"
Bradley I. Arshinoff,University of Calgary,CA,"Biomedical Text Mining and Ontologies
Genomics and Phylogenetic Studies
Semantic Web and Ontologies","Identification of Functional Elements and Regulatory Circuits by Drosophila modENCODE (1314 citations)
Integrative Analysis of the Caenorhabditis elegans Genome by the modENCODE Project (1043 citations)
Xenbase: key features and resources of the Xenopus model organism knowledgebase (118 citations)"
Bradley J. Nelson,Robotics Research (United States),US,"Micro and Nano Robotics
Modular Robots and Swarm Intelligence
Microfluidic and Bio-sensing Technologies","Microrobots for Minimally Invasive Medicine (1967 citations)
Artificial bacterial flagella: Fabrication and magnetic control (1197 citations)
Magnetic Helical Micromachines: Fabrication, Controlled Swimming, and Cargo Transport (1173 citations)"
Brenton R. Graveley,UConn Health,US,"RNA Research and Splicing
RNA and protein synthesis mechanisms
RNA modifications and cancer","Expanded encyclopaedias of DNA elements in the human and mouse genomes (2668 citations)
Expansion of the eukaryotic proteome by alternative splicing (2315 citations)
The developmental transcriptome of Drosophila melanogaster (1611 citations)"
Brian A. Williams,California Institute of Technology,US,"RNA Research and Splicing
Single-cell and spatial transcriptomics
Congenital heart defects research","Transcript assembly and quantification by RNA-Seq reveals unannotated transcripts and isoform switching during cell differentiation (16655 citations)
Mapping and quantifying mammalian transcriptomes by RNA-Seq (14420 citations)
Landscape of transcription in human cells (5425 citations)"
Brian G. Oliver,Macquarie University,AU,"Asthma and respiratory diseases
Chronic Obstructive Pulmonary Disease (COPD) Research
Neonatal Respiratory Health Research","A new short-term mouse model of chronic obstructive pulmonary disease identifies a role for mast cell tryptase in pathogenesis (251 citations)
Balance of Matrix Metalloprotease-9 and Tissue Inhibitor of Metalloprotease-1 from Alveolar Macrophages in Cigarette Smokers (242 citations)
Integrative microbiomics in bronchiectasis exacerbations (236 citations)"
Bronwen Aken,European Bioinformatics Institute,GB,"Genomics and Phylogenetic Studies
Chromosomal and Genetic Variations
Genetic diversity and population structure","GENCODE: The reference human genome annotation for The ENCODE Project (5098 citations)
GENCODE reference annotation for the human and mouse genomes (3556 citations)
Ensembl 2018 (2861 citations)"
Budhaditya Banerjee,Harvard University,US,"Genomics and Chromatin Dynamics
RNA and protein synthesis mechanisms
CRISPR and Genetic Engineering","Expanded encyclopaedias of DNA elements in the human and mouse genomes (2668 citations)
Histone H3 Thr-3 Phosphorylation by Haspin Positions Aurora B at Centromeres in Mitosis (481 citations)
High-throughput mapping of regulatory DNA (255 citations)"
Camden Jansen,BD Biosciences (United States),US,"Genomics and Chromatin Dynamics
RNA and protein synthesis mechanisms
RNA Research and Splicing","Expanded encyclopaedias of DNA elements in the human and mouse genomes (2668 citations)
A comparative encyclopedia of DNA elements in the mouse genome (1952 citations)
Systematic phenotyping and characterization of the 5xFAD mouse model of Alzheimer’s disease (513 citations)"
Candice J. Coppola,University of Alabama in Huntsville,US,"Genomics and Chromatin Dynamics
RNA and protein synthesis mechanisms
Cystic Fibrosis Research Advances","Expanded encyclopaedias of DNA elements in the human and mouse genomes (2668 citations)
Perspectives on ENCODE (232 citations)
Occupancy maps of 208 chromatin-associated proteins in one human cell type (178 citations)"
Carles A. Boix,IIT@MIT,US,"Single-cell and spatial transcriptomics
RNA modifications and cancer
Genomics and Chromatin Dynamics","Expanded encyclopaedias of DNA elements in the human and mouse genomes (2668 citations)
GENCODE 2021 (1508 citations)
GENCODE: reference annotation for the human and mouse genomes in 2023 (695 citations)"
Carlo G. Artieri,Guardant (United States),US,"RNA and protein synthesis mechanisms
RNA Research and Splicing
Cancer Genomics and Diagnostics","Evolution of genes and genomes on the Drosophila phylogeny (2129 citations)
The developmental transcriptome of Drosophila melanogaster (1611 citations)
Identification of Functional Elements and Regulatory Circuits by Drosophila modENCODE (1314 citations)"
Carrie Davis,,,"RNA Research and Splicing
Genomics and Chromatin Dynamics
RNA and protein synthesis mechanisms","STAR: ultrafast universal RNA-seq aligner (57724 citations)
Landscape of transcription in human cells (5425 citations)
The GENCODE v7 catalog of human long noncoding RNAs: Analysis of their gene structure, evolution, and expression (5275 citations)"
Cassandra Bazile,Massachusetts Institute of Technology,US,"RNA modifications and cancer
RNA and protein synthesis mechanisms
RNA Research and Splicing","Expanded encyclopaedias of DNA elements in the human and mouse genomes (2668 citations)
A large-scale binding and functional map of human RNA-binding proteins (1426 citations)
Sequence, Structure, and Context Preferences of Human RNA Binding Proteins (630 citations)"
Cassidy Danyko,Fred Hutch Cancer Center,US,"Genomics and Chromatin Dynamics
Single-cell and spatial transcriptomics
RNA modifications and cancer","Expanded encyclopaedias of DNA elements in the human and mouse genomes (2668 citations)
Perspectives on ENCODE (232 citations)
The EN-TEx resource of multi-tissue personal epigenomes & variant-impact models (85 citations)"
Catharine Eastman,Stanford University,US,"Genomics and Chromatin Dynamics
RNA and protein synthesis mechanisms
RNA modifications and cancer",An integrated encyclopedia of DNA elements in the human genome (19662 citations)
Celso A. Espinoza,AbbVie (United States),US,"RNA Research and Splicing
Genomics and Chromatin Dynamics
RNA and protein synthesis mechanisms","A high-resolution map of the three-dimensional chromatin interactome in human cells (1316 citations)
Distinct Epigenomic Landscapes of Pluripotent and Lineage-Committed Human Cells (823 citations)
A global network of transcription factors, involving E2A, EBF1 and Foxo1, that orchestrates B cell fate (517 citations)"
Cui‐Zu Chang,Pennsylvania State University,US,"Topological Materials and Phenomena
Graphene research and applications
Advanced Condensed Matter Physics","Experimental Observation of the Quantum Anomalous Hall Effect in a Magnetic Topological Insulator (3953 citations)
Crossover of the three-dimensional topological insulator Bi2Se3 to the two-dimensional limit (1456 citations)
Observation of fractionally quantized anomalous Hall effect (696 citations)"
Charles B. Epstein,Broad Institute,US,"Genomics and Chromatin Dynamics
Epigenetics and DNA Methylation
Ubiquitin and proteasome pathways","Integrative analysis of 111 reference human epigenomes (7219 citations)
Mapping and analysis of chromatin state dynamics in nine human cell types (3097 citations)
An integrated encyclopedia of DNA elements in the human genome (2783 citations)"
Charles Lee,The Jackson Laboratory for Genomic Medicine,US,"Genomic variations and chromosomal abnormalities
Chromosomal and Genetic Variations
Genomics and Rare Diseases","A global reference for human genetic variation (20393 citations)
The zebrafish reference genome sequence and its relationship to the human genome (5243 citations)
MET Amplification Leads to Gefitinib Resistance in Lung Cancer by Activating ERBB3 Signaling (4497 citations)"
Charles Yu,De La Salle University – Dasmariñas,PH,"Genomics and Phylogenetic Studies
Tuberculosis Research and Epidemiology
Mycobacterium research and diagnosis","Identification of Functional Elements and Regulatory Circuits by Drosophila modENCODE (1314 citations)
Diversity and dynamics of the Drosophila transcriptome (830 citations)
A Protein Complex Network of Drosophila melanogaster (695 citations)"
Chen-Shan Chin,Program for Appropriate Technology in Health,US,"Genomics and Phylogenetic Studies
Chromosomal and Genetic Variations
CRISPR and Genetic Engineering","Nonhybrid, finished microbial genome assemblies from long-read SMRT sequencing data (4367 citations)
The complete sequence of a human genome (3454 citations)
Phased diploid genome assembly with single-molecule real-time sequencing (2250 citations)"
Chengsheng Zhang,First Affiliated Hospital of Nanchang University,CN,"Genomic variations and chromosomal abnormalities
Hepatocellular Carcinoma Treatment and Prognosis
SARS-CoV-2 and COVID-19 Research","An integrated map of genetic variation from 1,092 human genomes (8263 citations)
An integrated map of structural variation in 2,504 human genomes (2693 citations)
Receptor and viral determinants of SARS‐coronavirus adaptation to human ACE2 (1079 citations)"
Cheryl A. Keller,ID Genomics (United States),US,"Genomics and Chromatin Dynamics
Epigenetics and DNA Methylation
Hemoglobinopathies and Related Disorders","A comparative encyclopedia of DNA elements in the mouse genome (1952 citations)
An encyclopedia of mouse DNA elements (Mouse ENCODE) (500 citations)
Principles of regulatory information conservation between mouse and human (313 citations)"
Chia‐An Yen,University of Southern California,US,"Genetics, Aging, and Longevity in Model Organisms
Epigenetics and DNA Methylation
Mitochondrial Function and Pathology","A high-resolution map of the three-dimensional chromatin interactome in human cells (1316 citations)
Epigenomic Analysis of Multilineage Differentiation of Human Embryonic Stem Cells (785 citations)
Integrative analysis of haplotype-resolved epigenomes across human tissues (244 citations)"
Chibo Hong,Universidad Católica de Santa Fe,AR,"Epigenetics and DNA Methylation
Glioma Diagnosis and Treatment
RNA modifications and cancer","Integrative analysis of 111 reference human epigenomes (7219 citations)
Conserved role of intragenic DNA methylation in regulating alternative promoters (1782 citations)
Mutational Analysis Reveals the Origin and Therapy-Driven Evolution of Recurrent Glioma (1407 citations)"
Ruchong Chen,Guangzhou Medical University,CN,"Asthma and respiratory diseases
Respiratory and Cough-Related Research
Chronic Obstructive Pulmonary Disease (COPD) Research","Clinical Characteristics of Coronavirus Disease 2019 in China (31240 citations)
Cancer patients in SARS-CoV-2 infection: a nationwide analysis in China (4607 citations)
Clinical characteristics of 2019 novel coronavirus infection in China (1486 citations)"
Chong‐Lek Koh,Monash University,AU,"Bacterial biofilms and quorum sensing
Bacterial Genetics and Biotechnology
Mosquito-borne diseases and control","Multi-platform discovery of haplotype-resolved structural variation in human genomes (1052 citations)
Isolation of Nipah virus from Malaysian Island flying-foxes (630 citations)
Plant-Derived Natural Products as Sources of Anti-Quorum Sensing Compounds (269 citations)"
Chris Zaleski,University of Leicester,GB,"RNA and protein synthesis mechanisms
Genomics and Chromatin Dynamics
RNA Research and Splicing","STAR: ultrafast universal RNA-seq aligner (57724 citations)
An integrated encyclopedia of DNA elements in the human genome (19662 citations)
Landscape of transcription in human cells (5425 citations)"
Christapher S. Morrissey,DNAnexus (United States),US,"Genomics and Chromatin Dynamics
Epigenetics and DNA Methylation
MicroRNA in disease regulation","A comparative encyclopedia of DNA elements in the mouse genome (1952 citations)
Analysis of individual cells identifies cell‐to‐cell variability following induction of cellular senescence (240 citations)
TGFβ signaling is associated with changes in inflammatory gene expression and perineuronal net degradation around inhibitory neurons following various neurological insults (137 citations)"
Christina W. Ching,The University of Texas Southwestern Medical Center,US,"Genomics and Chromatin Dynamics
RNA and protein synthesis mechanisms
RNA Research and Splicing","Distinct and predictive chromatin signatures of transcriptional promoters and enhancers in the human genome (3518 citations)
Histone modifications at human enhancers reflect global cell-type-specific gene expression (2627 citations)
Early Masseter to Facial Nerve Transfer May Improve Smile Excursion in Facial Paralysis (27 citations)"
Christine Lambert,Pacific Biosciences (United States),US,"HIV/AIDS drug development and treatment
HIV Research and Treatment
Child Nutrition and Water Access","External beam accelerated partial breast irradiation versus whole breast irradiation after breast conserving surgery in women with ductal carcinoma in situ and node-negative breast cancer (RAPID): a randomised controlled trial (433 citations)
Protein, amino acid and mineral composition of some edible insects from Thailand (250 citations)
Antagonistic effects of thyrotropin and epidermal growth factor on thyroglobulin mRNA level in cultured thyroid cells (116 citations)"
Christof Koch,Tiny Blue Dot Foundation,,"Neural dynamics and brain function
Visual perception and processing mechanisms
Neuroscience and Neural Engineering","A model of saliency-based visual attention for rapid scene analysis (11381 citations)
Computational modelling of visual attention (4794 citations)
The origin of extracellular fields and currents — EEG, ECoG, LFP and spikes (4517 citations)"
Christopher A. Bristow,The University of Texas MD Anderson Cancer Center,US,"Cancer Genomics and Diagnostics
Pancreatic and Hepatic Oncology Research
Cancer, Hypoxia, and Metabolism","Comprehensive molecular characterization of gastric adenocarcinoma (6650 citations)
Genomic Classification of Cutaneous Melanoma (3295 citations)
The Molecular Taxonomy of Primary Prostate Cancer (3292 citations)"
Christopher B. Burge,Massachusetts Institute of Technology,US,"RNA Research and Splicing
RNA and protein synthesis mechanisms
RNA modifications and cancer","Initial sequencing and analysis of the human genome (24723 citations)
Conserved Seed Pairing, Often Flanked by Adenosines, Indicates that Thousands of Human Genes are MicroRNA Targets (12021 citations)
Most mammalian mRNAs are conserved targets of microRNAs (8629 citations)"
Christopher D. Brown,University of Pennsylvania,US,"Genetic Associations and Epidemiology
RNA Research and Splicing
RNA modifications and cancer","Identification of Functional Elements and Regulatory Circuits by Drosophila modENCODE (1314 citations)
Integrative and Comparative Genomic Analysis of HPV-Positive and HPV-Negative Head and Neck Squamous Cell Carcinomas (669 citations)
The GTEx Consortium atlas of genetic regulatory effects across human tissues (413 citations)"
Christopher Harbison,Bristol-Myers Squibb (United States),US,"Cancer Immunotherapy and Biomarkers
Lung Cancer Treatments and Mutations
Colorectal Cancer Treatments and Studies","Nivolumab versus Docetaxel in Advanced Nonsquamous Non–Small-Cell Lung Cancer (9536 citations)
Nivolumab versus Docetaxel in Advanced Squamous-Cell Non–Small-Cell Lung Cancer (8617 citations)
Genetic Basis for Clinical Response to CTLA-4 Blockade in Melanoma (4411 citations)"
Christopher J. Wilson,Editas Medicine (United States),US,"CRISPR and Genetic Engineering
Computational Drug Discovery Methods
RNA and protein synthesis mechanisms","The Cancer Cell Line Encyclopedia enables predictive modelling of anticancer drug sensitivity (8615 citations)
Bidirectional Transport of Amino Acids Regulates mTOR and Autophagy (1792 citations)
COT drives resistance to RAF inhibition through MAP kinase pathway reactivation (1468 citations)"
Christopher M. Taylor,Louisiana State University Health Sciences Center New Orleans,US,"Gut microbiota and health
Reproductive tract infections research
Urinary Tract Infections Management","PICRUSt2 for prediction of metagenome functions (6901 citations)
Identification and analysis of functional elements in 1% of the human genome by the ENCODE pilot project (5287 citations)
Spanner: Google's globally-distributed database (820 citations)"
Chuan He,Nanjing Medical University,CN,"RNA modifications and cancer
Epigenetics and DNA Methylation
Cancer-related gene regulation","N6-methyladenosine-dependent regulation of messenger RNA stability (4917 citations)
N6-Methyladenosine in nuclear RNA is a major substrate of the obesity-associated FTO (4214 citations)
ALKBH5 Is a Mammalian RNA Demethylase that Impacts RNA Metabolism and Mouse Fertility (3723 citations)"
Chunxu Qu,Dalian University of Technology,CN,"Structural Health Monitoring Techniques
Acute Lymphoblastic Leukemia research
Acute Myeloid Leukemia Research","Distinct and predictive chromatin signatures of transcriptional promoters and enhancers in the human genome (3518 citations)
Somatic histone H3 alterations in pediatric diffuse intrinsic pontine gliomas and non-brainstem glioblastomas (1764 citations)
The genomic landscape of diffuse intrinsic pontine glioma and pediatric non-brainstem high-grade glioma (1159 citations)"
Chun‐Xiao Song,Ludwig Cancer Research,GB,"Epigenetics and DNA Methylation
RNA modifications and cancer
Cancer-related gene regulation","Tet-Mediated Formation of 5-Carboxylcytosine and Its Excision by TDG in Mammalian DNA (2794 citations)
Tet2 Loss Leads to Increased Hematopoietic Stem Cell Self-Renewal and Myeloid Transformation (1331 citations)
Selective chemical labeling reveals the genome-wide distribution of 5-hydroxymethylcytosine (1110 citations)"
Claire Davidson,University of Glasgow,GB,"Genomics and Phylogenetic Studies
Olfactory and Sensory Function Studies
RNA and protein synthesis mechanisms","An integrated encyclopedia of DNA elements in the human genome (19662 citations)
An integrated encyclopedia of DNA elements in the human genome (2783 citations)
Expanded encyclopaedias of DNA elements in the human and mouse genomes (2668 citations)"
Colin N. Dewey,University of Wisconsin–Madison,US,"Genomics and Phylogenetic Studies
RNA and protein synthesis mechanisms
RNA modifications and cancer","RSEM: accurate transcript quantification from RNA-Seq data with or without a reference genome (23936 citations)
De novo transcript sequence reconstruction from RNA-seq using the Trinity platform for reference generation and analysis (9263 citations)
Initial sequencing and comparative analysis of the mouse genome (7303 citations)"
Conor Nodzak,Directorate-General for Interpretation,BE,"Genomics and Phylogenetic Studies
Genetic Mapping and Diversity in Plants and Animals
Genomics and Rare Diseases","Multi-platform discovery of haplotype-resolved structural variation in human genomes (1052 citations)
Human-specific tandem repeat expansion and differential gene expression during primate evolution (160 citations)
Multi-platform discovery of haplotype-resolved structural variation in human genomes (158 citations)"
Craig M. Thompson,Pacific Southwest Research Station,US,"Wildlife Ecology and Conservation
Fire effects on ecosystems
Species Distribution and Climate Change","Transcriptional Regulatory Networks in Saccharomyces cerevisiae (3011 citations)
A multisubunit complex associated with the RNA polymerase II CTD and TATA-binding protein in yeast (477 citations)
A kinase–cyclin pair in the RNA polymerase II holoenzyme (420 citations)"
Cricket A. Sloan,"University of California, Santa Cruz",US,"Genomics and Chromatin Dynamics
RNA and protein synthesis mechanisms
RNA modifications and cancer",An integrated encyclopedia of DNA elements in the human genome (19662 citations)
Cristian Coarfa,Children's Cancer Center,US,"Cancer, Lipids, and Metabolism
Epigenetics and DNA Methylation
RNA modifications and cancer","Integrative analysis of 111 reference human epigenomes (7219 citations)
The Somatic Genomic Landscape of Chromophobe Renal Cell Carcinoma (872 citations)
Comparison of sequencing-based methods to profile DNA methylation and identification of monoallelic epigenetic modifications (742 citations)"
Cédric Notredame,Centre for Genomic Regulation,ES,"Genomics and Phylogenetic Studies
RNA and protein synthesis mechanisms
Machine Learning in Bioinformatics","An integrated encyclopedia of DNA elements in the human genome (19662 citations)
T-coffee: a novel method for fast and accurate multiple sequence alignment 1 1Edited by J. Thornton (7085 citations)
The GENCODE v7 catalog of human long noncoding RNAs: Analysis of their gene structure, evolution, and expression (5275 citations)"
David Vetrie,Blood Cancer UK,GB,"Chronic Myeloid Leukemia Treatments
Chronic Lymphocytic Leukemia Research
Acute Myeloid Leukemia Research","Requirement of bic/microRNA-155 for Normal Immune Function (1847 citations)
The gene involved in X-linked agammaglobulinaemia is a member of the src family of protein-tyrosine kinases (1471 citations)
DNA microarrays for comparative genomic hybridization based on DOP‐PCR amplification of BAC and PAC clones (466 citations)"
D. Benjamin Gordon,Massachusetts Institute of Technology,US,"Monetary Policy and Economic Impact
Economic theories and models
Economic Theory and Policy","Rules, discretion and reputation in a model of monetary policy (3657 citations)
Transcriptional Regulatory Networks in Saccharomyces cerevisiae (3011 citations)
A Positive Theory of Monetary Policy in a Natural Rate Model (2238 citations)"
Dali Han,China National Center for Biotechnology Development,CN,"RNA modifications and cancer
Epigenetics and DNA Methylation
RNA and protein synthesis mechanisms","N6-methyladenosine-dependent regulation of messenger RNA stability (4917 citations)
N6-methyladenosine Modulates Messenger RNA Translation Efficiency (3660 citations)
A METTL3–METTL14 complex mediates mammalian nuclear RNA N6-adenosine methylation (3630 citations)"
Damian Keefe,,,"Genomics and Chromatin Dynamics
RNA and protein synthesis mechanisms
Genomics and Phylogenetic Studies","An integrated encyclopedia of DNA elements in the human genome (19662 citations)
Identification and analysis of functional elements in 1% of the human genome by the ENCODE pilot project (5287 citations)
An integrated encyclopedia of DNA elements in the human genome (2783 citations)"
Daniel Barrell,AstraZeneca (Singapore),SG,"Bioinformatics and Genomic Networks
Genomics and Phylogenetic Studies
Biomedical Text Mining and Ontologies","GENCODE: The reference human genome annotation for The ENCODE Project (5098 citations)
Ensembl 2018 (2861 citations)
An integrated encyclopedia of DNA elements in the human genome (2783 citations)"
Daniel Bates,Altius Institute for Biomedical Sciences,US,"Genomics and Chromatin Dynamics
RNA Research and Splicing
RNA and protein synthesis mechanisms","An integrated encyclopedia of DNA elements in the human genome (19662 citations)
Systematic Localization of Common Disease-Associated Variation in Regulatory DNA (4113 citations)
The accessible chromatin landscape of the human genome (2935 citations)"
Daniel Domı́nguez,UNC Lineberger Comprehensive Cancer Center,,"Physics of Superconductivity and Magnetism
Quantum and electron transport phenomena
Theoretical and Computational Physics","Expanded encyclopaedias of DNA elements in the human and mouse genomes (2668 citations)
Perspectives on ENCODE (232 citations)
Observation of Gravitational Waves from the Coalescence of a 2.5–4.5 M ⊙ Compact Object and a Neutron Star (200 citations)"
Daniel Estrada Acevedo,Universidad de Oviedo,ES,"Genomics and Chromatin Dynamics
Chromosomal and Genetic Variations
High-Energy Particle Collisions Research","Identification of Functional Elements and Regulatory Circuits by Drosophila modENCODE (1314 citations)
Sequence Finishing and Mapping of Drosophila melanogaster Heterochromatin (341 citations)
Pericentromeric heterochromatin is hierarchically organized and spatially contacts H3K9me2 islands in euchromatin (47 citations)"
Daniel J. Bates,,,"Polynomial and algebraic computation
Advanced Numerical Analysis Techniques
Commutative Algebra and Its Applications","Expanded encyclopaedias of DNA elements in the human and mouse genomes (2668 citations)
Exploring the phenotypic consequences of tissue specific gene expression variation inferred from GWAS summary statistics (1261 citations)
Numerically Solving Polynomial Systems with Bertini (358 citations)"
Daniel L. Vera,Palm Beach Research Center,US,"Genomics and Chromatin Dynamics
Epigenetics and DNA Methylation
Chromosomal and Genetic Variations","Topologically associating domains are stable units of replication-timing regulation (1014 citations)
Reprogramming to recover youthful epigenetic information and restore vision (865 citations)
Loss of epigenetic information as a cause of mammalian aging (648 citations)"
Daniel M. Czyż,University of Florida,US,"Brucella: diagnosis, epidemiology, treatment
Genetics, Aging, and Longevity in Model Organisms
Escherichia coli research studies","Metabolic regulation of gene expression by histone lactylation (4318 citations)
Gallium disrupts bacterial iron metabolism and has therapeutic effects in mice and humans with lung infections (366 citations)
Identification of a Tissue-Selective Heat Shock Response Regulatory Network (125 citations)"
Daniel Marbach,Roche (Switzerland),CH,"Cancer Immunotherapy and Biomarkers
Bioinformatics and Genomic Networks
Gene Regulatory Network Analysis","Wisdom of crowds for robust gene network inference (1800 citations)
Identification of Functional Elements and Regulatory Circuits by Drosophila modENCODE (1314 citations)
Revealing strengths and weaknesses of methods for gene network inference (798 citations)"
Daniel R. Chee,Altius Institute for Biomedical Sciences,US,"Genomics and Chromatin Dynamics
Advanced biosensing and bioanalysis techniques
RNA and protein synthesis mechanisms","Expanded encyclopaedias of DNA elements in the human and mouse genomes (2668 citations)
Perspectives on ENCODE (232 citations)
Positively selected enhancer elements endow osteosarcoma cells with metastatic competence (177 citations)"
Daniele Canzio,"University of California, San Francisco",US,"RNA Research and Splicing
Genomics and Chromatin Dynamics
RNA and protein synthesis mechanisms","CRISPR Inversion of CTCF Sites Alters Genome Topology and Enhancer/Promoter Function (1069 citations)
Chromodomain-Mediated Oligomerization of HP1 Suggests a Nucleosome-Bridging Mechanism for Heterochromatin Assembly (359 citations)
Structural Basis of Silencing: Sir3 BAH Domain in Complex with a Nucleosome at 3.0 Å Resolution (272 citations)"
Danny Antaki,,,"Genomic variations and chromosomal abnormalities
Genomics and Rare Diseases
Genomics and Phylogenetic Studies","A global reference for human genetic variation (20393 citations)
An integrated map of structural variation in 2,504 human genomes (2693 citations)
Contribution of copy number variants to schizophrenia from a genome-wide study of 41,321 subjects (1158 citations)"
Danny Leung,,,"Firm Innovation and Growth
Genomics and Chromatin Dynamics
Epigenetics and DNA Methylation","Integrative analysis of 111 reference human epigenomes (7219 citations)
Proviral silencing in embryonic stem cells requires the histone methyltransferase ESET (829 citations)
Epigenomic Analysis of Multilineage Differentiation of Human Embryonic Stem Cells (785 citations)"
Daofeng Li,Washington University in St. Louis,US,"Epigenetics and DNA Methylation
Genomics and Chromatin Dynamics
RNA modifications and cancer","Integrative analysis of 111 reference human epigenomes (7219 citations)
The 3D Genome Browser: a web-based browser for visualizing 3D genome organization and long-range chromatin interactions (587 citations)
The Human Pangenome Project: a global resource to map genomic diversity (578 citations)"
David A. Nix,Huntsman Cancer Institute,US,"Oral Health Pathology and Treatment
Hidradenitis Suppurativa and Treatments
Cancer Genomics and Diagnostics","Identification and analysis of functional elements in 1% of the human genome by the ENCODE pilot project (5287 citations)
RNA Maps Reveal New RNA Classes and a Possible Function for Pervasive Transcription (2601 citations)
Distinctive chromatin in human sperm packages genes for embryo development (1328 citations)"
David Haussler,Santa Cruz County Office of Education,US,"Genomics and Phylogenetic Studies
Cancer Genomics and Diagnostics
Chromosomal and Genetic Variations","Initial sequencing and analysis of the human genome (24723 citations)
Initial sequencing and comparative analysis of the mouse genome (7303 citations)
Integrative analysis of 111 reference human epigenomes (7219 citations)"
David K. Gifford,Massachusetts Institute of Technology,US,"Genomics and Chromatin Dynamics
Gene expression and cancer classification
RNA Research and Splicing","Core Transcriptional Regulatory Circuitry in Human Embryonic Stem Cells (4527 citations)
Transcriptional Regulatory Networks in Saccharomyces cerevisiae (3011 citations)
Expanded encyclopaedias of DNA elements in the human and mouse genomes (2668 citations)"
David M. Bodine,National Human Genome Research Institute,US,"Virus-based gene therapy research
RNA modifications and cancer
Hemoglobinopathies and Related Disorders","Expanded encyclopaedias of DNA elements in the human and mouse genomes (2668 citations)
Mobilized bone marrow cells repair the infarcted heart, improving function and survival (2092 citations)
Selection of Drug-Resistant Bone Marrow Cells in Vivo After Retroviral Transfer of Human MDR 1 (494 citations)"
David M. Gilbert,San Diego Biomedical Research Institute,US,"Genomics and Chromatin Dynamics
DNA Repair Mechanisms
Epigenetics and DNA Methylation","Expanded encyclopaedias of DNA elements in the human and mouse genomes (2668 citations)
A comparative encyclopedia of DNA elements in the mouse genome (1952 citations)
Topologically associating domains are stable units of replication-timing regulation (1014 citations)"
David M. MacAlpine,Duke University Hospital,US,"Genomics and Chromatin Dynamics
DNA Repair Mechanisms
Epigenetics and DNA Methylation","Identification of Functional Elements and Regulatory Circuits by Drosophila modENCODE (1314 citations)
Comprehensive analysis of the chromatin landscape in Drosophila melanogaster (913 citations)
Unlocking the secrets of the genome (824 citations)"
David McCleary,Queen's University Belfast,GB,"AI in cancer detection
Genomics and Chromatin Dynamics
RNA and protein synthesis mechanisms","A comparative encyclopedia of DNA elements in the mouse genome (1952 citations)
A map of the cis-regulatory sequences in the mouse genome (1462 citations)
Epigenetic memory at embryonic enhancers identified in DNA methylation maps from adult mouse tissues (513 citations)"
David Porubskỳ,European Molecular Biology Laboratory,DE,"Genomics and Phylogenetic Studies
Genomic variations and chromosomal abnormalities
Chromosomal and Genetic Variations","The complete sequence of a human genome (3454 citations)
A draft human pangenome reference (1219 citations)
Multi-platform discovery of haplotype-resolved structural variation in human genomes (1052 citations)"
David Sturgill,Center for Cancer Research,US,"RNA and protein synthesis mechanisms
RNA modifications and cancer
Genomics and Chromatin Dynamics","Evolution of genes and genomes on the Drosophila phylogeny (2129 citations)
The developmental transcriptome of Drosophila melanogaster (1611 citations)
Identification of Functional Elements and Regulatory Circuits by Drosophila modENCODE (1314 citations)"
David U. Gorkin,Emory University,US,"Genomics and Chromatin Dynamics
RNA modifications and cancer
Epigenetics and DNA Methylation","Expanded encyclopaedias of DNA elements in the human and mouse genomes (2668 citations)
CRISPR Inversion of CTCF Sites Alters Genome Topology and Enhancer/Promoter Function (1069 citations)
Multi-platform discovery of haplotype-resolved structural variation in human genomes (1052 citations)"
Deanna M. Church,,,"Genomics and Phylogenetic Studies
Genomics and Rare Diseases
Cancer Genomics and Diagnostics","Initial sequencing and analysis of the human genome (24723 citations)
A global reference for human genetic variation (20393 citations)
Initial sequencing and comparative analysis of the mouse genome (7303 citations)"
Declan Clarke,,,"Bioinformatics and Genomic Networks
Genetic Associations and Epidemiology
RNA and protein synthesis mechanisms","A global reference for human genetic variation (20393 citations)
An integrated map of genetic variation from 1,092 human genomes (8263 citations)
Expanded encyclopaedias of DNA elements in the human and mouse genomes (2668 citations)"
Deepti Jain,,,"Genetic Associations and Epidemiology
Genomics and Rare Diseases
Epigenetics and DNA Methylation","Sequencing of 53,831 diverse genomes from the NHLBI TOPMed Program (2363 citations)
Inherited causes of clonal haematopoiesis in 97,691 whole genomes (763 citations)
Assessing the contribution of rare variants to complex trait heritability from whole-genome sequence data (369 citations)"
Deyou Zheng,Albert Einstein College of Medicine,US,"Single-cell and spatial transcriptomics
Sarcoma Diagnosis and Treatment
Epigenetics and DNA Methylation","Identification and analysis of functional elements in 1% of the human genome by the ENCODE pilot project (5287 citations)
Distinct Factors Control Histone Variant H3.3 Localization at Specific Genomic Regions (1292 citations)
Glucocorticoid Receptor Confers Resistance to Antiandrogens by Bypassing Androgen Receptor Blockade (1013 citations)"
Y. Zhang,Tsinghua University,CN,"Particle physics theoretical and experimental studies
Quantum Chromodynamics and Particle Interactions
High-Energy Particle Collisions Research","Electric Field Effect in Atomically Thin Carbon Films (66798 citations)
Experimental and theoretical challenges in the search for the quark–gluon plasma: The STAR Collaboration's critical assessment of the evidence from RHIC collisions (3418 citations)
Observation of J / ψ p Resonances Consistent with Pentaquark States in Λ b 0 → J / ψ K − p Decays (1306 citations)"
Diana C.J. Spierings,Max Planck Institute for Biology of Ageing,DE,"Cancer Genomics and Diagnostics
Cancer-related Molecular Pathways
Cancer, Hypoxia, and Metabolism","Multi-platform discovery of haplotype-resolved structural variation in human genomes (1052 citations)
Centrosome Amplification Is Sufficient to Promote Spontaneous Tumorigenesis in Mammals (403 citations)
cGAS–STING drives the IL-6-dependent survival of chromosomally instable cancers (381 citations)"
Diane E. Dickel,Lawrence Berkeley National Laboratory,US,"Genomics and Chromatin Dynamics
RNA Research and Splicing
Epigenetics and DNA Methylation","Microduplications of 16p11.2 are associated with schizophrenia (742 citations)
Enhancer redundancy provides phenotypic robustness in mammalian development (727 citations)
A recurrent 16p12.1 microdeletion supports a two-hit model for severe developmental delay (679 citations)"
Diane Trout,California Institute of Technology,US,"Genomics and Chromatin Dynamics
RNA and protein synthesis mechanisms
RNA modifications and cancer",An integrated encyclopedia of DNA elements in the human genome (19662 citations)
Dillon Lee,University of Utah,US,"Genomics and Phylogenetic Studies
Genomics and Rare Diseases
Genetics, Bioinformatics, and Biomedical Research","Multi-platform discovery of haplotype-resolved structural variation in human genomes (1052 citations)
Human-specific tandem repeat expansion and differential gene expression during primate evolution (160 citations)
Multi-platform discovery of haplotype-resolved structural variation in human genomes (158 citations)"
Dmitri D. Pervouchine,Medical Technologies (Czechia),CZ,"RNA Research and Splicing
RNA and protein synthesis mechanisms
RNA modifications and cancer","Expanded encyclopaedias of DNA elements in the human and mouse genomes (2668 citations)
A comparative encyclopedia of DNA elements in the mouse genome (1952 citations)
The human transcriptome across tissues and individuals (1441 citations)"
Dmitri Loukinov,National Institute of Allergy and Infectious Diseases,US,"Epigenetics and DNA Methylation
Genomics and Chromatin Dynamics
Genetic Syndromes and Imprinting","Analysis of the Vertebrate Insulator Protein CTCF-Binding Sites in the Human Genome (1072 citations)
Functional association of CTCF with the insulator upstream of the H19 gene is parent of origin-specific and methylation-sensitive (448 citations)
BORIS, a novel male germ-line-specific protein associated with epigenetic reprogramming events, shares the same 11-zinc-finger domain with CTCF, the insulator protein involved in reading imprinting marks in the soma (391 citations)"
Dongjun Chung,The Ohio State University,US,"Immune cells in cancer
Gene expression and cancer classification
Single-cell and spatial transcriptomics","Expanded encyclopaedias of DNA elements in the human and mouse genomes (2668 citations)
Metabolic Regulation of Gene Expression by Histone Lysine β-Hydroxybutyrylation (763 citations)
Androgen conspires with the CD8 + T cell exhaustion program and contributes to sex bias in cancer (254 citations)"
Dongwon Lee,Chung-Ang University,KR,"Topic Modeling
Misinformation and Its Impacts
Advanced Database Systems and Queries","FakeNewsNet: A Data Repository with News Content, Social Context, and Spatiotemporal Information for Studying Fake News on Social Media (1150 citations)
dEFEND (617 citations)
“Fake News” Is Not Simply False Information: A Concept Explication and Taxonomy of Online Content (488 citations)"
Douglas Dunn,Altius Institute for Biomedical Sciences,US,"Genomics and Chromatin Dynamics
RNA Research and Splicing
RNA and protein synthesis mechanisms","An integrated encyclopedia of DNA elements in the human genome (19662 citations)
The accessible chromatin landscape of the human genome (2935 citations)
An integrated encyclopedia of DNA elements in the human genome (2783 citations)"
Douglass Dunn,Altius Institute for Biomedical Sciences,US,"Genomics and Chromatin Dynamics
RNA and protein synthesis mechanisms
Epigenetics and DNA Methylation","Expanded encyclopaedias of DNA elements in the human and mouse genomes (2668 citations)
Perspectives on ENCODE (232 citations)
Integrated epigenomic profiling reveals endogenous retrovirus reactivation in renal cell carcinoma (39 citations)"
Drew T. Erickson,Stanford University,US,"Genomics and Chromatin Dynamics
Visual perception and processing mechanisms
Neural dynamics and brain function","A comparative encyclopedia of DNA elements in the mouse genome (1952 citations)
Predicting Phenotype from Genotype: Normal Pigmentation* (137 citations)
The Functional Anatomy of a Perceptual Decision in the Human Brain (126 citations)"
Duncan T. Odom,Cancer Research UK Cambridge Center,GB,"Genomics and Chromatin Dynamics
Chromosomal and Genetic Variations
RNA Research and Splicing","Transcriptional Regulatory Networks in Saccharomyces cerevisiae (3011 citations)
Control of Developmental Regulators by Polycomb in Human Embryonic Stem Cells (2280 citations)
Recognition and Reaction of Metallointercalators with DNA (1870 citations)"
Richard E. Green,"University of California, Santa Cruz",US,"Genomics and Phylogenetic Studies
Genetic diversity and population structure
Chromosomal and Genetic Variations","A Draft Sequence of the Neandertal Genome (4612 citations)
The Transcriptional Landscape of the Mammalian Genome (3615 citations)
Towards complete and error-free genome assemblies of all vertebrate species (3284 citations)"
Eduardo Eyras,EMBL Australia,AU,"RNA Research and Splicing
RNA modifications and cancer
RNA and protein synthesis mechanisms","Initial sequencing and comparative analysis of the mouse genome (7303 citations)
Identification and analysis of functional elements in 1% of the human genome by the ENCODE pilot project (5287 citations)
Genome sequence of the Brown Norway rat yields insights into mammalian evolution (2223 citations)"
Eileen Cahill,National Human Genome Research Institute,US,"Genomics and Chromatin Dynamics
Mental Health Treatment and Access
RNA and protein synthesis mechanisms","Expanded encyclopaedias of DNA elements in the human and mouse genomes (2668 citations)
Perspectives on ENCODE (232 citations)
“You Don't Want to Burden Them” (145 citations)"
Elenita I. Kanin,,,"Bacterial Genetics and Biotechnology
Genomics and Chromatin Dynamics
RNA and protein synthesis mechanisms","Genome-Wide Location and Function of DNA Binding Proteins (1783 citations)
Remodeling of Yeast Genome Expression in Response to Environmental Changes (1401 citations)
Chemical inhibition of the TFIIH-associated kinase Cdk7/Kin28 does not impair global mRNA synthesis (113 citations)"
Elise A. Feingold,,,"RNA and protein synthesis mechanisms
Genomics and Chromatin Dynamics
Genomics and Phylogenetic Studies","An integrated encyclopedia of DNA elements in the human genome (19662 citations)
Identification and analysis of functional elements in 1% of the human genome by the ENCODE pilot project (5287 citations)
An integrated encyclopedia of DNA elements in the human genome (2783 citations)"
Eliza Cerveira,The Jackson Laboratory for Genomic Medicine,US,"Genomic variations and chromosomal abnormalities
Genomics and Rare Diseases
Genomics and Phylogenetic Studies","A global reference for human genetic variation (20393 citations)
An integrated map of structural variation in 2,504 human genomes (2693 citations)
Multi-platform discovery of haplotype-resolved structural variation in human genomes (1052 citations)"
Elizabeta Gjoneska,Institute of Neurobiology,BG,"Alzheimer's disease research and treatments
Epigenetics and DNA Methylation
Neuroinflammation and Neurodegeneration Mechanisms","Integrative analysis of 111 reference human epigenomes (7219 citations)
APOE4 Causes Widespread Molecular and Cellular Alterations Associated with Alzheimer’s Disease Phenotypes in Human iPSC-Derived Brain Cell Types (1173 citations)
Activity-Induced DNA Breaks Govern the Expression of Neuronal Early-Response Genes (735 citations)"
Elliott H. Margulies,Illumina (United States),US,"Genomics and Phylogenetic Studies
RNA and protein synthesis mechanisms
Genomics and Chromatin Dynamics","Identification and analysis of functional elements in 1% of the human genome by the ENCODE pilot project (5287 citations)
An integrated encyclopedia of DNA elements in the human genome (2783 citations)
High-Resolution Mapping and Characterization of Open Chromatin across the Genome (1511 citations)"
Emery H. Bresnick,University of Wisconsin–Madison,US,"Epigenetics and DNA Methylation
Acute Myeloid Leukemia Research
RNA modifications and cancer","Evidence That the 90-kDa Heat Shock Protein Is Necessary for the Steroid Binding Conformation of the L Cell Glucocorticoid Receptor (389 citations)
GATA-1-dependent transcriptional repression of GATA-2 via disruption of positive autoregulation and domain-wide chromatin remodeling (369 citations)
Discovering Hematopoietic Mechanisms through Genome-wide Analysis of GATA Factor Chromatin Occupancy (349 citations)"
Emilie Montellier,Université Grenoble Alpes,FR,"Genomics and Chromatin Dynamics
Epigenetics and DNA Methylation
Cancer-related Molecular Pathways","Identification of 67 Histone Marks and Histone Lysine Crotonylation as a New Type of Histone Modification (1908 citations)
Lysine 2-hydroxyisobutyrylation is a widely distributed active histone mark (478 citations)
Dynamic Competing Histone H4 K5K8 Acetylation and Butyrylation Are Hallmarks of Highly Active Gene Promoters (275 citations)"
Emmanouil T. Dermitzakis,University of Geneva,CH,"Genetic Associations and Epidemiology
Epigenetics and DNA Methylation
Genetic Mapping and Diversity in Plants and Animals","Initial sequencing and comparative analysis of the mouse genome (7303 citations)
The GTEx Consortium atlas of genetic regulatory effects across human tissues (6140 citations)
The Genotype-Tissue Expression (GTEx) pilot analysis: Multitissue gene regulation in humans (5720 citations)"
Eric C. Lai,Kettering University,US,"MicroRNA in disease regulation
RNA Research and Splicing
RNA modifications and cancer","Micro RNAs are complementary to 3′ UTR sequence motifs that mediate negative post-transcriptional regulation (1505 citations)
Identification of Functional Elements and Regulatory Circuits by Drosophila modENCODE (1314 citations)
Genome-wide Analysis of Drosophila Circular RNAs Reveals Their Structural and Sequence Properties and Age-Dependent Neural Accumulation (1082 citations)"
Eric Chuah,Canada's Michael Smith Genome Sciences Centre,CA,"Cancer Genomics and Diagnostics
RNA modifications and cancer
Occupational and environmental lung diseases","Integrative analysis of 111 reference human epigenomes (7219 citations)
Comprehensive molecular characterization of gastric adenocarcinoma (6650 citations)
The Immune Landscape of Cancer (6316 citations)"
Eric Haugen,Seattle University,US,"Genomics and Chromatin Dynamics
RNA and protein synthesis mechanisms
RNA Research and Splicing","Systematic Localization of Common Disease-Associated Variation in Regulatory DNA (4113 citations)
The accessible chromatin landscape of the human genome (2935 citations)
An integrated encyclopedia of DNA elements in the human genome (2783 citations)"
Eric Rynes,Altius Institute for Biomedical Sciences,US,"Genomics and Chromatin Dynamics
RNA and protein synthesis mechanisms
RNA Research and Splicing","An integrated encyclopedia of DNA elements in the human genome (19662 citations)
Systematic Localization of Common Disease-Associated Variation in Regulatory DNA (4113 citations)
The accessible chromatin landscape of the human genome (2935 citations)"
Eric S. Lander,,,"Genomics and Chromatin Dynamics
Cancer Genomics and Diagnostics
Genetic Associations and Epidemiology","Gene set enrichment analysis: A knowledge-based approach for interpreting genome-wide expression profiles (57829 citations)
A global reference for human genetic variation (20393 citations)
Integrative genomics viewer (16881 citations)"
Erika Giste,,,"Genomics and Chromatin Dynamics
RNA Research and Splicing
RNA and protein synthesis mechanisms","Systematic Localization of Common Disease-Associated Variation in Regulatory DNA (4113 citations)
The accessible chromatin landscape of the human genome (2935 citations)
A comparative encyclopedia of DNA elements in the mouse genome (1952 citations)"
Ernest Fraenkel,Massachusetts Institute of Technology,US,"Bioinformatics and Genomic Networks
Amyotrophic Lateral Sclerosis Research
Genomics and Chromatin Dynamics","Transcriptional Regulatory Networks in Saccharomyces cerevisiae (3011 citations)
Transcriptional regulatory code of a eukaryotic genome (2202 citations)
Control of Pancreas and Liver Gene Expression by HNF Transcription Factors (1337 citations)"
Ernest T. Lam,Epic Sciences (United States),US,"Cancer Genomics and Diagnostics
Genomics and Phylogenetic Studies
RNA and protein synthesis mechanisms","Multi-platform discovery of haplotype-resolved structural variation in human genomes (1052 citations)
Single-molecule sequencing and chromatin conformation capture enable de novo reference assembly of the domestic goat genome (724 citations)
Genome mapping on nanochannel arrays for structural variation analysis and sequence assembly (688 citations)"
Ernesto Lowy,Plant Integrity (United Kingdom),GB,"Genomics and Phylogenetic Studies
Trypanosoma species research and implications
T-cell and B-cell Immunology","High-coverage whole-genome sequencing of the expanded 1000 Genomes Project cohort including 602 trios (1088 citations)
Multi-platform discovery of haplotype-resolved structural variation in human genomes (1052 citations)
Genetic Drivers of Epigenetic and Transcriptional Variation in Human Immune Cells (790 citations)"
Esther T. Chan,Stanford University,US,"Genomics and Chromatin Dynamics
Genomics and Phylogenetic Studies
RNA and protein synthesis mechanisms","Expanded encyclopaedias of DNA elements in the human and mouse genomes (2668 citations)
The Encyclopedia of DNA elements (ENCODE): data portal update (2024 citations)
Saccharomyces Genome Database: the genomics resource of budding yeast (1997 citations)"
Eugene J. Gardner,MRC Epidemiology Unit,GB,"Genetic Associations and Epidemiology
Genomics and Rare Diseases
Genomic variations and chromosomal abnormalities","A global reference for human genetic variation (20393 citations)
An integrated map of structural variation in 2,504 human genomes (2693 citations)
Multi-platform discovery of haplotype-resolved structural variation in human genomes (1052 citations)"
Eugène Berezikov,University Medical Center Groningen,NL,"MicroRNA in disease regulation
Planarian Biology and Electrostimulation
Chromosomal and Genetic Variations","MicroRNA Expression in Zebrafish Embryonic Development (1558 citations)
Identification of Functional Elements and Regulatory Circuits by Drosophila modENCODE (1314 citations)
Phylogenetic Shadowing and Computational Identification of Human microRNA Genes (1277 citations)"
Evan E. Eichler,Brotman Baty Institute,US,"Genomic variations and chromosomal abnormalities
Chromosomal and Genetic Variations
Genomics and Phylogenetic Studies","Initial sequencing and analysis of the human genome (24723 citations)
Finding the missing heritability of complex diseases (8599 citations)
A Draft Sequence of the Neandertal Genome (4612 citations)"
Evelyn J. Cheung,,,"Cytomegalovirus and herpesvirus research
Monoclonal and Polyclonal Antibodies Research
T-cell and B-cell Immunology","Identification and analysis of functional elements in 1% of the human genome by the ENCODE pilot project (5287 citations)
RNA Maps Reveal New RNA Classes and a Possible Function for Pervasive Transcription (2601 citations)
Genomic profiling and expression studies reveal both positive and negative activities for the Drosophila Myb–MuvB/dREAM complex in proliferating cells (145 citations)"
Ewan Birney,Bioinformatics Institute,RU,"Genomics and Phylogenetic Studies
RNA and protein synthesis mechanisms
Genomics and Chromatin Dynamics","Initial sequencing and analysis of the human genome (24723 citations)
An integrated encyclopedia of DNA elements in the human genome (19662 citations)
Velvet: Algorithms for de novo short read assembly using de Bruijn graphs (9767 citations)"
Ezra G. Jennings,,,"Genomics and Chromatin Dynamics
Fungal and yeast genetics research
RNA Research and Splicing","Transcriptional Regulatory Networks in Saccharomyces cerevisiae (3011 citations)
Transcriptional regulatory code of a eukaryotic genome (2202 citations)
Genome-Wide Location and Function of DNA Binding Proteins (1783 citations)"
Fabio Pardi,"Laboratoire d'Informatique, de Robotique et de Microélectronique de Montpellier",FR,"Genomics and Phylogenetic Studies
Evolution and Paleontology Studies
Genetic diversity and population structure","Identification and analysis of functional elements in 1% of the human genome by the ENCODE pilot project (5287 citations)
Meta-analysis of genome scans of age-related macular degeneration (241 citations)
Analyses of deep mammalian sequence alignments and constraint predictions for 1% of the human genome (220 citations)"
Federico Abascal,Wellcome Sanger Institute,GB,"Cancer Genomics and Diagnostics
Lymphoma Diagnosis and Treatment
Genetic factors in colorectal cancer","ProtTest: selection of best-fit models of protein evolution (3120 citations)
Somatic mutant clones colonize the human esophagus with age (1187 citations)
Comprehensive analysis of chromothripsis in 2,658 human cancers using whole-genome sequencing (793 citations)"
Feng Yue,Robert H. Lurie Comprehensive Cancer Center of Northwestern University,,"Genomics and Chromatin Dynamics
Epigenetics and DNA Methylation
Genetic Mapping and Diversity in Plants and Animals","Topological domains in mammalian genomes identified by analysis of chromatin interactions (7513 citations)
Expanded encyclopaedias of DNA elements in the human and mouse genomes (2668 citations)
A comparative encyclopedia of DNA elements in the mouse genome (1952 citations)"
Fereydoun Hormozdiari,"University of California, Davis",US,"Genomics and Phylogenetic Studies
Genomics and Rare Diseases
Genomic variations and chromosomal abnormalities","A global reference for human genetic variation (20393 citations)
An integrated map of genetic variation from 1,092 human genomes (8263 citations)
A map of human genome variation from population-scale sequencing (8121 citations)"
Ferhat Ay,Institute of Bioinformatics,IN,"Genomics and Chromatin Dynamics
Bioinformatics and Genomic Networks
RNA Research and Splicing","Identification of Functional Elements and Regulatory Circuits by Drosophila modENCODE (1314 citations)
Imbalance of Regulatory and Cytotoxic SARS-CoV-2-Reactive CD4+ T Cells in COVID-19 (602 citations)
Statistical confidence estimation for Hi-C data reveals regulatory chromatin contacts (572 citations)"
Fidencio Neri,Altius Institute for Biomedical Sciences,US,"Genomics and Chromatin Dynamics
RNA and protein synthesis mechanisms
RNA Research and Splicing","Identification and analysis of functional elements in 1% of the human genome by the ENCODE pilot project (5287 citations)
Systematic Localization of Common Disease-Associated Variation in Regulatory DNA (4113 citations)
The accessible chromatin landscape of the human genome (2935 citations)"
France Denœud,CEA Paris-Saclay,FR,"Genomics and Phylogenetic Studies
Chromosomal and Genetic Variations
Marine and coastal plant biology","Early allopolyploid evolution in the post-Neolithic Brassica napus oilseed genome (2634 citations)
The Brassica oleracea genome reveals the asymmetrical evolution of polyploid genomes (1241 citations)
The banana (Musa acuminata) genome and the evolution of monocotyledonous plants (1190 citations)"
Francis S. Collins,,,"Genetic Associations and Epidemiology
Pancreatic function and diabetes
Epigenetics and DNA Methylation","Finding the missing heritability of complex diseases (8599 citations)
Identification of the Cystic Fibrosis Gene: Cloning and Characterization of Complementary DNA (7455 citations)
Identification and analysis of functional elements in 1% of the human genome by the ENCODE pilot project (5287 citations)"
François Robert,Université de Montréal,CA,"Genomics and Chromatin Dynamics
RNA Research and Splicing
French Urban and Social Studies","Transcriptional Regulatory Networks in Saccharomyces cerevisiae (3011 citations)
Genome-Wide Location and Function of DNA Binding Proteins (1783 citations)
Targeted Recruitment of Set1 Histone Methylase by Elongating Pol II Provides a Localized Mark and Memory of Recent Transcriptional Activity (1106 citations)"
Fulai Jin,Case Western Reserve University,US,"Genomics and Chromatin Dynamics
Genetic Associations and Epidemiology
Epigenetics and DNA Methylation","Genome-wide association analyses identify 44 risk variants and refine the genetic architecture of major depression (3341 citations)
Identification of 67 Histone Marks and Histone Lysine Crotonylation as a New Type of Histone Modification (1908 citations)
A high-resolution map of the three-dimensional chromatin interactome in human cells (1316 citations)"
Fábio C. P. Navarro,Personalis (United States),US,"Cancer Genomics and Diagnostics
Immunotherapy and Immune Responses
Monoclonal and Polyclonal Antibodies Research","The repertoire of mutational signatures in human cancer (3843 citations)
GENCODE reference annotation for the human and mouse genomes (3556 citations)
Pan-cancer analysis of whole genomes (3351 citations)"
Gabriel Rosanio,University of California San Diego,US,"Genomic variations and chromosomal abnormalities
Genomics and Rare Diseases
Genomics and Phylogenetic Studies","Multi-platform discovery of haplotype-resolved structural variation in human genomes (1052 citations)
Human-specific tandem repeat expansion and differential gene expression during primate evolution (160 citations)
Multi-platform discovery of haplotype-resolved structural variation in human genomes (158 citations)"
Galt P Barber,"University of California, Santa Cruz",US,"Genomics and Phylogenetic Studies
RNA and protein synthesis mechanisms
Genomics and Chromatin Dynamics","An integrated encyclopedia of DNA elements in the human genome (19662 citations)
Identification and analysis of functional elements in 1% of the human genome by the ENCODE pilot project (5287 citations)
An integrated encyclopedia of DNA elements in the human genome (2783 citations)"
Gary C. Hon,The University of Texas Southwestern Medical Center,US,"Epigenetics and DNA Methylation
Genomics and Chromatin Dynamics
RNA modifications and cancer","N6-methyladenosine-dependent regulation of messenger RNA stability (4917 citations)
Human DNA methylomes at base resolution show widespread epigenomic differences (4822 citations)
Distinct and predictive chromatin signatures of transcriptional promoters and enhancers in the human genome (3518 citations)"
Gary H. Karpen,"University of California, Berkeley",US,"Genomics and Chromatin Dynamics
Chromosomal and Genetic Variations
Microtubule and mitosis dynamics","The Genome Sequence of Drosophila melanogaster (6044 citations)
Evolution of genes and genomes on the Drosophila phylogeny (2129 citations)
Phase separation drives heterochromatin domain formation (2001 citations)"
Gayle K. Clelland,,,"Genomics and Chromatin Dynamics
Epigenetics and DNA Methylation
RNA and protein synthesis mechanisms","Identification and analysis of functional elements in 1% of the human genome by the ENCODE pilot project (5287 citations)
The landscape of histone modifications across 1% of the human genome in five human cell lines (454 citations)
Butyrate mediates decrease of histone acetylation centered on transcription start sites and down-regulation of associated genes (170 citations)"
Gemma Barson,Wellcome Sanger Institute,GB,"Genomics and Chromatin Dynamics
RNA and protein synthesis mechanisms
RNA modifications and cancer","An integrated encyclopedia of DNA elements in the human genome (19662 citations)
An integrated encyclopedia of DNA elements in the human genome (2783 citations)
Expanded encyclopaedias of DNA elements in the human and mouse genomes (2668 citations)"
Georg K. Gerber,Massachusetts Institute of Technology,US,"Gut microbiota and health
Clostridium difficile and Clostridium perfringens research
Probiotics and Fermented Foods","Transcriptional Regulatory Networks in Saccharomyces cerevisiae (3011 citations)
Towards a general-purpose foundation model for computational pathology (1397 citations)
Alterations of the human gut microbiome in multiple sclerosis (1334 citations)"
Georgi K. Marinov,Stanford University,US,"Genomics and Chromatin Dynamics
RNA and protein synthesis mechanisms
Genomics and Phylogenetic Studies","An integrated encyclopedia of DNA elements in the human genome (19662 citations)
Landscape of transcription in human cells (5425 citations)
An integrated encyclopedia of DNA elements in the human genome (2783 citations)"
Gerald Quon,"University of California, Davis",US,"Single-cell and spatial transcriptomics
Gene expression and cancer classification
Cell Image Analysis Techniques","Integrative analysis of 111 reference human epigenomes (7219 citations)
Conserved cell types with divergent features in human versus mouse cortex (1995 citations)
FTO Obesity Variant Circuitry and Adipocyte Browning in Humans (1412 citations)"
Gerard G. Bouffard,National Human Genome Research Institute,US,"Genomics and Phylogenetic Studies
Chromosomal and Genetic Variations
Genomics and Chromatin Dynamics","Identification and analysis of functional elements in 1% of the human genome by the ENCODE pilot project (5287 citations)
The complete sequence of a human genome (3454 citations)
Topographical and Temporal Diversity of the Human Skin Microbiome (3005 citations)"
Ghia Euskirchen,Stanford University,US,"Genomics and Chromatin Dynamics
RNA Research and Splicing
RNA and protein synthesis mechanisms","Green Fluorescent Protein as a Marker for Gene Expression (6787 citations)
Identification and analysis of functional elements in 1% of the human genome by the ENCODE pilot project (5287 citations)
An integrated encyclopedia of DNA elements in the human genome (2783 citations)"
GiNell Elliott,,,"Chromatin Remodeling and Cancer
Protein Degradation and Inhibitors
Cancer Mechanisms and Therapy","Integrative analysis of 111 reference human epigenomes (7219 citations)
Functional DNA methylation differences between tissues, cell types, and across individuals discovered using the M&M algorithm (205 citations)
Intermediate DNA methylation is a conserved signature of genome regulation (120 citations)"
Gilberto DeSalvo,,,"Genomics and Chromatin Dynamics
RNA and protein synthesis mechanisms
RNA Research and Splicing","An integrated encyclopedia of DNA elements in the human genome (19662 citations)
An integrated encyclopedia of DNA elements in the human genome (2783 citations)
Expanded encyclopaedias of DNA elements in the human and mouse genomes (2668 citations)"
Giovanni Bussotti,Veracyte (United States),US,"RNA and protein synthesis mechanisms
Research on Leishmaniasis Studies
Trypanosoma species research and implications","An integrated encyclopedia of DNA elements in the human genome (19662 citations)
The GENCODE v7 catalog of human long noncoding RNAs: Analysis of their gene structure, evolution, and expression (5275 citations)
An integrated encyclopedia of DNA elements in the human genome (2783 citations)"
Gloria Despacio-Reyes,Wellcome Sanger Institute,GB,"Genomics and Chromatin Dynamics
RNA and protein synthesis mechanisms
RNA modifications and cancer","An integrated encyclopedia of DNA elements in the human genome (19662 citations)
GENCODE: The reference human genome annotation for The ENCODE Project (5098 citations)
An integrated encyclopedia of DNA elements in the human genome (2783 citations)"
Goo Jun,The University of Texas Health Science Center at Houston,US,"Genetic Associations and Epidemiology
Genomics and Rare Diseases
Bioinformatics and Genomic Networks","A global reference for human genetic variation (20393 citations)
An integrated map of structural variation in 2,504 human genomes (2693 citations)
Evolution and Functional Impact of Rare Coding Variation from Deep Sequencing of Human Exomes (1734 citations)"
Gos Micklem,University of Cambridge,GB,"Bioinformatics and Genomic Networks
Gene expression and cancer classification
Genetics, Bioinformatics, and Biomedical Research","Identification of the breast cancer susceptibility gene BRCA2 (3667 citations)
Identification of Functional Elements and Regulatory Circuits by Drosophila modENCODE (1314 citations)
Integrative Analysis of the Caenorhabditis elegans Genome by the modENCODE Project (1043 citations)"
Gregory E. Crawford,Applied Genetic Technologies (United States),US,"Genomics and Chromatin Dynamics
RNA Research and Splicing
Epigenetics and DNA Methylation","Identification and analysis of functional elements in 1% of the human genome by the ENCODE pilot project (5287 citations)
Distinct and predictive chromatin signatures of transcriptional promoters and enhancers in the human genome (3518 citations)
Genome-wide association analyses identify 44 risk variants and refine the genetic architecture of major depression (3341 citations)"
Gregory R. Andrews,University of Massachusetts Chan Medical School,US,"Parallel Computing and Optimization Techniques
Distributed systems and fault tolerance
Distributed and Parallel Computing Systems","Expanded encyclopaedias of DNA elements in the human and mouse genomes (2668 citations)
Concepts and Notations for Concurrent Programming (522 citations)
Concurrent Programming: Principles and Practice (476 citations)"
Grégory Lefebvre,Nestlé (Switzerland),CH,"Mitochondrial Function and Pathology
Metabolism and Genetic Disorders
Genomics and Phylogenetic Studies","Identification and analysis of functional elements in 1% of the human genome by the ENCODE pilot project (5287 citations)
Genome-wide gene-based analyses of weight loss interventions identify a potential role for NKX6.3 in metabolism (1072 citations)
The landscape of histone modifications across 1% of the human genome in five human cell lines (454 citations)"
Guifang Jia,Hebei University,CN,"RNA modifications and cancer
Cancer-related molecular mechanisms research
RNA Research and Splicing","N6-methyladenosine-dependent regulation of messenger RNA stability (4917 citations)
N6-Methyladenosine in nuclear RNA is a major substrate of the obesity-associated FTO (4214 citations)
ALKBH5 Is a Mammalian RNA Demethylase that Impacts RNA Metabolism and Mouse Fertility (3723 citations)"
Guolin Zhou,Wuhan Academy of Agricultural Sciences,CN,"Plant Stress Responses and Tolerance
Plant Disease Resistance and Genetics
Heavy metals in environment","Metabolic regulation of gene expression by histone lactylation (4318 citations)
Gallium disrupts bacterial iron metabolism and has therapeutic effects in mice and humans with lung infections (366 citations)
Immobilization and bioavailability of heavy metals in greenhouse soils amended with rice straw-derived biochar (237 citations)"
Gábor Marth,University of Utah,US,"Genomics and Rare Diseases
Genomics and Phylogenetic Studies
Cancer Genomics and Diagnostics","The Sequence Alignment/Map format and SAMtools (68768 citations)
A global reference for human genetic variation (20393 citations)
The variant call format and VCFtools (18225 citations)"
Günhan Gülsoy,Google (United States),US,"Bioinformatics and Genomic Networks
Genomics and Chromatin Dynamics
Gene Regulatory Network Analysis","Topologically associating domains are stable units of replication-timing regulation (1014 citations)
Fine-scale chromatin interaction maps reveal the cis-regulatory landscape of human lincRNA genes (206 citations)
Profiling the long noncoding RNA interaction network in the regulatory elements of target genes by chromatin in situ reverse transcription sequencing (35 citations)"
Zhong Lin Wang,University of Chinese Academy of Sciences,CN,"Advanced Sensor and Energy Harvesting Materials
Conducting polymers and applications
Innovative Energy Harvesting Technologies","Piezoelectric Nanogenerators Based on Zinc Oxide Nanowire Arrays (7891 citations)
Flexible triboelectric generator (6695 citations)
Nanobelts of Semiconducting Oxides (5821 citations)"
Guang‐Han Cao,Nanjing University,CN,"Iron-based superconductors research
Rare-earth and actinide compounds
Physics of Superconductivity and Magnetism","Thorium-doping–induced superconductivity up to 56 K in Gd 1−x Th x FeAsO (626 citations)
Fermi surface nesting induced strong pairing in iron-based superconductors (361 citations)
Superconductivity up to 30 K in the vicinity of the quantum critical point in BaFe 2 (As 1− x P x ) 2 (319 citations)"
Hao Chen,Texas A&M University,US,"Advanced materials and composites
Catalytic Processes in Materials Science
Nanoplatforms for cancer theranostics","The TREM2-APOE Pathway Drives the Transcriptional Phenotype of Dysfunctional Microglia in Neurodegenerative Diseases (3156 citations)
Single-cell RNA-seq highlights intra-tumoral heterogeneity and malignant progression in pancreatic ductal adenocarcinoma (1468 citations)
Genomic and Molecular Landscape of DNA Damage Repair Deficiency across The Cancer Genome Atlas (1248 citations)"
Hao Luo,Nanjing University of Aeronautics and Astronautics,CN,"Fault Detection and Control Systems
Advanced Control Systems Optimization
Machine Fault Diagnosis Techniques","A Review on Basic Data-Driven Approaches for Industrial Process Monitoring (1703 citations)
Real-Time Implementation of Fault-Tolerant Control Systems With Performance Optimization (640 citations)
Quo vadis artificial intelligence? (541 citations)"
Hari Tammana,Leipzig University,DE,"RNA and protein synthesis mechanisms
Genomics and Chromatin Dynamics
RNA Research and Splicing","Identification and analysis of functional elements in 1% of the human genome by the ENCODE pilot project (5287 citations)
RNA Maps Reveal New RNA Classes and a Possible Function for Pervasive Transcription (2601 citations)
Transcriptional Maps of 10 Human Chromosomes at 5-Nucleotide Resolution (1227 citations)"
Harrison Brand,Massachusetts General Hospital,US,"Genomics and Rare Diseases
Genomic variations and chromosomal abnormalities
Autism Spectrum Disorder Research","The mutational constraint spectrum quantified from variation in 141,456 humans (10373 citations)
Large-Scale Exome Sequencing Study Implicates Both Developmental and Functional Changes in the Neurobiology of Autism (2524 citations)
The mutational constraint spectrum quantified from variation in 141,456 humans (1775 citations)"
Hassan Chaı̈b,Stanford University,US,"Hearing, Cochlea, Tinnitus, Genetics
Cancer Genomics and Diagnostics
Genomics and Chromatin Dynamics","Expanded encyclopaedias of DNA elements in the human and mouse genomes (2668 citations)
The Human Tumor Atlas Network: Charting Tumor Transitions across Space and Time at Single-Cell Resolution (622 citations)
Longitudinal multi-omics of host–microbe dynamics in prediabetes (622 citations)"
Haynes Heaton,Auburn University,US,"Genomics and Phylogenetic Studies
Insect symbiosis and bacterial influences
RNA and protein synthesis mechanisms","Multi-platform discovery of haplotype-resolved structural variation in human genomes (1052 citations)
Haplotyping germline and cancer genomes with high-throughput linked-read sequencing (802 citations)
Souporcell: robust clustering of single-cell RNA-seq data by genotype without reference genotypes (569 citations)"
Guohe Huang,University of Regina,CA,"Water resources management and optimization
Water-Energy-Food Nexus Studies
Water Systems and Optimization","A GREY LINEAR PROGRAMMING APPROACH FOR MUNICIPAL SOLID WASTE MANAGEMENT PLANNING UNDER UNCERTAINTY (564 citations)
AN INEXACT TWO-STAGE STOCHASTIC PROGRAMMING MODEL FOR WATER RESOURCES MANAGEMENT UNDER UNCERTAINTY (529 citations)
Emerging usage of electrocoagulation technology for oil removal from wastewater: A review (461 citations)"
Heather K. MacAlpine,,,"Genomics and Chromatin Dynamics
DNA Repair Mechanisms
Epigenetics and DNA Methylation","Identification of Functional Elements and Regulatory Circuits by Drosophila modENCODE (1314 citations)
Drosophila ORC localizes to open chromatin and marks sites of cohesin complex loading (274 citations)
Chromatin signatures of the Drosophila replication program (174 citations)"
Heather L. Murray,Whitehead Institute for Biomedical Research,US,"Genomics and Chromatin Dynamics
RNA and protein synthesis mechanisms
RNA Research and Splicing","Core Transcriptional Regulatory Circuitry in Human Embryonic Stem Cells (4527 citations)
Transcriptional Regulatory Networks in Saccharomyces cerevisiae (3011 citations)
Control of Developmental Regulators by Polycomb in Human Embryonic Stem Cells (2280 citations)"
Heather L. True,Washington University in St. Louis,US,"Prion Diseases and Protein Misfolding
Heat shock proteins research
Neurological diseases and metabolism","Remodeling of Yeast Genome Expression in Response to Environmental Changes (1401 citations)
A yeast prion provides a mechanism for genetic variation and phenotypic diversity (695 citations)
Epigenetic regulation of translation reveals hidden genetic variation to produce complex traits (337 citations)"
Heike Fiegler,,,"Genomic variations and chromosomal abnormalities
Chromosomal and Genetic Variations
Prenatal Screening and Diagnostics","Identification and analysis of functional elements in 1% of the human genome by the ENCODE pilot project (5287 citations)
Global variation in copy number in the human genome (4387 citations)
A DNA damage checkpoint response in telomere-initiated senescence (2809 citations)"
Helen C. Causton,Columbia University Irving Medical Center,US,"Gene expression and cancer classification
Bioinformatics and Genomic Networks
Molecular Biology Techniques and Applications","Minimum information about a microarray experiment (MIAME)—toward standards for microarray data (4132 citations)
Remodeling of Yeast Genome Expression in Response to Environmental Changes (1401 citations)
Integrated transcriptional profiling and linkage analysis for identification of genes underlying disease (527 citations)"
Hennady P. Shulha,BC Children's Hospital,CA,"SARS-CoV-2 and COVID-19 Research
Lymphoma Diagnosis and Treatment
Force Microscopy Techniques and Applications","High-Resolution Mapping and Characterization of Open Chromatin across the Genome (1511 citations)
Integration of gene mutations in risk prognostication for patients receiving first-line immunochemotherapy for follicular lymphoma: a retrospective analysis of a prospective clinical trial and validation in a population-based registry (619 citations)
Developmental regulation and individual differences of neuronal H3K4me3 epigenomes in the prefrontal cortex (236 citations)"
Henry Amrhein,California Institute of Technology,US,"Genomics and Chromatin Dynamics
RNA Research and Splicing
RNA and protein synthesis mechanisms","An integrated encyclopedia of DNA elements in the human genome (19662 citations)
An integrated encyclopedia of DNA elements in the human genome (2783 citations)
Expanded encyclopaedias of DNA elements in the human and mouse genomes (2668 citations)"
Howard A. Shuman,University of Chicago,US,"Legionella and Acanthamoeba research
Vibrio bacteria research studies
Bacterial Genetics and Biotechnology","Metabolic regulation of gene expression by histone lactylation (4318 citations)
Maltose/Maltodextrin System of Escherichia coli : Transport, Metabolism, and Regulation (626 citations)
Host cell killing and bacterial conjugation require overlapping sets of genes within a 22-kb region of the Legionella pneumophila genome (544 citations)"
Huaming Chen,Torrey Pines Institute For Molecular Studies,US,"Plant Molecular Biology Research
Epigenetics and DNA Methylation
Chromosomal and Genetic Variations","Genome-Wide Insertional Mutagenesis of Arabidopsis thaliana (5121 citations)
Genome-wide High-Resolution Mapping and Functional Analysis of DNA Methylation in Arabidopsis (1858 citations)
HIV-1 Integration in the Human Genome Favors Active Genes and Local Hotspots (1835 citations)"
Hugo J. Bellen,Texas Children's Hospital,US,"Cellular transport and secretion
Neurobiology and Insect Physiology Research
Mitochondrial Function and Pathology","Identification of Functional Elements and Regulatory Circuits by Drosophila modENCODE (1314 citations)
Math1 : An Essential Gene for the Generation of Inner Ear Hair Cells (1103 citations)
Glial Lipid Droplets and ROS Induced by Mitochondrial Defects Promote Neurodegeneration (917 citations)"
M. Liu,Taizhou University,CN,"Particle physics theoretical and experimental studies
High-Energy Particle Collisions Research
Particle Detector Development and Performance","Observation of a new particle in the search for the Standard Model Higgs boson with the ATLAS detector at the LHC (10846 citations)
The ATLAS Simulation Infrastructure (1888 citations)
Combined Measurement of the Higgs Boson Mass in p p Collisions at s = 7 and 8 TeV with the ATLAS and CMS Experiments (1354 citations)"
Huimin Zhao,Chinese Academy of Agricultural Sciences,CN,"Microbial Metabolic Engineering and Bioproduction
CRISPR and Genetic Engineering
Enzyme Catalysis and Immobilization","Chromatin architecture reorganization during stem cell differentiation (1839 citations)
Directed Evolution: Methodologies and Applications (743 citations)
DNA assembler, an in vivo genetic method for rapid construction of biochemical pathways (692 citations)"
Ian Bell,Queensland Department of Environment and Science,AU,"Turtle Biology and Conservation
Marine animal studies overview
Ichthyology and Marine Biology","An integrated encyclopedia of DNA elements in the human genome (19662 citations)
Thermal tolerances of sea turtle embryos: current understanding and future directions (158 citations)
Fidelity to foraging sites after long migrations (140 citations)"
Ian Dunham,Open Targets,GB,"Genomics and Chromatin Dynamics
Genetic Associations and Epidemiology
RNA and protein synthesis mechanisms","Initial sequencing and analysis of the human genome (24723 citations)
A global reference for human genetic variation (20393 citations)
An integrated encyclopedia of DNA elements in the human genome (19662 citations)"
If Barnes,European Bioinformatics Institute,GB,"Olfactory and Sensory Function Studies
Genomics and Phylogenetic Studies
RNA and protein synthesis mechanisms","GENCODE: The reference human genome annotation for The ENCODE Project (5098 citations)
GENCODE reference annotation for the human and mouse genomes (3556 citations)
Ensembl 2022 (2215 citations)"
Igor Antoshechkin,California Institute of Technology,US,"Insect symbiosis and bacterial influences
Mosquito-borne diseases and control
CRISPR and Genetic Engineering","Landscape of transcription in human cells (5425 citations)
An integrated encyclopedia of DNA elements in the human genome (2783 citations)
Expanded encyclopaedias of DNA elements in the human and mouse genomes (2668 citations)"
Inkyung Jung,,,"Genomics and Chromatin Dynamics
Epigenetics and DNA Methylation
Chromosomal and Genetic Variations","Chromatin architecture reorganization during stem cell differentiation (1839 citations)
CRISPR Inversion of CTCF Sites Alters Genome Topology and Enhancer/Promoter Function (1069 citations)
A Compendium of Chromatin Contact Maps Reveals Spatially Active Regions in the Human Genome (1006 citations)"
Iros Barozzi,Medical University of Vienna,AT,"Estrogen and related hormone effects
Epigenetics and DNA Methylation
Genomics and Chromatin Dynamics","Expanded encyclopaedias of DNA elements in the human and mouse genomes (2668 citations)
A Large Fraction of Extragenic RNA Pol II Transcription Sites Overlap Enhancers (959 citations)
Latent Enhancers Activated by Stimulation in Differentiated Cells (887 citations)"
Irwin Jungreis,Massachusetts Institute of Technology,US,"RNA and protein synthesis mechanisms
RNA modifications and cancer
Genomics and Chromatin Dynamics","An integrated encyclopedia of DNA elements in the human genome (19662 citations)
Expanding the human proteome with microproteins and peptideins (25 citations)
ORBL_tools: tools for measuring evolutionary conservation and constraint of 'ORFness' of an open reading frame. (0 citations)"
Itamar Simon,Hebrew University of Jerusalem,IL,"Genomics and Chromatin Dynamics
Gene expression and cancer classification
Epigenetics and DNA Methylation","Transcriptional Regulatory Networks in Saccharomyces cerevisiae (3011 citations)
Genome-Wide Location and Function of DNA Binding Proteins (1783 citations)
Polycomb-mediated methylation on Lys27 of histone H3 pre-marks genes for de novo methylation in cancer (1236 citations)"
J Costello,Neurological Surgery,US,"Glioma Diagnosis and Treatment
Epigenetics and DNA Methylation
RNA modifications and cancer","Integrative analysis of 111 reference human epigenomes (7219 citations)
The NIH Roadmap Epigenomics Mapping Consortium (2067 citations)
The clonal and mutational evolution spectrum of primary triple-negative breast cancers (2035 citations)"
J Stamatoyannopoulos,Altius Institute for Biomedical Sciences,US,"Genomics and Chromatin Dynamics
Epigenetics and DNA Methylation
RNA and protein synthesis mechanisms","An integrated encyclopedia of DNA elements in the human genome (19662 citations)
Comprehensive Mapping of Long-Range Interactions Reveals Folding Principles of the Human Genome (9780 citations)
Integrative analysis of 111 reference human epigenomes (7219 citations)"
J. Michael Cherry,Stanford University,US,"Bioinformatics and Genomic Networks
Fungal and yeast genetics research
Biomedical Text Mining and Ontologies","Gene Ontology: tool for the unification of biology (45281 citations)
The Genome Sequence of Drosophila melanogaster (6044 citations)
The Gene Ontology resource: enriching a GOld mine (3986 citations)"
George J. Schreiber,,,"Monoclonal and Polyclonal Antibodies Research
Glycosylation and Glycoproteins Research
Radiopharmaceutical Chemistry and Applications","Gene expression profiling predicts clinical outcome of breast cancer (9643 citations)
A Gene-Expression Signature as a Predictor of Survival in Breast Cancer (6549 citations)
Anti-tumor effects of antibody-alkaline phosphatase conjugates in combination with etoposide phosphate. (235 citations)"
Jaafar N. Haidar,Dragonfly Therapeutics (United States),,"Cancer Immunotherapy and Biomarkers
Monoclonal and Polyclonal Antibodies Research
Immunotherapy and Immune Responses","Identification and analysis of functional elements in 1% of the human genome by the ENCODE pilot project (5287 citations)
Therapeutic high affinity T cell receptor targeting a KRASG12D cancer neoantigen (114 citations)
Somatostatin Receptor-Specific Analogs: Effects on Cell Proliferation and Growth Hormone Secretion in Human Somatotroph Tumors1 (84 citations)"
Jacqueline Chrast,University of Lausanne,CH,"Genomics and Chromatin Dynamics
RNA and protein synthesis mechanisms
Genomic variations and chromosomal abnormalities","An integrated encyclopedia of DNA elements in the human genome (19662 citations)
Landscape of transcription in human cells (5425 citations)
Identification and analysis of functional elements in 1% of the human genome by the ENCODE pilot project (5287 citations)"
Jacquelyn R. Idol,National Human Genome Research Institute,US,"RNA and protein synthesis mechanisms
Chromosomal and Genetic Variations
Genomics and Chromatin Dynamics","Identification and analysis of functional elements in 1% of the human genome by the ENCODE pilot project (5287 citations)
Pendred syndrome is caused by mutations in a putative sulphate transporter gene (PDS) (1155 citations)
A physical map of the human genome (932 citations)"
James A. Thomson,Morgridge Institute for Research,US,"Pluripotent Stem Cells Research
CRISPR and Genetic Engineering
3D Printing in Biomedical Research","Embryonic Stem Cell Lines Derived from Human Blastocysts (15990 citations)
Induced Pluripotent Stem Cell Lines Derived from Human Somatic Cells (10323 citations)
Integrative analysis of 111 reference human epigenomes (7219 citations)"
James C. Mullikin,National Human Genome Research Institute,US,"Genomics and Phylogenetic Studies
Chromosomal and Genetic Variations
Genomics and Rare Diseases","Initial sequencing and analysis of the human genome (24723 citations)
Initial sequencing and comparative analysis of the mouse genome (7303 citations)
The International HapMap Project (6186 citations)"
James Taylor,University of Ottawa,CA,"Scientific Computing and Data Management
Genomics and Phylogenetic Studies
Genomics and Chromatin Dynamics","An integrated encyclopedia of DNA elements in the human genome (19662 citations)
The Galaxy platform for accessible, reproducible and collaborative biomedical analyses: 2018 update (3987 citations)
Galaxy: a comprehensive approach for supporting accessible, reproducible, and transparent computational research in the life sciences (3555 citations)"
James W. Posakony,University of California San Diego,US,"Developmental Biology and Gene Regulation
Neurobiology and Insect Physiology Research
Genomics and Chromatin Dynamics","Identification of Functional Elements and Regulatory Circuits by Drosophila modENCODE (1314 citations)
Suppressor of hairless directly activates transcription of enhancer of split complex genes in response to Notch receptor activity. (598 citations)
A cis-regulatory map of the Drosophila genome (545 citations)"
Jan O. Korbel,European Molecular Biology Laboratory,DE,"Cancer Genomics and Diagnostics
Genomics and Phylogenetic Studies
Genomic variations and chromosomal abnormalities","A global reference for human genetic variation (20393 citations)
Identification and analysis of functional elements in 1% of the human genome by the ENCODE pilot project (5287 citations)
The repertoire of mutational signatures in human cancer (3843 citations)"
Jane M. Landolin,,,"Genomics and Phylogenetic Studies
Chromosomal and Genetic Variations
RNA Research and Splicing","The developmental transcriptome of Drosophila melanogaster (1611 citations)
Identification of Functional Elements and Regulatory Circuits by Drosophila modENCODE (1314 citations)
Assembling large genomes with single-molecule sequencing and locality-sensitive hashing (1012 citations)"
Jane M. Lin,University of Massachusetts Boston,US,"Genomics and Chromatin Dynamics
RNA and protein synthesis mechanisms
RNA Research and Splicing","Identification and analysis of functional elements in 1% of the human genome by the ENCODE pilot project (5287 citations)
Identification and Characterization of Cell Type–Specific and Ubiquitous Chromatin Regulatory Structures in the Human Genome (221 citations)
Transcription factor binding and modified histones in human bidirectional promoters (142 citations)"
Jared T. Nordman,Vanderbilt University,US,"DNA Repair Mechanisms
Genomics and Chromatin Dynamics
Epigenetics and DNA Methylation","Identification of Functional Elements and Regulatory Circuits by Drosophila modENCODE (1314 citations)
Repression of Clostridium difficile toxin gene expression by CodY (236 citations)
Localization of RecA in Escherichia coli K‐12 using RecA–GFP (118 citations)"
Jason A. Brooks,University of Massachusetts Chan Medical School,US,"Genomics and Chromatin Dynamics
RNA and protein synthesis mechanisms
RNA modifications and cancer","Expanded encyclopaedias of DNA elements in the human and mouse genomes (2668 citations)
Perspectives on ENCODE (232 citations)
Author Correction: Expanded encyclopaedias of DNA elements in the human and mouse genomes (21 citations)"
Jason Ernst,Broad Center,US,"Genomics and Chromatin Dynamics
Epigenetics and DNA Methylation
RNA Research and Splicing","An integrated encyclopedia of DNA elements in the human genome (19662 citations)
Integrative analysis of 111 reference human epigenomes (7219 citations)
Mapping and analysis of chromatin state dynamics in nine human cell types (3097 citations)"
Javier Herrero,University College London,GB,"Genomics and Phylogenetic Studies
Cancer Genomics and Diagnostics
Cancer Immunotherapy and Biomarkers","A global reference for human genetic variation (20393 citations)
An integrated encyclopedia of DNA elements in the human genome (19662 citations)
An integrated map of genetic variation from 1,092 human genomes (8263 citations)"
Jean‐Bosco Tagne,Boston University,US,"Fungal and yeast genetics research
RNA modifications and cancer
MicroRNA in disease regulation","Transcriptional Regulatory Networks in Saccharomyces cerevisiae (3011 citations)
Transcriptional regulatory code of a eukaryotic genome (2202 citations)
A Systems Approach to Mapping DNA Damage Response Pathways (272 citations)"
Jee Young Kwon,The Jackson Laboratory for Genomic Medicine,US,"Nanoparticles: synthesis and applications
Air Quality and Health Impacts
Cancer Research and Treatments","Multi-platform discovery of haplotype-resolved structural variation in human genomes (1052 citations)
Bifidobacterium bifidum strains synergize with immune checkpoint inhibitors to reduce tumour burden in mice (331 citations)
Human-specific tandem repeat expansion and differential gene expression during primate evolution (160 citations)"
Jeff Goldy,Allen Institute,US,"Single-cell and spatial transcriptomics
Neuroinflammation and Neurodegeneration Mechanisms
Neural dynamics and brain function","Identification and analysis of functional elements in 1% of the human genome by the ENCODE pilot project (5287 citations)
An anatomically comprehensive atlas of the adult human brain transcriptome (3395 citations)
Shared and distinct transcriptomic cell types across neocortical areas (2019 citations)"
Jeff Vierstra,Altius Institute for Biomedical Sciences,US,"Genomics and Chromatin Dynamics
RNA and protein synthesis mechanisms
RNA Research and Splicing","The accessible chromatin landscape of the human genome (2935 citations)
An integrated encyclopedia of DNA elements in the human genome (2783 citations)
Expanded encyclopaedias of DNA elements in the human and mouse genomes (2668 citations)"
Jennifer A. Akiyama,Lawrence Berkeley National Laboratory,US,"Genomics and Chromatin Dynamics
RNA Research and Splicing
RNA and protein synthesis mechanisms","Expanded encyclopaedias of DNA elements in the human and mouse genomes (2668 citations)
In vivo enhancer analysis of human conserved non-coding sequences (1210 citations)
Chromatin stretch enhancer states drive cell-specific gene regulation and harbor human disease risk variants (753 citations)"
Jeong Soo Yang,Samsung Medical Center,KR,"Analytical Chemistry and Chromatography
Toxic Organic Pollutants Impact
Analytical chemistry methods development","Identification of 67 Histone Marks and Histone Lysine Crotonylation as a New Type of Histone Modification (1908 citations)
Reduction of Cysteine Sulfinic Acid by Sulfiredoxin Is Specific to 2-Cys Peroxiredoxins (328 citations)
Comprehensive Profiling of Protein Lysine Acetylation in Escherichia coli (211 citations)"
Jeremy E. Sandler,Stowers Institute for Medical Research,US,"RNA Research and Splicing
Genomics and Chromatin Dynamics
Developmental Biology and Gene Regulation","The developmental transcriptome of Drosophila melanogaster (1611 citations)
Identification of Functional Elements and Regulatory Circuits by Drosophila modENCODE (1314 citations)
Genome-wide analysis of promoter architecture in Drosophila melanogaster (248 citations)"
Jesse R. Dixon,Salk Institute for Biological Studies,US,"Genomics and Chromatin Dynamics
Epigenetics and DNA Methylation
Single-cell and spatial transcriptomics","Topological domains in mammalian genomes identified by analysis of chromatin interactions (7513 citations)
Integrative analysis of 111 reference human epigenomes (7219 citations)
Chromatin architecture reorganization during stem cell differentiation (1839 citations)"
Jessica Antosiewicz‐Bourget,Morgridge Institute for Research,US,"Pluripotent Stem Cells Research
CRISPR and Genetic Engineering
Epigenetics and DNA Methylation","Induced Pluripotent Stem Cell Lines Derived from Human Somatic Cells (10323 citations)
Human DNA methylomes at base resolution show widespread epigenomic differences (4822 citations)
Histone modifications at human enhancers reflect global cell-type-specific gene expression (2627 citations)"
Jessika Adrian,Stanford University,US,"Plant Molecular Biology Research
Genomics and Chromatin Dynamics
Epigenetics and DNA Methylation","cis -Regulatory Elements and Chromatin State Coordinately Control Temporal and Spatial Expression of FLOWERING LOCUS T in Arabidopsis (359 citations)
Arabidopsis SPA proteins regulate photoperiodic flowering and interact with the floral inducer CONSTANS to regulate its stability (326 citations)
Direct roles of SPEECHLESS in the specification of stomatal self-renewing cells (237 citations)"
Jiashou Liu,University of Chinese Academy of Sciences,CN,"Fish Ecology and Management Studies
Fish Biology and Ecology Studies
Aquaculture Nutrition and Growth","Freshwater aquaculture in PR C hina: trends and prospects (205 citations)
Incidence of ischemic stroke post-chemotherapy: A retrospective review of 10,963 patients (115 citations)
Effects of water temperature on growth, feeding and molting of juvenile Chinese mitten crab Eriocheir sinensis (103 citations)"
Yi-Xiang Wang,Yuan Ze University,TW,"Advancements in Battery Materials
Electrocatalysts for Energy Conversion
Advanced Battery Materials and Technologies","An integrated map of genetic variation from 1,092 human genomes (8263 citations)
A map of human genome variation from population-scale sequencing (8121 citations)
Comprehensive molecular profiling of lung adenocarcinoma (5941 citations)"
Jianrong Wang,Michigan State University,US,"Genomics and Chromatin Dynamics
Chromosomal and Genetic Variations
Gene expression and cancer classification","Integrative analysis of 111 reference human epigenomes (7219 citations)
MIR retrotransposon sequences provide insulators to the human genome (132 citations)
Mammalian-wide interspersed repeat (MIR)-derived enhancers and the regulation of human gene expression (91 citations)"
Jiaqian Wu,Shanghai Municipal Center For Disease Control Prevention,CN,"RNA Research and Splicing
Genomics and Chromatin Dynamics
RNA and protein synthesis mechanisms","Identification and analysis of functional elements in 1% of the human genome by the ENCODE pilot project (5287 citations)
The Status, Quality, and Expansion of the NIH Full-Length cDNA Project: The Mammalian Gene Collection (MGC) (591 citations)
Genomic Analysis of the Nuclear Receptor Family: New Insights Into Structure, Regulation, and Evolution From the Rat Genome (219 citations)"
Jiayu Chen,Tsinghua University,CN,"Building Energy and Comfort Optimization
Urban Heat Island Mitigation
Occupational Health and Safety Research","Ab Initio Site Occupancy and Far-Red Emission of Mn4+ in Cubic-Phase La(MgTi)1/2O3 for Plant Cultivation (356 citations)
Site-Dependent Luminescence and Thermal Stability of Eu2+ Doped Fluorophosphate toward White LEDs for Plant Growth (260 citations)
Modeling energy consumption in residential buildings: A bottom-up analysis based on occupant behavior pattern clustering and stochastic simulation (216 citations)"
Jie Wu,Temple University,US,"Mobile Ad Hoc Networks
Caching and Content Delivery
Opportunistic and Delay-Tolerant Networks","On calculating power-aware connected dominating sets for efficient routing in ad hoc wireless networks (369 citations)
An Efficient Prediction-Based User Recruitment for Mobile Crowdsensing (272 citations)
PrivacyProtector: Privacy-Protected Patient Data Collection in IoT-Based Healthcare Systems (267 citations)"
Jill Cheng,Novartis (United States),US,"Genomics and Chromatin Dynamics
RNA and protein synthesis mechanisms
RNA Research and Splicing","The Cancer Cell Line Encyclopedia enables predictive modelling of anticancer drug sensitivity (8615 citations)
Identification and analysis of functional elements in 1% of the human genome by the ENCODE pilot project (5287 citations)
RNA Maps Reveal New RNA Classes and a Possible Function for Pervasive Transcription (2601 citations)"
Jin Lian,Yale University,US,"Genomics and Chromatin Dynamics
RNA and protein synthesis mechanisms
Genomics and Phylogenetic Studies","An integrated encyclopedia of DNA elements in the human genome (19662 citations)
Identification and analysis of functional elements in 1% of the human genome by the ENCODE pilot project (5287 citations)"
Jing Liang,China Medical University,CN,"Metaheuristic Optimization Algorithms Research
Advanced Multi-Objective Optimization Algorithms
Evolutionary Algorithms and Applications","Comprehensive learning particle swarm optimizer for global optimization of multimodal functions (3763 citations)
Problem Definitions and Evaluation Criteria for the CEC 2005 Special Session on Real-Parameter Optimization (2590 citations)
Problem Definitions and Evaluation Criteria for the CEC 2013 Special Session on Real-Parameter Optimization (688 citations)"
Jinhuan Li,Nanjing University of Aeronautics and Astronautics,CN,"Metamaterials and Metasurfaces Applications
Advanced Antenna and Metasurface Technologies
Electromagnetic wave absorption materials","CRISPR Inversion of CTCF Sites Alters Genome Topology and Enhancer/Promoter Function (1069 citations)
Precise and Predictable CRISPR Chromosomal Rearrangements Reveal Principles of Cas9-Mediated Nucleotide Insertion (219 citations)
High-performance graphene photodetector using interfacial gating (218 citations)"
Joanna Wysocka,Stanford University,US,"Genomics and Chromatin Dynamics
Epigenetics and DNA Methylation
RNA Research and Splicing","A unique chromatin signature uncovers early developmental enhancers in humans (2371 citations)
A long noncoding RNA maintains active chromatin to coordinate homeotic gene expression (2038 citations)
Identification of 67 Histone Marks and Histone Lysine Crotonylation as a New Type of Histone Modification (1908 citations)"
Job Dekker,University of Massachusetts Chan Medical School,US,"Genomics and Chromatin Dynamics
Chromosomal and Genetic Variations
RNA Research and Splicing","Comprehensive Mapping of Long-Range Interactions Reveals Folding Principles of the Human Genome (9780 citations)
Capturing Chromosome Conformation (3839 citations)
Spatial partitioning of the regulatory landscape of the X-inactivation centre (3256 citations)"
Joel Armstrong,,,"Genomics and Phylogenetic Studies
Chromosomal and Genetic Variations
Genetic diversity and population structure","GENCODE reference annotation for the human and mouse genomes (3556 citations)
GENCODE 2021 (1508 citations)
Toil enables reproducible, open source, big biomedical data analyses (1480 citations)"
Joel Rozowsky,Yale University,US,"Genomics and Chromatin Dynamics
RNA Research and Splicing
Gene expression and cancer classification","Landscape of transcription in human cells (5425 citations)
Mapping genomic loci implicates genes and synaptic biology in schizophrenia (2886 citations)
An integrated encyclopedia of DNA elements in the human genome (2783 citations)"
Joey Flores,NXP (Germany),DE,"Genomics and Phylogenetic Studies
Genomic variations and chromosomal abnormalities
Genomics and Rare Diseases","Multi-platform discovery of haplotype-resolved structural variation in human genomes (1052 citations)
Human-specific tandem repeat expansion and differential gene expression during primate evolution (160 citations)
Multi-platform discovery of haplotype-resolved structural variation in human genomes (158 citations)"
John H. Malone,South African Institute for Aquatic Biodiversity,ZA,"Amphibian and Reptile Biology
Animal Behavior and Reproduction
Genetic and Clinical Aspects of Sex Determination and Chromosomal Abnormalities","The developmental transcriptome of Drosophila melanogaster (1611 citations)
Identification of Functional Elements and Regulatory Circuits by Drosophila modENCODE (1314 citations)
Microarrays, deep sequencing and the true measure of the transcriptome (553 citations)"
John J. Wyrick,Washington State University,US,"Genomics and Chromatin Dynamics
DNA Repair Mechanisms
CRISPR and Genetic Engineering","Transcriptional Regulatory Networks in Saccharomyces cerevisiae (3011 citations)
Genome-Wide Location and Function of DNA Binding Proteins (1783 citations)
Dissecting the Regulatory Circuitry of a Eukaryotic Genome (1681 citations)"
John W. Whitaker,Sciencetech (Canada),CA,"Genomics and Chromatin Dynamics
Epigenetics and DNA Methylation
RNA modifications and cancer","Integrative analysis of 111 reference human epigenomes (7219 citations)
Expanded encyclopaedias of DNA elements in the human and mouse genomes (2668 citations)
Epigenomic Analysis of Multilineage Differentiation of Human Embryonic Stem Cells (785 citations)"
Jonas Korlach,Pacific Biosciences (United States),US,"Genomics and Phylogenetic Studies
RNA modifications and cancer
Chromosomal and Genetic Variations","Nonhybrid, finished microbial genome assemblies from long-read SMRT sequencing data (4367 citations)
Real-Time DNA Sequencing from Single Polymerase Molecules (3857 citations)
The complete sequence of a human genome (3454 citations)"
Jonathan H. Dennis,Florida State University,US,"Genomics and Chromatin Dynamics
Epigenetics and DNA Methylation
RNA and protein synthesis mechanisms","Topologically associating domains are stable units of replication-timing regulation (1014 citations)
Predicting Human Nucleosome Occupancy from Primary Sequence (138 citations)
Expression of the Brn-3b Transcription Factor Correlates with Expression of HSP-27 in Breast Cancer Biopsies and Is Required for Maximal Activation of the HSP-27 Promoter (133 citations)"
Jonathan Sebat,University of California San Diego,US,"Genomic variations and chromosomal abnormalities
Genomics and Rare Diseases
Genetics and Neurodevelopmental Disorders","A global reference for human genetic variation (20393 citations)
Strong Association of De Novo Copy Number Mutations with Autism (2855 citations)
An integrated map of structural variation in 2,504 human genomes (2693 citations)"
Jong Eun Lee,Ewha Womans University Mokdong Hospital,KR,"Legal and Regulatory Analysis
Linguistic, Cultural, and Literary Studies
Military Technology and Strategies","Multi-platform discovery of haplotype-resolved structural variation in human genomes (1052 citations)
A large-scale genome-wide association study of Asian populations uncovers genetic factors influencing eight quantitative traits (1028 citations)
Comparison of immunomodulatory properties of mesenchymal stem cells derived from adult human tissues (428 citations)"
Jorja G. Henikoff,Fred Hutch Cancer Center,US,"Genomics and Chromatin Dynamics
Genomics and Phylogenetic Studies
RNA and protein synthesis mechanisms","Amino acid substitution matrices from protein blocks. (6472 citations)
CUT&Tag for efficient epigenomic profiling of small samples and single cells (2315 citations)
Identification of Functional Elements and Regulatory Circuits by Drosophila modENCODE (1314 citations)"
Josep F. Abril,Universitat de Barcelona,ES,"Genomics and Phylogenetic Studies
Planarian Biology and Electrostimulation
Machine Learning in Bioinformatics","The Sequence of the Human Genome (13706 citations)
Initial sequencing and comparative analysis of the mouse genome (7303 citations)
The Genome Sequence of Drosophila melanogaster (6044 citations)"
Joseph R. Ecker,UC San Diego Health System,US,"Plant Molecular Biology Research
Epigenetics and DNA Methylation
Single-cell and spatial transcriptomics","Integrative analysis of 111 reference human epigenomes (7219 citations)
Genome-Wide Insertional Mutagenesis of Arabidopsis thaliana (5121 citations)
Human DNA methylomes at base resolution show widespread epigenomic differences (4822 citations)"
Joseph R. Nery,Salk Institute for Biological Studies,US,"Epigenetics and DNA Methylation
Single-cell and spatial transcriptomics
Plant Molecular Biology Research","Human DNA methylomes at base resolution show widespread epigenomic differences (4822 citations)
Expanded encyclopaedias of DNA elements in the human and mouse genomes (2668 citations)
Global Epigenomic Reconfiguration During Mammalian Brain Development (1925 citations)"
Joseph W. Carlson,Joint Genome Institute,US,"Genomics and Phylogenetic Studies
Chromosomal and Genetic Variations
RNA and protein synthesis mechanisms","The developmental transcriptome of Drosophila melanogaster (1611 citations)
Identification of Functional Elements and Regulatory Circuits by Drosophila modENCODE (1314 citations)
Tools for neuroanatomy and neurogenetics in Drosophila (1079 citations)"
José Dávila-Velderrain,Human Technopole,IT,"Gene Regulatory Network Analysis
Single-cell and spatial transcriptomics
Genomics and Chromatin Dynamics","Single-cell transcriptomic analysis of Alzheimer’s disease (2824 citations)
Expanded encyclopaedias of DNA elements in the human and mouse genomes (2668 citations)
Association studies of up to 1.2 million individuals yield new insights into the genetic etiology of tobacco and alcohol use (2173 citations)"
Joyce Lee,University of Colorado Denver,US,"Interstitial Lung Diseases and Idiopathic Pulmonary Fibrosis
Systemic Sclerosis and Related Diseases
Inflammatory Myopathies and Dermatomyositis","Mental health effects of school closures during COVID-19 (1969 citations)
Acute Exacerbation of Idiopathic Pulmonary Fibrosis. An International Working Group Report (1476 citations)
A Multidimensional Index and Staging System for Idiopathic Pulmonary Fibrosis (1343 citations)"
Julia Zeitlinger,University of Kansas Medical Center,US,"Genomics and Chromatin Dynamics
RNA Research and Splicing
Developmental Biology and Gene Regulation","Transcriptional Regulatory Networks in Saccharomyces cerevisiae (3011 citations)
Polycomb complexes repress developmental regulators in murine embryonic stem cells (2532 citations)
Transcriptional regulatory code of a eukaryotic genome (2202 citations)"
Julian Tonti‐Filippini,Curtin University,AU,"Photosynthetic Processes and Mechanisms
Genomics and Phylogenetic Studies
Epigenetics and DNA Methylation","Human DNA methylomes at base resolution show widespread epigenomic differences (4822 citations)
Highly Integrated Single-Base Resolution Maps of the Epigenome in Arabidopsis (2506 citations)
Global Epigenomic Reconfiguration During Mammalian Brain Development (1925 citations)"
Julie Coursen,Johns Hopkins Medicine,US,"Pulmonary Hypertension Research and Treatments
Systemic Sclerosis and Related Diseases
Genomics and Chromatin Dynamics","Expanded encyclopaedias of DNA elements in the human and mouse genomes (2668 citations)
Perspectives on ENCODE (232 citations)
Metabolic profiling of in vivo right ventricular function and exercise performance in pulmonary arterial hypertension (27 citations)"
Julien Lagarde,Anaxomics (Spain),ES,"RNA modifications and cancer
RNA and protein synthesis mechanisms
Genomics and Phylogenetic Studies","An integrated encyclopedia of DNA elements in the human genome (19662 citations)
Landscape of transcription in human cells (5425 citations)
Identification and analysis of functional elements in 1% of the human genome by the ENCODE pilot project (5287 citations)"
Jun Ding,Stanford University,US,"Magnetic properties of thin films
ZnO doping and properties
Magnetic Properties and Synthesis of Ferrites","Competitive adsorption of Pb2+, Cu2+ and Cd2+ ions from aqueous solutions by multiwalled carbon nanotubes (966 citations)
Room-Temperature Ferromagnetism in Carbon-Doped ZnO (820 citations)
Adsorption of cadmium(II) from aqueous solution by surface oxidized carbon nanotubes (793 citations)"
Jun S. Liu,Tsinghua University,CN,"Statistical Methods and Inference
Gene expression and cancer classification
Bayesian Methods and Mixture Models","Topological domains in mammalian genomes identified by analysis of chromatin interactions (7513 citations)
TIMER: A Web Server for Comprehensive Analysis of Tumor-Infiltrating Immune Cells (6631 citations)
Calcineurin is a common target of cyclophilin-cyclosporin A and FKBP-FK506 complexes (4166 citations)"
T. J. Kim,"University of California, Berkeley",US,"Particle physics theoretical and experimental studies
High-Energy Particle Collisions Research
Quantum Chromodynamics and Particle Interactions","Observation of a new boson at a mass of 125 GeV with the CMS experiment at the LHC (10113 citations)
The CMS experiment at the CERN LHC (5502 citations)
The ATLAS Simulation Infrastructure (1888 citations)"
Justen Andrews,Indiana University Bloomington,US,"Developmental Biology and Gene Regulation
Genomics and Phylogenetic Studies
Neurobiology and Insect Physiology Research","The developmental transcriptome of Drosophila melanogaster (1611 citations)
Identification of Functional Elements and Regulatory Circuits by Drosophila modENCODE (1314 citations)
The Ecoresponsive Genome of Daphnia pulex (1241 citations)"
Jyoti S. Choudhary,Balfour Beatty (United Kingdom),GB,"Advanced Proteomics Techniques and Applications
Ubiquitin and proteasome pathways
DNA Repair Mechanisms","GENCODE reference annotation for the human and mouse genomes (3556 citations)
Expanded encyclopaedias of DNA elements in the human and mouse genomes (2668 citations)
GENCODE 2021 (1508 citations)"
Jörg Drenkow,Cold Spring Harbor Laboratory,US,"Genomics and Chromatin Dynamics
RNA and protein synthesis mechanisms
RNA Research and Splicing","STAR: ultrafast universal RNA-seq aligner (57724 citations)
An integrated encyclopedia of DNA elements in the human genome (19662 citations)
Landscape of transcription in human cells (5425 citations)"
Kai Ye,Chongqing Medical University,CN,"Genomics and Phylogenetic Studies
Cancer Genomics and Diagnostics
Chromosomal and Genetic Variations","A global reference for human genetic variation (20393 citations)
A map of human genome variation from population-scale sequencing (8121 citations)
Comprehensive molecular profiling of lung adenocarcinoma (5941 citations)"
Kyle Kai‐How Farh,Illumina (United States),US,"Genomics and Phylogenetic Studies
Primate Behavior and Ecology
Genomics and Rare Diseases","Most mammalian mRNAs are conserved targets of microRNAs (8629 citations)
MicroRNA Targeting Specificity in Mammals: Determinants beyond Seed Pairing (3829 citations)
Predicting Splicing from Primary Sequence with Deep Learning (3064 citations)"
Kami Ahmad,Fred Hutch Cancer Center,US,"Genomics and Chromatin Dynamics
Cancer Genomics and Diagnostics
Epigenetics and DNA Methylation","CUT&Tag for efficient epigenomic profiling of small samples and single cells (2315 citations)
The Centromere Paradox: Stable Inheritance with Rapidly Evolving DNA (1459 citations)
Identification of Functional Elements and Regulatory Circuits by Drosophila modENCODE (1314 citations)"
Kanwei Li,Don State Agrarian University,RU,"Genomics and Chromatin Dynamics
RNA and protein synthesis mechanisms
RNA Research and Splicing","A comparative encyclopedia of DNA elements in the mouse genome (1952 citations)
HIDE (11 citations)
The Galaxy Track Browser: Transforming the genome browser from visualization tool to analysis tool (3 citations)"
Karine A. Viaud‐Martinez,Illumina (United States),US,"Genetic Associations and Epidemiology
Genomics and Rare Diseases
RNA Research and Splicing","Sequencing of 53,831 diverse genomes from the NHLBI TOPMed Program (2363 citations)
Multi-platform discovery of haplotype-resolved structural variation in human genomes (1052 citations)
Sequencing of 53,831 diverse genomes from the NHLBI TOPMed Program (427 citations)"
Kate R. Rosenbloom,"Institut thématique Génétique, génomique et bioinformatique",FR,"Genomics and Phylogenetic Studies
RNA and protein synthesis mechanisms
Genomics and Chromatin Dynamics","An integrated encyclopedia of DNA elements in the human genome (19662 citations)
The GTEx Consortium atlas of genetic regulatory effects across human tissues (6140 citations)
Identification and analysis of functional elements in 1% of the human genome by the ENCODE pilot project (5287 citations)"
Katherine Fisher-Aylor,California Institute of Technology,US,"Genomics and Chromatin Dynamics
RNA and protein synthesis mechanisms
RNA Research and Splicing","An integrated encyclopedia of DNA elements in the human genome (19662 citations)
An integrated encyclopedia of DNA elements in the human genome (2783 citations)
Expanded encyclopaedias of DNA elements in the human and mouse genomes (2668 citations)"
Katherine M. Munson,University of Washington,US,"Chromosomal and Genetic Variations
Genomic variations and chromosomal abnormalities
Genomics and Phylogenetic Studies","A draft human pangenome reference (1219 citations)
Multi-platform discovery of haplotype-resolved structural variation in human genomes (1052 citations)
Haplotype-resolved diverse human genomes and integrated analysis of structural variation (821 citations)"
Kathryn Beal,Weill Cornell Medicine,US,"Genomics and Phylogenetic Studies
Chromosomal and Genetic Variations
Genomics and Chromatin Dynamics","A global reference for human genetic variation (20393 citations)
An integrated encyclopedia of DNA elements in the human genome (2783 citations)
A comparative encyclopedia of DNA elements in the mouse genome (1952 citations)"
Katrina Learned,"University of California, Santa Cruz",US,"Genomics and Phylogenetic Studies
RNA modifications and cancer
Glioma Diagnosis and Treatment","An integrated encyclopedia of DNA elements in the human genome (19662 citations)
An integrated encyclopedia of DNA elements in the human genome (2783 citations)
A comparative encyclopedia of DNA elements in the mouse genome (1952 citations)"
Katsutomo Okamura,Nara Institute of Science and Technology,JP,"MicroRNA in disease regulation
RNA Research and Splicing
RNA Interference and Gene Delivery","Identification of Functional Elements and Regulatory Circuits by Drosophila modENCODE (1314 citations)
The Mirtron Pathway Generates microRNA-Class Regulatory RNAs in Drosophila (1035 citations)
Distinct roles for Argonaute proteins in small RNA-directed RNA cleavage pathways (845 citations)"
Keith A. Ching,Pfizer (United States),US,"Protein Tyrosine Phosphatases
RNA modifications and cancer
Biochemical and Molecular Research","A gene atlas of the mouse and human protein-encoding transcriptomes (3552 citations)
Distinct and predictive chromatin signatures of transcriptional promoters and enhancers in the human genome (3518 citations)
Histone modifications at human enhancers reflect global cell-type-specific gene expression (2627 citations)"
Keith E. Szulwach,Rapt Therapeutics (United States),US,"Epigenetics and DNA Methylation
MicroRNA in disease regulation
RNA modifications and cancer","Selective chemical labeling reveals the genome-wide distribution of 5-hydroxymethylcytosine (1110 citations)
Base-Resolution Analysis of 5-Hydroxymethylcytosine in the Mammalian Genome (1061 citations)
5-hmC–mediated epigenetic dynamics during postnatal neurodevelopment and aging (843 citations)"
Keith James,Wrap (United Kingdom),GB,"Genomics and Phylogenetic Studies
Genomics and Chromatin Dynamics
Bacterial Genetics and Biotechnology","Identification and analysis of functional elements in 1% of the human genome by the ENCODE pilot project (5287 citations)
Genome sequence of the human malaria parasite Plasmodium falciparum (4506 citations)
Complete genome sequence of the model actinomycete Streptomyces coelicolor A3(2) (3288 citations)"
Ken Chen,Tianjin University,CN,"Cancer Genomics and Diagnostics
Single-cell and spatial transcriptomics
CAR-T cell therapy research","A global reference for human genetic variation (20393 citations)
A map of human genome variation from population-scale sequencing (8121 citations)
Comprehensive genomic characterization defines human glioblastoma genes and core pathways (7864 citations)"
Kenneth H. Wan,Lawrence Berkeley National Laboratory,US,"Genomics and Phylogenetic Studies
RNA and protein synthesis mechanisms
Genomics and Chromatin Dynamics","The Genome Sequence of Drosophila melanogaster (6044 citations)
The developmental transcriptome of Drosophila melanogaster (1611 citations)
Identification of Functional Elements and Regulatory Circuits by Drosophila modENCODE (1314 citations)"
Kevin P. White,Tempus Labs (United States),US,"Genomics and Chromatin Dynamics
Cancer Genomics and Diagnostics
Bioinformatics and Genomic Networks","Mapping genomic loci implicates genes and synaptic biology in schizophrenia (2886 citations)
An integrated encyclopedia of DNA elements in the human genome (2783 citations)
Expanded encyclopaedias of DNA elements in the human and mouse genomes (2668 citations)"
Kirsten Lee,,,"Classical Antiquity Studies
Archaeological Research and Protection
Media, Religion, Digital Communication","Identification and analysis of functional elements in 1% of the human genome by the ENCODE pilot project (5287 citations)
ALCOHOL-INDUCED BRAIN DAMAGE AND LIVER DAMAGE IN YOUNG MALES (133 citations)
Fat-Secreted Ceramides Regulate Vascular Redox State and Influence Outcomes in Patients With Cardiovascular Disease (123 citations)"
Kristen Lee,Duke University Health System,US,"Genomics and Chromatin Dynamics
RNA Research and Splicing
Epigenetics and DNA Methylation","An integrated encyclopedia of DNA elements in the human genome (19662 citations)
Genetic effects on gene expression across human tissues (4742 citations)
Systematic Localization of Common Disease-Associated Variation in Regulatory DNA (4113 citations)"
Kristin Ardlie,Broad Institute,US,"Genetic Associations and Epidemiology
Bioinformatics and Genomic Networks
Genetic Mapping and Diversity in Plants and Animals","The Cancer Cell Line Encyclopedia enables predictive modelling of anticancer drug sensitivity (8615 citations)
Integrated genomic analyses of ovarian carcinoma (8246 citations)
Comprehensive genomic characterization defines human glioblastoma genes and core pathways (7864 citations)"
Kyle Siebenthall,Bioscience Research,US,"Genomics and Chromatin Dynamics
Malaria Research and Control
Mosquito-borne diseases and control","Integrative analysis of 111 reference human epigenomes (7219 citations)
Expanded encyclopaedias of DNA elements in the human and mouse genomes (2668 citations)
Perspectives on ENCODE (232 citations)"
Laura Clarke,Data Management (Italy),IT,"Genomics and Phylogenetic Studies
Epigenetics and DNA Methylation
Chromosomal and Genetic Variations","A global reference for human genetic variation (20393 citations)
Neurotoxic reactive astrocytes are induced by activated microglia (8296 citations)
An integrated map of structural variation in 2,504 human genomes (2693 citations)"
Laurel A. Brandsmeier,HudsonAlpha Institute for Biotechnology,US,"Genomics and Chromatin Dynamics
RNA and protein synthesis mechanisms
RNA Research and Splicing","Expanded encyclopaedias of DNA elements in the human and mouse genomes (2668 citations)
Perspectives on ENCODE (232 citations)
Occupancy maps of 208 chromatin-associated proteins in one human cell type (178 citations)"
Laurie A. Boyer,University of Iceland,IS,"Genomics and Chromatin Dynamics
Epigenetics and DNA Methylation
Pluripotent Stem Cells Research","Integrative analysis of 111 reference human epigenomes (7219 citations)
Histone H3K27ac separates active from poised enhancers and predicts developmental state (4618 citations)
Core Transcriptional Regulatory Circuitry in Human Embryonic Stem Cells (4527 citations)"
Leah O. Barrera,Ludwig Cancer Research,US,"Genomics and Chromatin Dynamics
Gene expression and cancer classification
RNA Research and Splicing","Distinct and predictive chromatin signatures of transcriptional promoters and enhancers in the human genome (3518 citations)
A high-resolution map of active promoters in the human genome (938 citations)
Genome-wide mapping and analysis of active promoters in mouse embryonic stem cells and adult organs (125 citations)"
Lee Edsall,Cincinnati Children's Hospital Medical Center,US,"Genomics and Chromatin Dynamics
Epigenetics and DNA Methylation
Hippo pathway signaling and YAP/TAZ","Human DNA methylomes at base resolution show widespread epigenomic differences (4822 citations)
A comparative encyclopedia of DNA elements in the mouse genome (1952 citations)
A map of the cis-regulatory sequences in the mouse genome (1462 citations)"
Lei-Hoon See,Cold Spring Harbor Laboratory,US,"Genomics and Chromatin Dynamics
RNA and protein synthesis mechanisms
RNA modifications and cancer",An integrated encyclopedia of DNA elements in the human genome (19662 citations)
Leonard K. Lee,Ludwig Cancer Research,US,"Genomics and Chromatin Dynamics
Pluripotent Stem Cells Research
RNA and protein synthesis mechanisms","Histone modifications at human enhancers reflect global cell-type-specific gene expression (2627 citations)
Distinct Epigenomic Landscapes of Pluripotent and Lineage-Committed Human Cells (823 citations)
A Novel Mechanism Involving Four-and-a-half LIM Domain Protein-1 and Extracellular Signal-regulated Kinase-2 Regulates Titin Phosphorylation and Mechanics (99 citations)"
Leonard Lee,University of Oxford,GB,"Cardiac Valve Diseases and Treatments
Cardiac, Anesthesia and Surgical Outcomes
Cardiac and Coronary Surgery Techniques","Human DNA methylomes at base resolution show widespread epigenomic differences (4822 citations)
A map of the cis-regulatory sequences in the mouse genome (1462 citations)
Oxygen Reserve Index: Utility as an Early Warning for Desaturation in High-Risk Surgical Patients (40 citations)"
Lev Becker,MEI Pharma (United States),US,"Immune cells in cancer
Adipokines, Inflammation, and Metabolic Diseases
Adipose Tissue and Metabolism","Metabolic regulation of gene expression by histone lactylation (4318 citations)
Gender Bias in Autoimmunity Is Influenced by Microbiota (941 citations)
Metabolic Dysfunction Drives a Mechanistically Distinct Proinflammatory Phenotype in Adipose Tissue Macrophages (823 citations)"
Li Ding,South China University of Technology,CN,"Cancer Genomics and Diagnostics
Radiomics and Machine Learning in Medical Imaging
AI in cancer detection","Integrated Genomic Analysis Identifies Clinically Relevant Subtypes of Glioblastoma Characterized by Abnormalities in PDGFRA, IDH1, EGFR, and NF1 (7834 citations)
VarScan 2: Somatic mutation and copy number alteration discovery in cancer by exome sequencing (5383 citations)
Mutational landscape and significance across 12 major cancer types (4568 citations)"
Li Guo,Xi'an Jiaotong University,CN,"Plasma Applications and Diagnostics
SARS-CoV-2 and COVID-19 Research
COVID-19 Clinical Research Studies","Clinical features of patients infected with 2019 novel coronavirus in Wuhan, China (51991 citations)
A Trial of Lopinavir–Ritonavir in Adults Hospitalized with Severe Covid-19 (5523 citations)
Characterization of spike glycoprotein of SARS-CoV-2 on virus entry and its immune cross-reactivity with SARS-CoV (3410 citations)"
Tobin J. Marks,Materials Research Center,IN,"Organic Electronics and Photovoltaics
Conducting polymers and applications
Organometallic Complex Synthesis and Catalysis","Emerging Device Applications for Semiconducting Two-Dimensional Transition Metal Dichalcogenides (2773 citations)
Design and construction of molecular assemblies with large second-order optical nonlinearities. Quantum chemical aspects (2318 citations)
Cocatalysts for Metal-Catalyzed Olefin Polymerization: Activators, Activation Processes, and Structure−Activity Relationships (1929 citations)"
Li‐Huei Tsai,Massachusetts Institute of Technology,US,"Neuroinflammation and Neurodegeneration Mechanisms
Neurogenesis and neuroplasticity mechanisms
Alzheimer's disease research and treatments","Single-cell transcriptomic analysis of Alzheimer’s disease (2824 citations)
Driving fast-spiking cells induces gamma rhythm and controls sensory responses (2778 citations)
Microglia states and nomenclature: A field at its crossroads (2031 citations)"
Qiang Zhang,Tsinghua University,CN,"Advancements in Battery Materials
Advanced Battery Materials and Technologies
Advanced Battery Technologies Research","Toward Safe Lithium Metal Anode in Rechargeable Batteries: A Review (6237 citations)
The timescale identification decoupling complicated kinetic processes in lithium batteries (2302 citations)
Advanced Asymmetric Supercapacitors Based on Ni(OH)2/Graphene and Porous Graphene Electrodes with High Energy Density (1999 citations)"
Lijia Ma,University of Chicago,US,"Genomics and Chromatin Dynamics
RNA and protein synthesis mechanisms
RNA modifications and cancer",An integrated encyclopedia of DNA elements in the human genome (19662 citations)
Lincoln Stein,Ontario Institute for Cancer Research,CA,"Cancer Genomics and Diagnostics
Bioinformatics and Genomic Networks
Genomics and Phylogenetic Studies","The Reactome pathway Knowledgebase (6009 citations)
The Gene Ontology resource: enriching a GOld mine (3986 citations)
The Reactome Pathway Knowledgebase (3220 citations)"
Lindsey F. Harp,,,"Genomics and Chromatin Dynamics
RNA and protein synthesis mechanisms
RNA Research and Splicing","Histone modifications at human enhancers reflect global cell-type-specific gene expression (2627 citations)
Histone Modifications at Human Enhancers Reflect Global Cell-Type-Specific Gene Expression (7 citations)"
Lingling Cai,State Key Laboratory of Heavy Oil,,"Generative Adversarial Networks and Image Synthesis
Phase Change Materials Research
Particle Dynamics in Fluid Flows","Expanded encyclopaedias of DNA elements in the human and mouse genomes (2668 citations)
WWP2 drives the progression of gastric cancer by facilitating the ubiquitination and degradation of LATS1 protein (34 citations)
Fe/Ni layered double hydroxide biocatalysts inhibit tumor growth through ROS and ferroptosis signaling pathway (29 citations)"
Lisa H. Chadwick,Brotman Baty Institute,US,"Epigenetics and DNA Methylation
Genomics and Chromatin Dynamics
Genomics and Rare Diseases","Integrative analysis of 111 reference human epigenomes (7219 citations)
The International Human Epigenome Consortium: A Blueprint for Scientific Collaboration and Discovery (566 citations)
The NIH Roadmap Epigenomics Program data Resource (208 citations)"
Long Pham,Texas A&M University – Corpus Christi,US,"Technology Adoption and User Behaviour
Customer Service Quality and Loyalty
Digital Marketing and Social Media","A comparative encyclopedia of DNA elements in the mouse genome (1952 citations)
Does e-learning service quality influence e-learning student satisfaction and loyalty? Evidence from Vietnam (463 citations)
Ultralow-input single-tube linked-read library method enables short-read second-generation sequencing systems to routinely generate highly accurate and economical long-range sequencing information (136 citations)"
Louis Philip Benoit Bouvrette,Université de Montréal,CA,"RNA Research and Splicing
RNA and protein synthesis mechanisms
RNA modifications and cancer","Expanded encyclopaedias of DNA elements in the human and mouse genomes (2668 citations)
A large-scale binding and functional map of human RNA-binding proteins (1426 citations)
Perspectives on ENCODE (232 citations)"
Lucas D. Ward,Alnylam Pharmaceuticals (United States),US,"Genomics and Chromatin Dynamics
Genetic Associations and Epidemiology
Genomics and Rare Diseases","An integrated encyclopedia of DNA elements in the human genome (19662 citations)
Integrative analysis of 111 reference human epigenomes (7219 citations)
The Genotype-Tissue Expression (GTEx) pilot analysis: Multitissue gene regulation in humans (5720 citations)"
Lucy Cherbas,Indiana University Bloomington,US,"Neurobiology and Insect Physiology Research
Insect Resistance and Genetics
Invertebrate Immune Response Mechanisms","The developmental transcriptome of Drosophila melanogaster (1611 citations)
Identification of Functional Elements and Regulatory Circuits by Drosophila modENCODE (1314 citations)
Functional ecdysone receptor is the product of EcR and Ultraspiracle genes (959 citations)"
Anna Luisa Di Stefano,Azienda USL Toscana Nord Ovest,IT,"Glioma Diagnosis and Treatment
Cancer, Hypoxia, and Metabolism
Radiomics and Machine Learning in Medical Imaging","Pathway-based classification of glioblastoma uncovers a mitochondrial subtype with therapeutic vulnerabilities (389 citations)
Genome-wide association study of glioma subtypes identifies specific differences in genetic susceptibility to glioblastoma and non-glioblastoma tumors (382 citations)
The 2016 World Health Organization classification of tumours of the central nervous system (319 citations)"
Lulu Cao,Hefei University of Technology,CN,"Metabolomics and Mass Spectrometry Studies
Plant Pathogens and Resistance
Advanced biosensing and bioanalysis techniques","Expanded encyclopaedias of DNA elements in the human and mouse genomes (2668 citations)
Perspectives on ENCODE (232 citations)
Transcriptome analysis of Phytophthora litchii reveals pathogenicity arsenals and confirms taxonomic status (28 citations)"
Lunzhi Dai,State Key Laboratory of Biotherapy,,"Immune cells in cancer
Neuroinflammation and Neurodegeneration Mechanisms
Glioma Diagnosis and Treatment","Metabolic regulation of gene expression by histone lactylation (4318 citations)
Identification of lysine succinylation as a new post-translational modification (1080 citations)
Lysine Glutarylation Is a Protein Posttranslational Modification Regulated by SIRT5 (892 citations)"
Tomasz M. Beer,VA Portland Health Care System,US,"Prostate Cancer Treatment and Research
Prostate Cancer Diagnosis and Treatment
Cancer, Lipids, and Metabolism","Enzalutamide in Metastatic Prostate Cancer before Chemotherapy (3069 citations)
Lutetium-177–PSMA-617 for Metastatic Castration-Resistant Prostate Cancer (2796 citations)
Development of a Second-Generation Antiandrogen for Treatment of Advanced Prostate Cancer (2335 citations)"
M Snyder,Stanford University,US,"Genomics and Chromatin Dynamics
Fungal and yeast genetics research
RNA Research and Splicing","An integrated encyclopedia of DNA elements in the human genome (19662 citations)
RNA-Seq: a revolutionary tool for transcriptomics (13540 citations)
The GTEx Consortium atlas of genetic regulatory effects across human tissues (6140 citations)"
M. A. Bender,,,"Carcinogens and Genotoxicity Assessment
DNA Repair Mechanisms
Genomics and Chromatin Dynamics","Comprehensive Mapping of Long-Range Interactions Reveals Folding Principles of the Human Genome (9780 citations)
An integrated encyclopedia of DNA elements in the human genome (2783 citations)
Expanded encyclopaedias of DNA elements in the human and mouse genomes (2668 citations)"
Madhavan Ganesh,Leipzig University,DE,"Genomics and Chromatin Dynamics
RNA and protein synthesis mechanisms
RNA Research and Splicing","Identification and analysis of functional elements in 1% of the human genome by the ENCODE pilot project (5287 citations)
RNA Maps Reveal New RNA Classes and a Possible Function for Pervasive Transcription (2601 citations)
Transcriptional Maps of 10 Human Chromosomes at 5-Nucleotide Resolution (1227 citations)"
Madhusudan Gujral,University of California San Diego,US,"Genomic variations and chromosomal abnormalities
Genomics and Rare Diseases
Autism Spectrum Disorder Research","A global reference for human genetic variation (20393 citations)
An integrated map of structural variation in 2,504 human genomes (2693 citations)
Contribution of copy number variants to schizophrenia from a genome-wide study of 41,321 subjects (1158 citations)"
M. E. Ryan,McGill University,CA,"Rheology and Fluid Dynamics Studies
Polymer crystallization and properties
Injection Molding Process and Properties","Kinetics of epoxy cure: a rapid technique for kinetic parameter estimation (295 citations)
Rheological Behavior of Filled Polymeric Systems I. Yield Stress and Shear‐Thinning Effects (265 citations)
Pulsed Plasma Polymerization of Maleic Anhydride (196 citations)"
Cheuk‐Man Yu,,,"Cardiac pacing and defibrillation studies
Cardiovascular Function and Risk Factors
Cardiac Arrhythmias and Treatments","Results of the Predictors of Response to CRT (PROSPECT) Trial (2169 citations)
Tissue Doppler Echocardiographic Evidence of Reverse Remodeling and Improved Synchronicity by Simultaneously Delaying Regional Contraction After Biventricular Pacing Therapy in Heart Failure (1114 citations)
Intrathoracic Impedance Monitoring in Patients With Heart Failure (717 citations)"
Manolis Kellis,University of Groningen,NL,"Genomics and Chromatin Dynamics
RNA and protein synthesis mechanisms
Single-cell and spatial transcriptomics","The GTEx Consortium atlas of genetic regulatory effects across human tissues (6140 citations)
GENCODE: The reference human genome annotation for The ENCODE Project (5098 citations)
Chromatin signature reveals over a thousand highly conserved large non-coding RNAs in mammals (4215 citations)"
Maomao He,"University of California, Berkeley",US,"Epigenetics and DNA Methylation
Histone Deacetylase Inhibitors Research
Chemical synthesis and alkaloids","Metabolic regulation of gene expression by histone lactylation (4318 citations)
Biological and pharmacological activities of amaryllidaceae alkaloids (198 citations)
Identification of lysine isobutyrylation as a new histone modification mark (71 citations)"
Marc D. Perry,"University of California, Santa Cruz",US,"Cancer Genomics and Diagnostics
Genetics, Aging, and Longevity in Model Organisms
Genomics and Phylogenetic Studies","The repertoire of mutational signatures in human cancer (3843 citations)
Pan-cancer analysis of whole genomes (3351 citations)
ChIP-seq guidelines and practices of the ENCODE and modENCODE consortia (2259 citations)"
Marc Parisien,McGill University,CA,"Pain Mechanisms and Treatments
RNA and protein synthesis mechanisms
RNA modifications and cancer","N6-methyladenosine-dependent regulation of messenger RNA stability (4917 citations)
N6-methyladenosine-dependent RNA structural switches regulate RNA–protein interactions (2051 citations)
The MC-Fold and MC-Sym pipeline infers RNA structure from sequence data (883 citations)"
Marco A. Marra,Canada's Michael Smith Genome Sciences Centre,CA,"Cancer Genomics and Diagnostics
Epigenetics and DNA Methylation
RNA modifications and cancer","Initial sequencing and analysis of the human genome (24723 citations)
Circos: An information aesthetic for comparative genomics (12101 citations)
Integrative analysis of 111 reference human epigenomes (7219 citations)"
Marella de Bruijn,MRC Human Immunology Unit,GB,"Zebrafish Biomedical Research Applications
Hematopoietic Stem Cell Transplantation
Immune cells in cancer","Tissue-resident macrophages originate from yolk-sac-derived erythro-myeloid progenitors (2333 citations)
A comparative encyclopedia of DNA elements in the mouse genome (1952 citations)
Combinatorial Transcriptional Control In Blood Stem/Progenitor Cells: Genome-wide Analysis of Ten Major Transcriptional Regulators (745 citations)"
Marijke J. van Baren,"University of California, Santa Cruz",US,"Genomics and Phylogenetic Studies
RNA modifications and cancer
RNA and protein synthesis mechanisms","An integrated encyclopedia of DNA elements in the human genome (19662 citations)
Transcript assembly and quantification by RNA-Seq reveals unannotated transcripts and isoform switching during cell differentiation (16655 citations)
Mutations in the DJ-1 Gene Associated with Autosomal Recessive Early-Onset Parkinsonism (2798 citations)"
Mark Carty,Tempus Labs (United States),US,"Cancer Genomics and Diagnostics
Genomics and Chromatin Dynamics
MicroRNA in disease regulation","Expanded encyclopaedias of DNA elements in the human and mouse genomes (2668 citations)
Perspectives on ENCODE (232 citations)
An integrated model for detecting significant chromatin interactions from high-resolution Hi-C data (104 citations)"
Mark Chaisson,USC Norris Comprehensive Cancer Center,US,"Genomics and Phylogenetic Studies
Chromosomal and Genetic Variations
Genomics and Rare Diseases","STAR: ultrafast universal RNA-seq aligner (57724 citations)
A global reference for human genetic variation (20393 citations)
Towards complete and error-free genome assemblies of all vertebrate species (3284 citations)"
Mark Diekhans,Santa Cruz County Office of Education,US,"Genomics and Phylogenetic Studies
Chromosomal and Genetic Variations
RNA and protein synthesis mechanisms","Initial sequencing and comparative analysis of the mouse genome (7303 citations)
GENCODE: The reference human genome annotation for The ENCODE Project (5098 citations)
GENCODE reference annotation for the human and mouse genomes (3556 citations)"
Mark Gerstein,Institute of Molecular Biology and Biophysics,RU,"Genomics and Phylogenetic Studies
Bioinformatics and Genomic Networks
Genomics and Chromatin Dynamics","A global reference for human genetic variation (20393 citations)
RNA-Seq: a revolutionary tool for transcriptomics (13540 citations)
Landscape of transcription in human cells (5425 citations)"
Mark Groudine,Fred Hutch Cancer Center,US,"Genomics and Chromatin Dynamics
RNA Research and Splicing
Epigenetics and DNA Methylation","Comprehensive Mapping of Long-Range Interactions Reveals Folding Principles of the Human Genome (9780 citations)
An integrated encyclopedia of DNA elements in the human genome (2783 citations)
Expanded encyclopaedias of DNA elements in the human and mouse genomes (2668 citations)"
Mark S. Guyer,,,"RNA and protein synthesis mechanisms
Genomics and Rare Diseases
Bacterial Genetics and Biotechnology","Initial sequencing and analysis of the human genome (24723 citations)
An integrated map of genetic variation from 1,092 human genomes (8263 citations)
A map of human genome variation from population-scale sequencing (8121 citations)"
Martin Hirst,Canada's Michael Smith Genome Sciences Centre,CA,"Epigenetics and DNA Methylation
RNA modifications and cancer
Genomics and Chromatin Dynamics","Integrative analysis of 111 reference human epigenomes (7219 citations)
The NIH Roadmap Epigenomics Mapping Consortium (2067 citations)
The clonal and mutational evolution spectrum of primary triple-negative breast cancers (2035 citations)"
Mathew Perez‐Neut,University of Chicago,US,"Ion channel regulation and function
Cardiac electrophysiology and arrhythmias
Cellular Mechanics and Interactions","Metabolic regulation of gene expression by histone lactylation (4318 citations)
Voltage-Gated Ion Channels in Cancer Cell Proliferation (241 citations)
Lysine benzoylation is a histone mark regulated by SIRT2 (221 citations)"
Matthew Astley,Wellcome Sanger Institute,GB,"Genomics and Chromatin Dynamics
RNA and protein synthesis mechanisms
RNA modifications and cancer","Expanded encyclopaedias of DNA elements in the human and mouse genomes (2668 citations)
Perspectives on ENCODE (232 citations)
Structural and functional annotation of the porcine immunome (208 citations)"
Matthew D. Edwards,,,"Genomics and Chromatin Dynamics
RNA and protein synthesis mechanisms
RNA Research and Splicing","Expanded encyclopaedias of DNA elements in the human and mouse genomes (2668 citations)
Convolutional neural network architectures for predicting DNA–protein binding (557 citations)
Determination of RNA structural diversity and its role in HIV-1 RNA splicing (267 citations)"
Matthew D. Rasmussen,,,"Genomics and Phylogenetic Studies
Genetic diversity and population structure
Chromosomal and Genetic Variations","A comparative encyclopedia of DNA elements in the mouse genome (1952 citations)
A high-resolution map of human evolutionary constraint using 29 mammals (1229 citations)
Evolution of pathogenicity and sexual reproduction in eight Candida genomes (1120 citations)"
Matthew D. Schultz,,,"Epigenetics and DNA Methylation
Plant Molecular Biology Research
RNA modifications and cancer","Integrative analysis of 111 reference human epigenomes (7219 citations)
Global Epigenomic Reconfiguration During Mammalian Brain Development (1925 citations)
Epigenomic Analysis of Multilineage Differentiation of Human Embryonic Stem Cells (785 citations)"
Matthew L. Eaton,Lypro Biosciences (United States),US,"Retinoids in leukemia and cellular processes
Advanced biosensing and bioanalysis techniques
Genomics and Chromatin Dynamics","An integrated encyclopedia of DNA elements in the human genome (19662 citations)
Integrative analysis of 111 reference human epigenomes (7219 citations)
An integrated encyclopedia of DNA elements in the human genome (2783 citations)"
Matthew S. Wilken,Xalud Therapeutics (United States),US,"Retinal Development and Disorders
CRISPR and Genetic Engineering
Genomics and Chromatin Dynamics","A comparative encyclopedia of DNA elements in the mouse genome (1952 citations)
Stimulation of functional neuronal regeneration from Müller glia in adult mice (543 citations)
Mouse regulatory DNA landscapes reveal global principles of cis-regulatory evolution (303 citations)"
Mattia Pelizzola,University of Milano-Bicocca,IT,"RNA modifications and cancer
Epigenetics and DNA Methylation
RNA Research and Splicing","Human DNA methylomes at base resolution show widespread epigenomic differences (4822 citations)
Hotspots of aberrant epigenomic reprogramming in human induced pluripotent stem cells (1572 citations)
Widespread dynamic DNA methylation in response to biotic stress (1032 citations)"
Meagan Fastuca,Feinstein Institute for Medical Research,US,"RNA and protein synthesis mechanisms
Genomics and Chromatin Dynamics
RNA Research and Splicing","Landscape of transcription in human cells (5425 citations)
A comparative encyclopedia of DNA elements in the mouse genome (1952 citations)
An encyclopedia of mouse DNA elements (Mouse ENCODE) (500 citations)"
Melina Claussnitzer,Center for Systems Biology,US,"Genetic Associations and Epidemiology
Adipose Tissue and Metabolism
Adipokines, Inflammation, and Metabolic Diseases","Integrative analysis of 111 reference human epigenomes (7219 citations)
Genetic effects on gene expression across human tissues (4742 citations)
FTO Obesity Variant Circuitry and Adipocyte Browning in Humans (1412 citations)"
Melissa Cline,"University of California, Santa Cruz",US,"Genomics and Rare Diseases
RNA and protein synthesis mechanisms
Genomics and Phylogenetic Studies","An integrated encyclopedia of DNA elements in the human genome (19662 citations)
An integrated encyclopedia of DNA elements in the human genome (2783 citations)
Integration of biological networks and gene expression data using Cytoscape (2596 citations)"
Miao Yu,Power Grid Corporation (India),IN,"Supercapacitor Materials and Fabrication
Advanced Photocatalysis Techniques
Advancements in Battery Materials","One-step production of O-N-S co-doped three-dimensional hierarchical porous carbons for high-performance supercapacitors (647 citations)
Exosome-mediated metabolic reprogramming: the emerging role in tumor microenvironment remodeling and its influence on cancer progression (500 citations)
Three-dimensional scaffolding framework of porous carbon nanosheets derived from plant wastes for high-performance supercapacitors (451 citations)"
Miaohua Zhang,Data61,AU,"Sparse and Compressive Sensing Techniques
Blind Source Separation Techniques
Domain Adaptation and Few-Shot Learning","An integrated encyclopedia of DNA elements in the human genome (19662 citations)
An integrated encyclopedia of DNA elements in the human genome (2783 citations)
A comparative encyclopedia of DNA elements in the mouse genome (1952 citations)"
Michael Buckley,University of Pennsylvania,US,"Receptor Mechanisms and Signaling
Nicotinic Acetylcholine Receptors Study
Genomics and Chromatin Dynamics","Expanded encyclopaedias of DNA elements in the human and mouse genomes (2668 citations)
Genome-wide association study identifies novel breast cancer susceptibility loci (2342 citations)
De novo identification of differentially methylated regions in the human genome (1066 citations)"
Michael Downes,Salk Institute for Biological Studies,US,"Pancreatic and Hepatic Oncology Research
Adipose Tissue and Metabolism
Estrogen and related hormone effects","The Genome Sequence of Drosophila melanogaster (6044 citations)
PPARγ signaling and metabolism: the good, the bad and the future (2012 citations)
Hotspots of aberrant epigenomic reprogramming in human induced pluripotent stem cells (1572 citations)"
Michael E. Talkowski,,,"Genomic variations and chromosomal abnormalities
Genomics and Rare Diseases
Genetics and Neurodevelopmental Disorders","The mutational constraint spectrum quantified from variation in 141,456 humans (10373 citations)
Large-Scale Exome Sequencing Study Implicates Both Developmental and Functional Changes in the Neurobiology of Autism (2524 citations)
The mutational constraint spectrum quantified from variation in 141,456 humans (1775 citations)"
Michael F. Lin,Dana-Farber Cancer Institute,US,"Genomics and Phylogenetic Studies
RNA and protein synthesis mechanisms
RNA Research and Splicing","An integrated encyclopedia of DNA elements in the human genome (19662 citations)
Chromatin signature reveals over a thousand highly conserved large non-coding RNAs in mammals (4215 citations)
Evolution of genes and genomes on the Drosophila phylogeny (2129 citations)"
Michael J. Ziller,,,"Epigenetics and DNA Methylation
Pluripotent Stem Cells Research
Single-cell and spatial transcriptomics","Integrative analysis of 111 reference human epigenomes (7219 citations)
Charting a dynamic DNA methylation landscape of the human genome (1450 citations)
Reference Maps of Human ES and iPS Cell Variation Enable High-Throughput Characterization of Pluripotent Cell Lines (1015 citations)"
Michael O. Dorschner,Harborview Medical Center,US,"Genomics and Rare Diseases
Cancer Genomics and Diagnostics
Genomics and Chromatin Dynamics","An integrated encyclopedia of DNA elements in the human genome (19662 citations)
Comprehensive Mapping of Long-Range Interactions Reveals Folding Principles of the Human Genome (9780 citations)
Identification and analysis of functional elements in 1% of the human genome by the ENCODE pilot project (5287 citations)"
Michael O. Duff,Fred Hutch Cancer Center,US,"RNA Research and Splicing
RNA modifications and cancer
RNA and protein synthesis mechanisms","Expanded encyclopaedias of DNA elements in the human and mouse genomes (2668 citations)
The developmental transcriptome of Drosophila melanogaster (1611 citations)
A large-scale binding and functional map of human RNA-binding proteins (1426 citations)"
Michael Q. Zhang,Tsinghua University,CN,"Genomics and Chromatin Dynamics
RNA Research and Splicing
RNA modifications and cancer","Integrative analysis of 111 reference human epigenomes (7219 citations)
Comprehensive Identification of Cell Cycle–regulated Genes of the YeastSaccharomyces cerevisiaeby Microarray Hybridization (4803 citations)
Combinatorial patterns of histone acetylations and methylations in the human genome (2356 citations)"
Michael R. Brent,Washington University in St. Louis,US,"Genomics and Phylogenetic Studies
Genomics and Chromatin Dynamics
RNA modifications and cancer","Initial sequencing and comparative analysis of the mouse genome (7303 citations)
Identification and analysis of functional elements in 1% of the human genome by the ENCODE pilot project (5287 citations)
GENCODE: The reference human genome annotation for The ENCODE Project (5098 citations)"
Michael S. Kuehn,,,"Genomics and Phylogenetic Studies
Genomics and Chromatin Dynamics
RNA and protein synthesis mechanisms","Identification and analysis of functional elements in 1% of the human genome by the ENCODE pilot project (5287 citations)
BEDOPS: high-performance genomic feature operations (1190 citations)
Global mapping of protein-DNA interactions in vivo by digital genomic footprinting (594 citations)"
Michael Seringhaus,Yale University,US,"Fungal and yeast genetics research
Bioinformatics and Genomic Networks
Genetics, Bioinformatics, and Biomedical Research","Identification and analysis of functional elements in 1% of the human genome by the ENCODE pilot project (5287 citations)
Divergence of Transcription Factor Binding Sites Across Related Yeast Species (342 citations)
TOS9 Regulates White-Opaque Switching in Candida albicans (211 citations)"
Michael C. Stevens,Hartford Financial Services (United States),,"Functional Brain Connectivity Studies
Neural and Behavioral Psychology Studies
Autism Spectrum Disorder Research","A Baseline for the Multivariate Comparison of Resting-State Networks (1363 citations)
A method for functional network connectivity among spatially independent resting-state components in schizophrenia (1025 citations)
Abnormal functional connectivity of default mode sub-networks in autism spectrum disorder patients (691 citations)"
Michael T. McManus,UCSF Helen Diller Family Comprehensive Cancer Center,US,"MicroRNA in disease regulation
RNA Research and Splicing
CRISPR and Genetic Engineering","Integrative analysis of 111 reference human epigenomes (7219 citations)
Drug-tolerant persister cancer cells are vulnerable to GPX4 inhibition (1820 citations)
A lentivirus-based system to functionally silence genes in primary mammalian cells, stem cells and transgenic mice by RNA interference (1506 citations)"
Michael Tolstorukov,Dana-Farber Cancer Institute,US,"Pancreatic and Hepatic Oncology Research
Cancer Genomics and Diagnostics
Colorectal Cancer Treatments and Studies","ChIP-seq guidelines and practices of the ENCODE and modENCODE consortia (2259 citations)
Identification of Functional Elements and Regulatory Circuits by Drosophila modENCODE (1314 citations)
Design and analysis of ChIP-seq experiments for DNA-binding proteins (995 citations)"
Miguel Pignatelli,Open Targets,GB,"Genomics and Phylogenetic Studies
Genetic diversity and population structure
Epigenetics and DNA Methylation","A comparative encyclopedia of DNA elements in the mouse genome (1952 citations)
Ensembl 2016 (1363 citations)
Ensembl 2014 (1272 citations)"
Miguel Ramalho‐Santos,Lunenfeld-Tanenbaum Research Institute,CA,"Pluripotent Stem Cells Research
CRISPR and Genetic Engineering
Genomics and Chromatin Dynamics","""Stemness"": Transcriptional Profiling of Embryonic and Adult Stem Cells (1712 citations)
Vitamin C induces Tet-dependent DNA demethylation and a blastocyst-like state in ES cells (894 citations)
Hedgehog signals regulate multiple aspects of gastrointestinal development (838 citations)"
Yi-Ming Hu,Zeus Entertainment (China),CN,"Pulsars and Gravitational Waves Research
Gamma-ray bursts and supernovae
Astrophysical Phenomena and Observations","Observation of Gravitational Waves from a Binary Black Hole Merger (14511 citations)
GW170817: Observation of Gravitational Waves from a Binary Neutron Star Inspiral (9794 citations)
Gravitational Waves and Gamma-Rays from a Binary Neutron Star Merger: GW170817 and GRB 170817A (3586 citations)"
Xiao‐Ming Chen,State Key Laboratory of Synthetic Chemistry,CN,"Metal-Organic Frameworks: Synthesis and Applications
X-ray Diffraction in Crystallography
Crystallization and Solubility Studies","Ligand‐Directed Strategy for Zeolite‐Type Metal–Organic Frameworks: Zinc( II ) Imidazolates with Unusual Zeolitic Topologies (1808 citations)
Metal Azolate Frameworks: From Crystal Engineering to Functional Materials (1739 citations)
Terminology of metal–organic frameworks and coordination polymers (IUPAC Recommendations 2013) (1334 citations)"
Minjia Tan,Academia Sinica,TW,"Epigenetics and DNA Methylation
Ubiquitin and proteasome pathways
Peptidase Inhibition and Analysis","Identification of 67 Histone Marks and Histone Lysine Crotonylation as a New Type of Histone Modification (1908 citations)
Identification of lysine succinylation as a new post-translational modification (1080 citations)
SIRT5-Mediated Lysine Desuccinylation Impacts Diverse Metabolic Pathways (1040 citations)"
Misha Bilenky,Canada's Michael Smith Genome Sciences Centre,CA,"Epigenetics and DNA Methylation
Genomics and Chromatin Dynamics
Vitamin C and Antioxidants Research","Integrative analysis of 111 reference human epigenomes (7219 citations)
Genome-wide profiles of STAT1 DNA association using chromatin immunoprecipitation and massively parallel sequencing (1512 citations)
DNA Methylation and SETDB1/H3K9me3 Regulate Predominantly Distinct Sets of Genes, Retroelements, and Chimeric Transcripts in mESCs (553 citations)"
Mitzi I. Kuroda,Harvard University,US,"Genomics and Chromatin Dynamics
Genetic and Clinical Aspects of Sex Determination and Chromosomal Abnormalities
RNA Research and Splicing","Conservation of the sequence and temporal expression of let-7 heterochronic regulatory RNA (2570 citations)
Identification of Functional Elements and Regulatory Circuits by Drosophila modENCODE (1314 citations)
Comprehensive analysis of the chromatin landscape in Drosophila melanogaster (913 citations)"
Molly Weaver,American Occupational Therapy Association,US,"Genomics and Chromatin Dynamics
Developmental Biology and Gene Regulation
Epigenetics and DNA Methylation","Identification and analysis of functional elements in 1% of the human genome by the ENCODE pilot project (5287 citations)
The accessible chromatin landscape of the human genome (2935 citations)
Mapping and sequencing of structural variation from eight human genomes (1155 citations)"
Morgan Diegel,Altius Institute for Biomedical Sciences,US,"Genomics and Chromatin Dynamics
RNA Research and Splicing
RNA and protein synthesis mechanisms","Genetic effects on gene expression across human tissues (4742 citations)
Systematic Localization of Common Disease-Associated Variation in Regulatory DNA (4113 citations)
The accessible chromatin landscape of the human genome (2935 citations)"
Mousheng Xu,University of British Columbia,CA,"Hippo pathway signaling and YAP/TAZ
Epigenetics and DNA Methylation
CRISPR and Genetic Engineering","Identification and analysis of functional elements in 1% of the human genome by the ENCODE pilot project (5287 citations)
Functional TRIM24 degrader via conjugation of ineffectual bromodomain and VHL ligands (232 citations)
Targeting MYC dependency in ovarian cancer through inhibition of CDK7 and CDK12/13 (166 citations)"
Mukul S. Bansal,University of Connecticut,US,"Genomics and Phylogenetic Studies
Genetic diversity and population structure
Genome Rearrangement Algorithms","Integrative analysis of 111 reference human epigenomes (7219 citations)
The Transcriptional Landscape of the Mammalian Genome (3615 citations)
A comparative encyclopedia of DNA elements in the mouse genome (1952 citations)"
Nigel P. Carter,University of Cambridge,GB,"Genomic variations and chromosomal abnormalities
Chromosomal and Genetic Variations
Prenatal Screening and Diagnostics","The zebrafish reference genome sequence and its relationship to the human genome (5243 citations)
A second generation human haplotype map of over 3.1 million SNPs (4607 citations)
Global variation in copy number in the human genome (4387 citations)"
Nancy M. Hannett,Whitehead Institute for Biomedical Research,US,"Genomics and Chromatin Dynamics
RNA Research and Splicing
RNA and protein synthesis mechanisms","Transcriptional Regulatory Networks in Saccharomyces cerevisiae (3011 citations)
Coactivator condensation at super-enhancers links phase separation and gene control (2789 citations)
Control of Developmental Regulators by Polycomb in Human Embryonic Stem Cells (2280 citations)"
Nathan P. Boley,"University of California, Berkeley",US,"Genomics and Chromatin Dynamics
Chromosomal and Genetic Variations
RNA and protein synthesis mechanisms","An integrated encyclopedia of DNA elements in the human genome (19662 citations)
An integrated encyclopedia of DNA elements in the human genome (2783 citations)
Comparative analysis of the transcriptome across distant species (326 citations)"
Nathan Day,University of North Carolina at Chapel Hill,US,"RNA and protein synthesis mechanisms
Genomics and Phylogenetic Studies
Genomics and Chromatin Dynamics","Identification and analysis of functional elements in 1% of the human genome by the ENCODE pilot project (5287 citations)
Viewing Rearrangements of Granular Material as a Network (0 citations)
Identification and analysis of functional elements in 1% of the human genome by the ENCODE pilot project (0 citations)"
Nathaniel D. Heintzman,Dexcom (United States),US,"Genomics and Chromatin Dynamics
RNA and protein synthesis mechanisms
Diabetes Management and Research","Distinct and predictive chromatin signatures of transcriptional promoters and enhancers in the human genome (3518 citations)
Histone modifications at human enhancers reflect global cell-type-specific gene expression (2627 citations)
9p21 DNA variants associated with coronary artery disease impair interferon-γ signalling response (623 citations)"
Neal Cody,,,"RNA Research and Splicing
RNA modifications and cancer
RNA and protein synthesis mechanisms","Expanded encyclopaedias of DNA elements in the human and mouse genomes (2668 citations)
A large-scale binding and functional map of human RNA-binding proteins (1426 citations)
Transcriptome-wide Regulation of Pre-mRNA Splicing and mRNA Localization by Muscleblind Proteins (519 citations)"
Neerja Karnani,Bioinformatics Institute,SG,"Birth, Development, and Health
Gestational Diabetes Research and Management
Epigenetics and DNA Methylation","Identification and analysis of functional elements in 1% of the human genome by the ENCODE pilot project (5287 citations)
Mitochondrial oxidative capacity and NAD+ biosynthesis are reduced in human sarcopenia across ethnicities (368 citations)
The effect of genotype and in utero environment on interindividual variation in neonate DNA methylomes (362 citations)"
Nelson T. Chuang,,,"Genomics and Phylogenetic Studies
Chromosomal and Genetic Variations
Genomic variations and chromosomal abnormalities","Multi-platform discovery of haplotype-resolved structural variation in human genomes (1052 citations)
Haplotype-resolved diverse human genomes and integrated analysis of structural variation (821 citations)
The Mobile Element Locator Tool (MELT): population-scale mobile element discovery and biology (417 citations)"
Nergiz Doğan,Princess Margaret Cancer Centre,CA,"Genomics and Chromatin Dynamics
RNA and protein synthesis mechanisms
RNA Research and Splicing","A comparative encyclopedia of DNA elements in the mouse genome (1952 citations)
Functional Enhancers Shape Extrachromosomal Oncogene Amplifications (370 citations)
Principles of regulatory information conservation between mouse and human (313 citations)"
Nicholas A. Sinnott‐Armstrong,Directorate-General for Interpretation,BE,"Genomics and Chromatin Dynamics
Cancer Genomics and Diagnostics
Genetic Associations and Epidemiology","Integrative analysis of 111 reference human epigenomes (7219 citations)
An improved ATAC-seq protocol reduces background and enables interrogation of frozen tissues (2828 citations)
Super-resolution chromatin tracing reveals domains and cooperative interactions in single cells (1093 citations)"
Nicholas J. Addleman,Stanford University,US,"Genomics and Chromatin Dynamics
RNA and protein synthesis mechanisms
Drug Transport and Resistance Mechanisms","Expanded encyclopaedias of DNA elements in the human and mouse genomes (2668 citations)
Perspectives on ENCODE (232 citations)
High-density single-nucleotide polymorphism maps of the human genome (85 citations)"
Nick Goldman,University of San Francisco,US,"Genomics and Phylogenetic Studies
Genetic diversity and population structure
RNA and protein synthesis mechanisms","Initial sequencing and comparative analysis of the mouse genome (7303 citations)
Identification and analysis of functional elements in 1% of the human genome by the ENCODE pilot project (5287 citations)
A General Empirical Model of Protein Evolution Derived from Multiple Protein Families Using a Maximum-Likelihood Approach (2990 citations)"
Nicola J. Rinaldi,,,"Genomics and Chromatin Dynamics
Fungal and yeast genetics research
Histone Deacetylase Inhibitors Research","Transcriptional Regulatory Networks in Saccharomyces cerevisiae (3011 citations)
Transcriptional regulatory code of a eukaryotic genome (2202 citations)
Control of Pancreas and Liver Gene Expression by HNF Transcription Factors (1337 citations)"
Nicolas Nègre,Institut Agro Montpelier,FR,"Insect Resistance and Genetics
Insect-Plant Interactions and Control
Genomics and Chromatin Dynamics","Identification of Functional Elements and Regulatory Circuits by Drosophila modENCODE (1314 citations)
A cis-regulatory map of the Drosophila genome (545 citations)
Two genomes of highly polyphagous lepidopteran pests (Spodoptera frugiperda, Noctuidae) with different host-plant ranges (387 citations)"
Nicolas Robine,New York Genome Center,US,"Cancer Genomics and Diagnostics
Pancreatic and Hepatic Oncology Research
Molecular Biology Techniques and Applications","Altering the Intestinal Microbiota during a Critical Developmental Window Has Lasting Metabolic Consequences (1914 citations)
Identification of Functional Elements and Regulatory Circuits by Drosophila modENCODE (1314 citations)
Organoid Profiling Identifies Common Responders to Chemotherapy in Pancreatic Cancer (1132 citations)"
Nicole C. Riddle,University of Alabama at Birmingham,US,"Chromosomal and Genetic Variations
Genomics and Chromatin Dynamics
Neurobiology and Insect Physiology Research","Identification of Functional Elements and Regulatory Circuits by Drosophila modENCODE (1314 citations)
The Seventeenth Data Release of the Sloan Digital Sky Surveys : Complete Release of MaNGA, MaStar and APOGEE-2 Data (1291 citations)
Comprehensive analysis of the chromatin landscape in Drosophila melanogaster (913 citations)"
Nicole El-Ali,"University of California, Irvine",US,"RNA modifications and cancer
Genomics and Chromatin Dynamics
RNA and protein synthesis mechanisms","Expanded encyclopaedias of DNA elements in the human and mouse genomes (2668 citations)
Perspectives on ENCODE (232 citations)
Dynamic Gene Regulatory Networks of Human Myeloid Differentiation (130 citations)"
Nicole Washington,Helix (United States),US,"Genomics and Rare Diseases
SARS-CoV-2 and COVID-19 Research
Bioinformatics and Genomic Networks","Autoantibodies against type I IFNs in patients with life-threatening COVID-19 (2877 citations)
Inborn errors of type I IFN immunity in patients with life-threatening COVID-19 (2419 citations)
Identification of Functional Elements and Regulatory Circuits by Drosophila modENCODE (1314 citations)"
Nisha Rajagopal,Novartis (United States),US,"Genomics and Chromatin Dynamics
Epigenetics and DNA Methylation
Cancer-related Molecular Pathways","Integrative analysis of 111 reference human epigenomes (7219 citations)
Expanded encyclopaedias of DNA elements in the human and mouse genomes (2668 citations)
Identification of 67 Histone Marks and Histone Lysine Crotonylation as a New Type of Histone Modification (1908 citations)"
Noa Sher,Tirat Carmel Mental Health Center,IL,"Mesenchymal stem cell research
Mitochondrial Function and Pathology
Metabolism and Genetic Disorders","Identification of Functional Elements and Regulatory Circuits by Drosophila modENCODE (1314 citations)
CEL-Seq: Single-Cell RNA-Seq by Multiplexed Linear Amplification (1309 citations)
Developmental control of gene copy number by repression of replication initiation and fork progression (89 citations)"
Noam Shoresh,Broad Institute,US,"Genomics and Chromatin Dynamics
Particle physics theoretical and experimental studies
Quantum Chromodynamics and Particle Interactions","An integrated encyclopedia of DNA elements in the human genome (19662 citations)
Integrative analysis of 111 reference human epigenomes (7219 citations)
Mapping and analysis of chromatin state dynamics in nine human cell types (3097 citations)"
Norbert Perrimon,Boston VA Research Institute,US,"Developmental Biology and Gene Regulation
CRISPR and Genetic Engineering
Neurobiology and Insect Physiology Research","Targeted gene expression as a means of altering cell fates and generating dominant phenotypes (9897 citations)
Efficient proximity labeling in living cells and organisms with TurboID (2315 citations)
Highly efficient Cas9-mediated transcriptional programming (1671 citations)"
Núria López-Bigas,,,"Cancer Genomics and Diagnostics
Acute Myeloid Leukemia Research
Cancer Immunotherapy and Biomarkers","Identification and analysis of functional elements in 1% of the human genome by the ENCODE pilot project (5287 citations)
The repertoire of mutational signatures in human cancer (3843 citations)
Comprehensive Characterization of Cancer Driver Genes and Mutations (2549 citations)"
Olgert Denas,,,"Algorithms and Data Compression
Genomics and Phylogenetic Studies
Genomics and Chromatin Dynamics","A comparative encyclopedia of DNA elements in the mouse genome (1952 citations)
Topologically associating domains are stable units of replication-timing regulation (1014 citations)
An encyclopedia of mouse DNA elements (Mouse ENCODE) (500 citations)"
Olof Emanuelsson,KTH Royal Institute of Technology,SE,"Genomics and Phylogenetic Studies
RNA and protein synthesis mechanisms
Machine Learning in Bioinformatics","Identification and analysis of functional elements in 1% of the human genome by the ENCODE pilot project (5287 citations)
Predicting Subcellular Localization of Proteins Based on their N-terminal Amino Acid Sequence (4386 citations)
Locating proteins in the cell using TargetP, SignalP and related tools (3255 citations)"
Omar Al Jammal,University of California San Diego,US,"Spinal Fractures and Fixation Techniques
Genomics and Chromatin Dynamics
Spine and Intervertebral Disc Pathology","Expanded encyclopaedias of DNA elements in the human and mouse genomes (2668 citations)
Perspectives on ENCODE (232 citations)
CRISPR technology: The engine that drives cancer therapy (52 citations)"
Oscar L. Rodriguez,Hartnell College,US,"T-cell and B-cell Immunology
Monoclonal and Polyclonal Antibodies Research
Immune Cell Function and Interaction","Multi-platform discovery of haplotype-resolved structural variation in human genomes (1052 citations)
A robust benchmark for detection of germline large deletions and insertions (492 citations)
Slow Delivery Immunization Enhances HIV Neutralizing Antibody and Germinal Center Responses via Modulation of Immunodominance (472 citations)"
Oscar M. Aparicio,Institute of Research and Innovation Parc Tauli,ES,"DNA Repair Mechanisms
Genomics and Chromatin Dynamics
Fungal and yeast genetics research","Genome-Wide Location and Function of DNA Binding Proteins (1783 citations)
Position effect at S. cerevisiae telomeres: Reversible repression of Pol II transcription (1354 citations)
Components and Dynamics of DNA Replication Complexes in S. cerevisiae: Redistribution of MCM Proteins and Cdc45p during S Phase (745 citations)"
Pablo Prieto,,,"RNA Research and Splicing
Genomics and Phylogenetic Studies
Electric and Hybrid Vehicle Technologies","A comparative encyclopedia of DNA elements in the mouse genome (1952 citations)
Genome and transcriptome analysis of the Mesoamerican common bean and the role of gene duplications in establishing tissue and temporal specialization of genes (242 citations)
Extreme genomic erosion after recurrent demographic bottlenecks in the highly endangered Iberian lynx (229 citations)"
Patrick J. Boyle,ABX-CRO Advanced Pharmaceutical Services (Germany),DE,"Hearing Loss and Rehabilitation
Diabetes Treatment and Management
Diabetes, Cardiovascular Risks, and Lipoproteins","Identification and analysis of functional elements in 1% of the human genome by the ENCODE pilot project (5287 citations)
Genomic Distribution and Inter-Sample Variation of Non-CpG Methylation across Human Cell Types (408 citations)
Pathophysiology and Treatment (199 citations)"
Patrick Marks,10X Genomics (United States),US,"Genomics and Phylogenetic Studies
RNA and protein synthesis mechanisms
Genomics and Rare Diseases","Nonhybrid, finished microbial genome assemblies from long-read SMRT sequencing data (4367 citations)
Real-Time DNA Sequencing from Single Polymerase Molecules (3857 citations)
Multi-platform discovery of haplotype-resolved structural variation in human genomes (1052 citations)"
Patrick Meyer,IMT Atlantique,FR,"Multi-Criteria Decision Making
Rough Sets and Fuzzy Logic
Bayesian Modeling and Causal Inference","Machine learning at the service of meta-heuristics for solving combinatorial optimization problems: A state-of-the-art (458 citations)
A review of methods for capacity identification in Choquet integral based multi-attribute utility theory (392 citations)
On selecting interestingness measures for association rules: User oriented description and multiple criteria decision aid (201 citations)"
Paul Flicek,University of Connecticut,US,"Genomics and Phylogenetic Studies
Genomics and Chromatin Dynamics
Chromosomal and Genetic Variations","A global reference for human genetic variation (20393 citations)
The Ensembl Variant Effect Predictor (8944 citations)
Initial sequencing and comparative analysis of the mouse genome (7303 citations)"
Pawandeep Dhami,University College London,GB,"Genomics and Chromatin Dynamics
Chromosomal and Genetic Variations
RNA and protein synthesis mechanisms","Identification and analysis of functional elements in 1% of the human genome by the ENCODE pilot project (5287 citations)
The DNA sequence of the human X chromosome (1171 citations)
The DNA sequence of human chromosome 22 (1168 citations)"
Paz Polak,Quest Diagnostics (United States),US,"Cancer Genomics and Diagnostics
Genetic factors in colorectal cancer
Pancreatic and Hepatic Oncology Research","Integrative analysis of 111 reference human epigenomes (7219 citations)
Mutational heterogeneity in cancer and the search for new cancer-associated genes (5772 citations)
The repertoire of mutational signatures in human cancer (3843 citations)"
Peggy Farnham,University of Southern California,US,"Genomics and Chromatin Dynamics
Epigenetics and DNA Methylation
RNA modifications and cancer","An integrated encyclopedia of DNA elements in the human genome (19662 citations)
Integrative analysis of 111 reference human epigenomes (7219 citations)
Identification and analysis of functional elements in 1% of the human genome by the ENCODE pilot project (5287 citations)"
Peng Jin,State Key Laboratory of Catalysis,,"Epigenetics and DNA Methylation
RNA modifications and cancer
Genetics and Neurodevelopmental Disorders","Brain-Region-Specific Organoids Using Mini-bioreactors for Modeling ZIKV Exposure (2196 citations)
Zika Virus Infects Human Cortical Neural Progenitors and Attenuates Their Growth (1337 citations)
Microarray Identification of FMRP-Associated Brain mRNAs and Altered mRNA Translational Profiles in Fragile X Syndrome (1117 citations)"
Peter A. Audano,The Jackson Laboratory for Genomic Medicine,US,"Genomics and Phylogenetic Studies
Chromosomal and Genetic Variations
Genomics and Rare Diseases","Multi-platform discovery of haplotype-resolved structural variation in human genomes (1052 citations)
Haplotype-resolved diverse human genomes and integrated analysis of structural variation (821 citations)
Characterizing the Major Structural Variant Alleles of the Human Genome (584 citations)"
Peter Cherbas,Indiana University Bloomington,US,"Neurobiology and Insect Physiology Research
Insect Resistance and Genetics
Invertebrate Immune Response Mechanisms","The developmental transcriptome of Drosophila melanogaster (1611 citations)
Identification of Functional Elements and Regulatory Circuits by Drosophila modENCODE (1314 citations)
The drosophila EcR gene encodes an ecdysone receptor, a new member of the steroid receptor superfamily (993 citations)"
Peter J. Good,,,"RNA and protein synthesis mechanisms
RNA Research and Splicing
Genomics and Chromatin Dynamics","An integrated encyclopedia of DNA elements in the human genome (19662 citations)
Comprehensive genomic characterization defines human glioblastoma genes and core pathways (7864 citations)
Identification and analysis of functional elements in 1% of the human genome by the ENCODE pilot project (5287 citations)"
Peter J. Park,University of Massachusetts Boston,US,"Cancer Genomics and Diagnostics
Genomics and Chromatin Dynamics
Genomic variations and chromosomal abnormalities","An integrated encyclopedia of DNA elements in the human genome (19662 citations)
Integrated genomic analyses of ovarian carcinoma (8246 citations)
Comprehensive genomic characterization defines human glioblastoma genes and core pathways (7864 citations)"
Peter J. Sabo,,,"Genomics and Chromatin Dynamics
RNA and protein synthesis mechanisms
RNA Research and Splicing","Comprehensive Mapping of Long-Range Interactions Reveals Folding Principles of the Human Genome (9780 citations)
Integrative analysis of 111 reference human epigenomes (7219 citations)
Identification and analysis of functional elements in 1% of the human genome by the ENCODE pilot project (5287 citations)"
Peter M. Lansdorp,Terry Fox Research Institute,CA,"Telomeres, Telomerase, and Senescence
Genomic variations and chromosomal abnormalities
Chromosomal and Genetic Variations","Telomere Shortening and Tumor Formation by Mouse Cells Lacking Telomerase RNA (2123 citations)
Interferon beta 2/B-cell stimulatory factor type 2 shares identity with monocyte-derived hepatocyte-stimulating factor and regulates the major acute phase protein response in liver cells. (1658 citations)
Prediction of Survival in Follicular Lymphoma Based on Molecular Features of Tumor-Infiltrating Immune Cells (1438 citations)"
Peter R. Kraus,,,"Fungal Infections and Studies
Antifungal resistance and susceptibility
Fungal and yeast genetics research","Identification and analysis of functional elements in 1% of the human genome by the ENCODE pilot project (5287 citations)
A PCR-based strategy to generate integrative targeting alleles with large regions of homology (309 citations)
The Cryptococcus neoformans MAP kinase Mpk1 regulates cell integrity in response to antifungal drugs and loss of calcineurin function (218 citations)"
Peter V. Kharchenko,Medical University of Vienna,AT,"Single-cell and spatial transcriptomics
Neuroblastoma Research and Treatments
Genomics and Chromatin Dynamics","An integrated encyclopedia of DNA elements in the human genome (19662 citations)
RNA velocity of single cells (4640 citations)
An integrated encyclopedia of DNA elements in the human genome (2783 citations)"
Philip Cayting,Stanford University,US,"Genomics and Chromatin Dynamics
RNA and protein synthesis mechanisms
RNA modifications and cancer",An integrated encyclopedia of DNA elements in the human genome (19662 citations)
Philip L. De Jager,Columbia University,US,"Alzheimer's disease research and treatments
Genetic Associations and Epidemiology
Neuroinflammation and Neurodegeneration Mechanisms","Meta-analysis of 74,046 individuals identifies 11 new susceptibility loci for Alzheimer's disease (4700 citations)
New insights into the genetic etiology of Alzheimer’s disease and related dementias (2597 citations)
Single-cell RNA-seq reveals new types of human blood dendritic cells, monocytes, and progenitors (2554 citations)"
Philipp Kapranov,Xiamen University,CN,"RNA Research and Splicing
Cancer-related molecular mechanisms research
RNA modifications and cancer","An integrated encyclopedia of DNA elements in the human genome (19662 citations)
Landscape of transcription in human cells (5425 citations)
Identification and analysis of functional elements in 1% of the human genome by the ENCODE pilot project (5287 citations)"
Philippe Gascard,"University of California, San Francisco",US,"Erythrocyte Function and Pathophysiology
Cancer Cells and Metastasis
Epigenetics and DNA Methylation","Integrative analysis of 111 reference human epigenomes (7219 citations)
The clonal and mutational evolution spectrum of primary triple-negative breast cancers (2035 citations)
Carcinoma-associated fibroblasts: orchestrating the composition of malignancy (764 citations)"
Pouya Kheradpour,San Francisco Department of Public Health,US,"Genomics and Chromatin Dynamics
Genomics and Phylogenetic Studies
Chromosomal and Genetic Variations","An integrated encyclopedia of DNA elements in the human genome (19662 citations)
Integrative analysis of 111 reference human epigenomes (7219 citations)
The Genotype-Tissue Expression (GTEx) pilot analysis: Multitissue gene regulation in humans (5720 citations)"
Pradipta Ray,Bristol-Myers Squibb (United States),US,"Pain Mechanisms and Treatments
Neuropeptides and Animal Physiology
Receptor Mechanisms and Signaling","Integrative analysis of 111 reference human epigenomes (7219 citations)
Epigenomic Analysis of Multilineage Differentiation of Human Embryonic Stem Cells (785 citations)
Spatial transcriptomics of dorsal root ganglia identifies molecular signatures of human nociceptors (481 citations)"
Pui–Yan Kwok,"University of California, San Francisco",US,"Genetic Associations and Epidemiology
Genomics and Rare Diseases
Genomic variations and chromosomal abnormalities","A map of human genome sequence variation containing 1.42 million single nucleotide polymorphisms (2995 citations)
Genome-wide scan reveals association of psoriasis with IL-23 and NF-κB pathways (1404 citations)
Multi-platform discovery of haplotype-resolved structural variation in human genomes (1052 citations)"
Jiaqi Dai,Renmin University of China,CN,"Advancements in Battery Materials
Advanced Battery Materials and Technologies
Graphene research and applications","Negating interfacial impedance in garnet-based solid-state Li metal batteries (2042 citations)
Developing fibrillated cellulose as a sustainable technological material (1652 citations)
A radiative cooling structural material (1627 citations)"
Qiang Wu,Nanjing University,CN,"Electrocatalysts for Energy Conversion
Advanced battery technologies research
Advancements in Battery Materials","Boron‐Doped Carbon Nanotubes as Metal‐Free Electrocatalysts for the Oxygen Reduction Reaction (1298 citations)
Can Boron and Nitrogen Co-doping Improve Oxygen Reduction Reaction Activity of Carbon Nanotubes? (935 citations)
Hydrophilic Hierarchical Nitrogen‐Doped Carbon Nanocages for Ultrahigh Supercapacitive Performance (796 citations)"
Qihui Zhu,Beihang University,CN,"Genomics and Phylogenetic Studies
Chromosomal and Genetic Variations
Genomic variations and chromosomal abnormalities","The B73 Maize Genome: Complexity, Diversity, and Dynamics (4250 citations)
The oyster genome reveals stress adaptation and complexity of shell formation (2316 citations)
High-coverage whole-genome sequencing of the expanded 1000 Genomes Project cohort including 602 trios (1088 citations)"
Zhong Lin Wang,University of Chinese Academy of Sciences,CN,"Advanced Sensor and Energy Harvesting Materials
Conducting polymers and applications
Innovative Energy Harvesting Technologies","Piezoelectric Nanogenerators Based on Zinc Oxide Nanowire Arrays (7891 citations)
Flexible triboelectric generator (6695 citations)
Nanobelts of Semiconducting Oxides (5821 citations)"
Qing Dai,University of Chicago,US,"RNA modifications and cancer
RNA and protein synthesis mechanisms
Epigenetics and DNA Methylation","N6-methyladenosine-dependent regulation of messenger RNA stability (4917 citations)
N6-Methyladenosine in nuclear RNA is a major substrate of the obesity-associated FTO (4214 citations)
ALKBH5 Is a Mammalian RNA Demethylase that Impacts RNA Metabolism and Mouse Fertility (3723 citations)"
Jiaquan Xu,,,"Insurance, Mortality, Demography, Risk Management
Autopsy Techniques and Outcomes
Health disparities and outcomes","Cancer Statistics, 2010 (12621 citations)
Cancer Statistics, 2008 (10213 citations)
Cancer Statistics, 2007 (7487 citations)"
Que-Minh Ngo,Ludwig Cancer Research,US,"Genomics and Chromatin Dynamics
Epigenetics and DNA Methylation
Pluripotent Stem Cells Research","Human DNA methylomes at base resolution show widespread epigenomic differences (4822 citations)
Dynamic chromatin states in human ES cells reveal potential regulatory sequences and genes involved in pluripotency (97 citations)"
R Sandström,Altius Institute for Biomedical Sciences,US,"Genomics and Phylogenetic Studies
Genomics and Chromatin Dynamics
Genetic Associations and Epidemiology","Identification and analysis of functional elements in 1% of the human genome by the ENCODE pilot project (5287 citations)
Genetic effects on gene expression across human tissues (4742 citations)
Significance of monospecific antisera in the diagnosis and prognosis of autoimmune haemolytic anaemias. (6 citations)"
R. Alan Harris,Baylor Genetics,US,"Epigenetics and DNA Methylation
Chromosomal and Genetic Variations
Genomics and Phylogenetic Studies","Integrative analysis of 111 reference human epigenomes (7219 citations)
Evolutionary and Biomedical Insights from the Rhesus Macaque Genome (1452 citations)
Comparison of sequencing-based methods to profile DNA methylation and identification of monoallelic epigenetic modifications (742 citations)"
R. David Hawkins,University of Washington,US,"Epigenetics and DNA Methylation
Genomics and Chromatin Dynamics
CRISPR and Genetic Engineering","Integrative analysis of 111 reference human epigenomes (7219 citations)
Human DNA methylomes at base resolution show widespread epigenomic differences (4822 citations)
Distinct and predictive chromatin signatures of transcriptional promoters and enhancers in the human genome (3518 citations)"
R. Scott Hansen,,,"Epigenetics and DNA Methylation
Genetics and Neurodevelopmental Disorders
Genomics and Chromatin Dynamics","An integrated encyclopedia of DNA elements in the human genome (19662 citations)
Integrative analysis of 111 reference human epigenomes (7219 citations)
Systematic Localization of Common Disease-Associated Variation in Regulatory DNA (4113 citations)"
Rachel Byron,Fred Hutch Cancer Center,US,"Genomics and Chromatin Dynamics
RNA and protein synthesis mechanisms
RNA modifications and cancer",An integrated encyclopedia of DNA elements in the human genome (19662 citations)
Rachel Sealfon,Flatiron Health (United States),US,"Single-cell and spatial transcriptomics
Viral Infections and Outbreaks Research
Renal and related cancers","Identification of Functional Elements and Regulatory Circuits by Drosophila modENCODE (1314 citations)
Genomic surveillance elucidates Ebola virus origin and transmission during the 2014 outbreak (1290 citations)
An atlas of healthy and injured cell states and niches in the human kidney (714 citations)"
Rajinder Kaul,Altius Institute for Biomedical Sciences,US,"Genomics and Chromatin Dynamics
RNA and protein synthesis mechanisms
Advanced MRI Techniques and Applications","Initial sequencing and analysis of the human genome (24723 citations)
Integrative analysis of 111 reference human epigenomes (7219 citations)
The GTEx Consortium atlas of genetic regulatory effects across human tissues (6140 citations)"
Rebecca F. Lowdon,Bayer (Germany),DE,"Epigenetics and DNA Methylation
Genomics and Chromatin Dynamics
RNA and protein synthesis mechanisms","Integrative analysis of 111 reference human epigenomes (7219 citations)
An integrated encyclopedia of DNA elements in the human genome (2783 citations)
A comparative encyclopedia of DNA elements in the mouse genome (1952 citations)"
Rebecca Spokony,Baruch College,US,"Genomics and Chromatin Dynamics
Neurobiology and Insect Physiology Research
Genomics and Phylogenetic Studies","LDL-receptor-related proteins in Wnt signal transduction (1343 citations)
Identification of Functional Elements and Regulatory Circuits by Drosophila modENCODE (1314 citations)
A cis-regulatory map of the Drosophila genome (545 citations)"
Renhua Li,Chongqing Medical University,CN,"Genetic Mapping and Diversity in Plants and Animals
Genetic and phenotypic traits in livestock
Plant Gene Expression Analysis","The developmental transcriptome of Drosophila melanogaster (1611 citations)
Identification of Functional Elements and Regulatory Circuits by Drosophila modENCODE (1314 citations)
Synthetic spike-in standards for RNA-seq experiments (730 citations)"
Reyes Acosta,University of Pennsylvania,US,"Genomics and Chromatin Dynamics
CRISPR and Genetic Engineering
RNA and protein synthesis mechanisms","Expanded encyclopaedias of DNA elements in the human and mouse genomes (2668 citations)
Perspectives on ENCODE (232 citations)
Acetate acts as a metabolic immunomodulator by bolstering T-cell effector function and potentiating antitumor immunity in breast cancer (124 citations)"
Rhona Stuart,Lawrence Livermore National Laboratory,US,"Geophysics and Gravity Measurements
Methane Hydrates and Related Phenomena
Ionosphere and magnetosphere dynamics","Distinct and predictive chromatin signatures of transcriptional promoters and enhancers in the human genome (3518 citations)
Histone modifications at human enhancers reflect global cell-type-specific gene expression (2627 citations)
Life and death in the soil microbiome: how ecological processes influence biogeochemistry (1150 citations)"
Richard A. Moore,University of North Carolina at Chapel Hill,US,"Cancer Genomics and Diagnostics
RNA modifications and cancer
Epigenetics and DNA Methylation","Comprehensive molecular characterization of gastric adenocarcinoma (6650 citations)
The Immune Landscape of Cancer (6316 citations)
An Integrated TCGA Pan-Cancer Clinical Data Resource to Drive High-Quality Survival Outcome Analytics (4045 citations)"
Richard A. Young,Massachusetts Institute of Technology,US,"Genomics and Chromatin Dynamics
RNA Research and Splicing
Epigenetics and DNA Methylation","Histone H3K27ac separates active from poised enhancers and predicts developmental state (4618 citations)
Core Transcriptional Regulatory Circuitry in Human Embryonic Stem Cells (4527 citations)
Transcriptional Regulatory Networks in Saccharomyces cerevisiae (3011 citations)"
Richard Humbert,,,"Genomics and Chromatin Dynamics
RNA and protein synthesis mechanisms
RNA Research and Splicing","An integrated encyclopedia of DNA elements in the human genome (19662 citations)
Identification and analysis of functional elements in 1% of the human genome by the ENCODE pilot project (5287 citations)
Systematic Localization of Common Disease-Associated Variation in Regulatory DNA (4113 citations)"
Richard P. Auburn,University of Cambridge,GB,"Gene expression and cancer classification
Genomics and Chromatin Dynamics
Neurobiology and Insect Physiology Research","Identification of Functional Elements and Regulatory Circuits by Drosophila modENCODE (1314 citations)
A cis-regulatory map of the Drosophila genome (545 citations)
Robotic spotting of cDNA and oligonucleotide microarrays (81 citations)"
Richard Sallari,AnywherEnergy (United States),US,"Cancer Genomics and Diagnostics
Epigenetics and DNA Methylation
Genetic factors in colorectal cancer","Integrative analysis of 111 reference human epigenomes (7219 citations)
The repertoire of mutational signatures in human cancer (3843 citations)
Pan-cancer analysis of whole genomes (3351 citations)"
Richard Sandstrom,Altius Institute for Biomedical Sciences,US,"Genomics and Chromatin Dynamics
Epigenetics and DNA Methylation
RNA and protein synthesis mechanisms","An integrated encyclopedia of DNA elements in the human genome (19662 citations)
Comprehensive Mapping of Long-Range Interactions Reveals Folding Principles of the Human Genome (9780 citations)
Integrative analysis of 111 reference human epigenomes (7219 citations)"
Rizi Ai,Guangdong 999 Brain Hospital,CN,"Single-cell and spatial transcriptomics
Rheumatoid Arthritis Research and Therapies
Genomics and Phylogenetic Studies","Expanded encyclopaedias of DNA elements in the human and mouse genomes (2668 citations)
Neuronal subtypes and diversity revealed by single-nucleus RNA sequencing of the human brain (1097 citations)
Perspectives on ENCODE (232 citations)"
Robert A. Waterland,Children's Nutrition Research Center at Baylor College of Medicine,US,"Epigenetics and DNA Methylation
Birth, Development, and Health
Genetic Syndromes and Imprinting","Integrative analysis of 111 reference human epigenomes (7219 citations)
Transposable Elements: Targets for Early Nutritional Effects on Epigenetic Gene Regulation (2016 citations)
Maternal Genistein Alters Coat Color and Protects Avy Mouse Offspring from Obesity by Modifying the Fetal Epigenome (940 citations)"
Robert Andrews,Wellcome Trust,GB,"Genomics and Chromatin Dynamics
Epigenetics and DNA Methylation
T-cell and B-cell Immunology","Identification and analysis of functional elements in 1% of the human genome by the ENCODE pilot project (5287 citations)
The zebrafish reference genome sequence and its relationship to the human genome (5243 citations)
Innate Immune Activity Conditions the Effect of Regulatory Variants upon Monocyte Gene Expression (862 citations)"
Robert Castelo,Universitat Pompeu Fabra,ES,"Bayesian Modeling and Causal Inference
Bioinformatics and Genomic Networks
RNA and protein synthesis mechanisms","GSVA: gene set variation analysis for microarray and RNA-Seq data (17019 citations)
Identification and analysis of functional elements in 1% of the human genome by the ENCODE pilot project (5287 citations)
Regulation of Fas Alternative Splicing by Antagonistic Effects of TIA-1 and PTB on Exon Definition (362 citations)"
Robert E. Handsaker,Harvard University,US,"Genetic Associations and Epidemiology
Genomics and Rare Diseases
Genomic variations and chromosomal abnormalities","A global reference for human genetic variation (20393 citations)
The variant call format and VCFtools (18225 citations)
An integrated map of genetic variation from 1,092 human genomes (8263 citations)"
Robert E. Thurman,Seagen (United States),US,"Genomics and Chromatin Dynamics
RNA and protein synthesis mechanisms
Genomics and Phylogenetic Studies","An integrated encyclopedia of DNA elements in the human genome (19662 citations)
Integrative analysis of 111 reference human epigenomes (7219 citations)
Identification and analysis of functional elements in 1% of the human genome by the ENCODE pilot project (5287 citations)"
Robert G. Roeder,Rockefeller University,US,"Genomics and Chromatin Dynamics
RNA Research and Splicing
RNA modifications and cancer","Metabolic regulation of gene expression by histone lactylation (4318 citations)
Coactivator condensation at super-enhancers links phase separation and gene control (2789 citations)
Transient high glucose causes persistent epigenetic changes and altered gene expression during subsequent normoglycemia (1116 citations)"
Robert H. Dowen,University of North Carolina at Chapel Hill,US,"Genetics, Aging, and Longevity in Model Organisms
Circadian rhythm and melatonin
Plant-Microbe Interactions and Immunity","Human DNA methylomes at base resolution show widespread epigenomic differences (4822 citations)
Widespread dynamic DNA methylation in response to biotic stress (1032 citations)
DAF-16 employs the chromatin remodeller SWI/SNF to promote stress resistance and longevity (213 citations)"
Robert L. Grossman,University of Chicago,US,"Cancer Genomics and Diagnostics
Scientific Computing and Data Management
Distributed and Parallel Computing Systems","The repertoire of mutational signatures in human cancer (3843 citations)
Pan-cancer analysis of whole genomes (3351 citations)
Toward a Shared Vision for Cancer Genomic Data (1836 citations)"
Robert S. Harris,Pennsylvania State University,US,"Genomics and Phylogenetic Studies
Dental Health and Care Utilization
Chromosomal and Genetic Variations","An integrated encyclopedia of DNA elements in the human genome (19662 citations)
Towards complete and error-free genome assemblies of all vertebrate species (3284 citations)
An integrated encyclopedia of DNA elements in the human genome (2783 citations)"
Robert W. Blakesley,,,"Genomics and Phylogenetic Studies
RNA and protein synthesis mechanisms
DNA Repair Mechanisms","Identification and analysis of functional elements in 1% of the human genome by the ENCODE pilot project (5287 citations)
Topographical and Temporal Diversity of the Human Skin Microbiome (3005 citations)
Genome sequence of the Brown Norway rat yields insights into mammalian evolution (2223 citations)"
Roderic Guigó,Centre for Genomic Regulation,ES,"Genomics and Phylogenetic Studies
RNA Research and Splicing
RNA and protein synthesis mechanisms","The Sequence of the Human Genome (13706 citations)
Initial sequencing and comparative analysis of the mouse genome (7303 citations)
The GTEx Consortium atlas of genetic regulatory effects across human tissues (6140 citations)"
Roger A. Hoskins,Directorate-General for Interpretation,BE,"Genomics and Phylogenetic Studies
Chromosomal and Genetic Variations
CRISPR and Genetic Engineering","The Genome Sequence of Drosophila melanogaster (6044 citations)
Evolution of genes and genomes on the Drosophila phylogeny (2129 citations)
Comparative Genomics of the Eukaryotes (1709 citations)"
Rogerio Candeias,Massachusetts Institute of Technology,US,"Genomics and Chromatin Dynamics
Neurobiology and Insect Physiology Research
Gene Regulatory Network Analysis","Identification of Functional Elements and Regulatory Circuits by Drosophila modENCODE (1314 citations)
Predictive regulatory models in Drosophila melanogaster by integrative inference of transcriptional networks (126 citations)"
Roland D. Green,,,"Genomics and Chromatin Dynamics
Epigenetics and DNA Methylation
RNA modifications and cancer","Identification and analysis of functional elements in 1% of the human genome by the ENCODE pilot project (5287 citations)
Distinct and predictive chromatin signatures of transcriptional promoters and enhancers in the human genome (3518 citations)
Histone modifications at human enhancers reflect global cell-type-specific gene expression (2627 citations)"
Ron Stewart,Morgridge Institute for Research,US,"Pluripotent Stem Cells Research
Single-cell and spatial transcriptomics
Gene expression and cancer classification","Induced Pluripotent Stem Cell Lines Derived from Human Somatic Cells (10323 citations)
Human DNA methylomes at base resolution show widespread epigenomic differences (4822 citations)
Histone modifications at human enhancers reflect global cell-type-specific gene expression (2627 citations)"
Ronald M. Evans,University of California San Diego,US,"Retinoids in leukemia and cellular processes
Estrogen and related hormone effects
Peroxisome Proliferator-Activated Receptors","The Steroid and Thyroid Hormone Receptor Superfamily (7572 citations)
The nuclear receptor superfamily: The second decade (6994 citations)
A framework for advancing our understanding of cancer-associated fibroblasts (3939 citations)"
Ronan C. O’Malley,University of Chicago,US,"Plant Molecular Biology Research
Genomics and Phylogenetic Studies
Fungal and yeast genetics research","Highly Integrated Single-Base Resolution Maps of the Epigenome in Arabidopsis (2506 citations)
Phased diploid genome assembly with single-molecule real-time sequencing (2250 citations)
Cistrome and Epicistrome Features Shape the Regulatory DNA Landscape (1748 citations)"
Rong Hu,Hunan Provincial Maternal and Child Health Hospital,CN,"Genomics and Chromatin Dynamics
RNA Research and Splicing
Epigenetics and DNA Methylation","Metabolic regulation of gene expression by histone lactylation (4318 citations)
Brain cell type–specific enhancer–promoter interactome maps and disease - risk association (814 citations)
Circular ecDNA promotes accessible chromatin and high oncogene expression (729 citations)"
Rosa Castanon,Salk Institute for Biological Studies,US,"Epigenetics and DNA Methylation
Single-cell and spatial transcriptomics
Genomics and Chromatin Dynamics","Hotspots of aberrant epigenomic reprogramming in human induced pluripotent stem cells (1572 citations)
Comparative cellular analysis of motor cortex in human, marmoset and mouse (872 citations)
Epigenomic Diversity in a Global Collection of Arabidopsis thaliana Accessions (803 citations)"
Rosa Castanon,Salk Institute for Biological Studies,US,"Epigenetics and DNA Methylation
Single-cell and spatial transcriptomics
Genomics and Chromatin Dynamics","Hotspots of aberrant epigenomic reprogramming in human induced pluripotent stem cells (1572 citations)
Comparative cellular analysis of motor cortex in human, marmoset and mouse (872 citations)
Epigenomic Diversity in a Global Collection of Arabidopsis thaliana Accessions (803 citations)"
Rosa Karlić,University of Zagreb,HR,"Cancer Genomics and Diagnostics
Genetic factors in colorectal cancer
RNA modifications and cancer","Integrative analysis of 111 reference human epigenomes (7219 citations)
The repertoire of mutational signatures in human cancer (3843 citations)
Pan-cancer analysis of whole genomes (3351 citations)"
Ross C. Hardison,Pennsylvania State University,US,"Genomics and Chromatin Dynamics
RNA and protein synthesis mechanisms
Hemoglobinopathies and Related Disorders","Initial sequencing and comparative analysis of the mouse genome (7303 citations)
Identification and analysis of functional elements in 1% of the human genome by the ENCODE pilot project (5287 citations)
An integrated encyclopedia of DNA elements in the human genome (2783 citations)"
Ruth Bennett,Spanish National Cancer Research Centre,ES,"Genomics and Phylogenetic Studies
RNA modifications and cancer
RNA and protein synthesis mechanisms","Expanded encyclopaedias of DNA elements in the human and mouse genomes (2668 citations)
Ensembl 2022 (2215 citations)
Ensembl 2021 (1782 citations)"
Ruth T. Yu,Salk Institute for Biological Studies,US,"Adipose Tissue and Metabolism
Epigenetics and DNA Methylation
Adipokines, Inflammation, and Metabolic Diseases","Hotspots of aberrant epigenomic reprogramming in human induced pluripotent stem cells (1572 citations)
Peroxisome-Proliferator-Activated Receptor δ Activates Fat Metabolism to Prevent Obesity (1289 citations)
AMPK and PPARδ Agonists Are Exercise Mimetics (1210 citations)"
Ryan E. Mills,Michigan Medicine,US,"Genomic variations and chromosomal abnormalities
Genomics and Phylogenetic Studies
Cancer Genomics and Diagnostics","A global reference for human genetic variation (20393 citations)
An integrated map of structural variation in 2,504 human genomes (2693 citations)
Mapping copy number variation by population-scale genome sequencing (1215 citations)"
Ryan L. Collins,Dana-Farber Cancer Institute,US,"Genomics and Rare Diseases
Genomic variations and chromosomal abnormalities
Genomics and Phylogenetic Studies","The mutational constraint spectrum quantified from variation in 141,456 humans (10373 citations)
Large-Scale Exome Sequencing Study Implicates Both Developmental and Functional Changes in the Neurobiology of Autism (2524 citations)
The mutational constraint spectrum quantified from variation in 141,456 humans (1775 citations)"
Ryan Lister,ARC Centre of Excellence in Plant Energy Biology,AU,"Epigenetics and DNA Methylation
Single-cell and spatial transcriptomics
CRISPR and Genetic Engineering","Integrative analysis of 111 reference human epigenomes (7219 citations)
Human DNA methylomes at base resolution show widespread epigenomic differences (4822 citations)
Highly Integrated Single-Base Resolution Maps of the Epigenome in Arabidopsis (2506 citations)"
S Celniker,Lawrence Berkeley National Laboratory,US,"Genomics and Phylogenetic Studies
Genomics and Chromatin Dynamics
Chromosomal and Genetic Variations","The Genome Sequence of Drosophila melanogaster (6044 citations)
Evolution of genes and genomes on the Drosophila phylogeny (2129 citations)
Comparative Genomics of the Eukaryotes (1709 citations)"
Saadi Khochbin,Université Grenoble Alpes,FR,"Genomics and Chromatin Dynamics
Epigenetics and DNA Methylation
Histone Deacetylase Inhibitors Research","Identification of 67 Histone Marks and Histone Lysine Crotonylation as a New Type of Histone Modification (1908 citations)
HDAC‐6 interacts with and deacetylates tubulin and microtubules in vivo (733 citations)
Ectopic Activation of Germline and Placental Genes Identifies Aggressive Metastasis-Prone Lung Cancers (631 citations)"
Samantha Beik,Vanderbilt University,US,"Bioinformatics and Genomic Networks
RNA and protein synthesis mechanisms
Gene Regulatory Network Analysis","Expanded encyclopaedias of DNA elements in the human and mouse genomes (2668 citations)
Genetic and epigenetic fine mapping of causal autoimmune disease variants (2184 citations)
Reconstructing and Reprogramming the Tumor-Propagating Potential of Glioblastoma Stem-like Cells (977 citations)"
Samantha Kuan,University of California San Diego,US,"Genomics and Chromatin Dynamics
Epigenetics and DNA Methylation
RNA Research and Splicing","Expanded encyclopaedias of DNA elements in the human and mouse genomes (2668 citations)
A comparative encyclopedia of DNA elements in the mouse genome (1952 citations)
A map of the cis-regulatory sequences in the mouse genome (1462 citations)"
Sandeep Patel,University of North Carolina at Chapel Hill,US,"Spectroscopy and Quantum Chemical Studies
Protein Structure and Dynamics
Lipid Membrane Structure and Behavior","Identification and analysis of functional elements in 1% of the human genome by the ENCODE pilot project (5287 citations)
Identification of the breast cancer susceptibility gene BRCA2 (3667 citations)
RNA Maps Reveal New RNA Classes and a Possible Function for Pervasive Transcription (2601 citations)"
Sang Seok Koh,Korea University of Science and Technology,KR,"RNA Research and Splicing
RNA modifications and cancer
Genomics and Chromatin Dynamics","Remodeling of Yeast Genome Expression in Response to Environmental Changes (1401 citations)
Temporal Regulation of RNA Polymerase II by Srb10 and Kin28 Cyclin-Dependent Kinases (403 citations)
An Activator Target in the RNA Polymerase II Holoenzyme (193 citations)"
Sangkyu Lee,Sungkyunkwan University,KR,"Pharmacogenetics and Drug Metabolism
Advanced Proteomics Techniques and Applications
Pharmacological Effects of Natural Compounds","Metabolic regulation of gene expression by histone lactylation (4318 citations)
Identification of 67 Histone Marks and Histone Lysine Crotonylation as a New Type of Histone Modification (1908 citations)
Brown Remodeling of White Adipose Tissue by SirT1-Dependent Deacetylation of Pparγ (796 citations)"
Sara Powell,Texas Health Dallas,US,"Virus-based gene therapy research
RNA Interference and Gene Delivery
Genomics and Chromatin Dynamics","Identification of Functional Elements and Regulatory Circuits by Drosophila modENCODE (1314 citations)
PAX genes: Roles in development, pathophysiology, and cancer (288 citations)
Drosophila ORC localizes to open chromatin and marks sites of cohesin complex loading (274 citations)"
Sara Van Calcar,Ludwig Cancer Research,US,"Genomics and Chromatin Dynamics
RNA and protein synthesis mechanisms
Genomics and Phylogenetic Studies","Identification and analysis of functional elements in 1% of the human genome by the ENCODE pilot project (5287 citations)
Distinct and predictive chromatin signatures of transcriptional promoters and enhancers in the human genome (3518 citations)
A global transcriptional regulatory role for c-Myc in Burkitt's lymphoma cells (526 citations)"
Sarah C. R. Elgin,Washington University in St. Louis,US,"Genomics and Chromatin Dynamics
Chromosomal and Genetic Variations
RNA and protein synthesis mechanisms","Identification of Functional Elements and Regulatory Circuits by Drosophila modENCODE (1314 citations)
Comprehensive analysis of the chromatin landscape in Drosophila melanogaster (913 citations)
Epigenetic Codes for Heterochromatin Formation and Silencing (877 citations)"
Sarah Djebali,Délégation Régionale Occitanie Pyrénées,FR,"Cancer-related molecular mechanisms research
Genetic and phenotypic traits in livestock
Animal Genetics and Reproduction","An integrated encyclopedia of DNA elements in the human genome (19662 citations)
Landscape of transcription in human cells (5425 citations)
The GENCODE v7 catalog of human long noncoding RNAs: Analysis of their gene structure, evolution, and expression (5275 citations)"
Sarah S. Donaldson,Stanford University,US,"Sarcoma Diagnosis and Treatment
Lymphoma Diagnosis and Treatment
Childhood Cancer Survivors' Quality of Life","Addition of Ifosfamide and Etoposide to Standard Chemotherapy for Ewing's Sarcoma and Primitive Neuroectodermal Tumor of Bone (1348 citations)
Cardiac outcomes in a cohort of adult survivors of childhood and adolescent cancer: retrospective analysis of the Childhood Cancer Survivor Study cohort (1172 citations)
Intergroup Rhabdomyosarcoma Study-IV: Results for Patients With Nonmetastatic Disease (1098 citations)"
Sarah Wilcox,University of South Carolina,US,"Genomics and Rare Diseases
Physical Activity and Health
Genomics and Chromatin Dynamics","Identification and analysis of functional elements in 1% of the human genome by the ENCODE pilot project (5287 citations)
Determinants of leisure time physical activity in rural compared with urban older and ethnically diverse women in the United States (689 citations)
The landscape of histone modifications across 1% of the human genome in five human cell lines (454 citations)"
Sarit Klugman,,,"Genomics and Chromatin Dynamics
Epigenetics and DNA Methylation
Pluripotent Stem Cells Research","Hotspots of aberrant epigenomic reprogramming in human induced pluripotent stem cells (1572 citations)
Distinct Epigenomic Landscapes of Pluripotent and Lineage-Committed Human Cells (823 citations)
Epigenomic Analysis of Multilineage Differentiation of Human Embryonic Stem Cells (785 citations)"
Sascha Meiers,European Molecular Biology Laboratory,DE,"Genomics and Rare Diseases
Genomics and Phylogenetic Studies
Genomic variations and chromosomal abnormalities","A global reference for human genetic variation (20393 citations)
An integrated map of structural variation in 2,504 human genomes (2693 citations)
Multi-platform discovery of haplotype-resolved structural variation in human genomes (1052 citations)"
Sau Peng Lee,,,"Genomics and Phylogenetic Studies
Genomic variations and chromosomal abnormalities
Genomics and Rare Diseases","Multi-platform discovery of haplotype-resolved structural variation in human genomes (1052 citations)
Human-specific tandem repeat expansion and differential gene expression during primate evolution (160 citations)
Multi-platform discovery of haplotype-resolved structural variation in human genomes (158 citations)"
Scott E. Devine,"University of Maryland, Baltimore",US,"Chromosomal and Genetic Variations
Genetic Associations and Epidemiology
Genomics and Phylogenetic Studies","A global reference for human genetic variation (20393 citations)
An integrated map of structural variation in 2,504 human genomes (2693 citations)
Sequencing of 53,831 diverse genomes from the NHLBI TOPMed Program (2363 citations)"
Sebastian Will,Columbia University,US,"Cold Atom Physics and Bose-Einstein Condensates
Quantum, superfluid, helium dynamics
Atomic and Subatomic Physics Research","Identification of Functional Elements and Regulatory Circuits by Drosophila modENCODE (1314 citations)
Metallic and Insulating Phases of Repulsively Interacting Fermions in a 3D Optical Lattice (723 citations)
Ultracold Dipolar Gas of Fermionic Na 23 K 40 Molecules in Their Absolute Ground State (518 citations)"
Sergei Yakneen,,,"Cancer Genomics and Diagnostics
Genomics and Phylogenetic Studies
Genetic factors in colorectal cancer","Accurate structure prediction of biomolecular interactions with AlphaFold 3 (15609 citations)
The repertoire of mutational signatures in human cancer (3843 citations)
Pan-cancer analysis of whole genomes (3351 citations)"
Shamil Sunyaev,Harvard University,US,"Genetic Associations and Epidemiology
Genomics and Rare Diseases
Genomics and Phylogenetic Studies","A method and server for predicting damaging missense mutations (13719 citations)
Integrative analysis of 111 reference human epigenomes (7219 citations)
Mutational heterogeneity in cancer and the search for new cancer-associated genes (5772 citations)"
Shane C. Dillon,Agriculture and Food,AU,"Genomics and Chromatin Dynamics
RNA and protein synthesis mechanisms
Bacterial Genetics and Biotechnology","Identification and analysis of functional elements in 1% of the human genome by the ENCODE pilot project (5287 citations)
Bacterial nucleoid-associated proteins, nucleoid structure and gene expression (907 citations)
The SET-domain protein superfamily: protein lysine methyltransferases. (784 citations)"
Shane Neph,University of Washington Medical Center,US,"Genomics and Chromatin Dynamics
RNA and protein synthesis mechanisms
Genomics and Phylogenetic Studies","An integrated encyclopedia of DNA elements in the human genome (19662 citations)
Integrative analysis of 111 reference human epigenomes (7219 citations)
Identification and analysis of functional elements in 1% of the human genome by the ENCODE pilot project (5287 citations)"
Shantao Li,China National GeneBank,CN,"Cancer Genomics and Diagnostics
Genomics and Phylogenetic Studies
Cancer-related molecular mechanisms research","The repertoire of mutational signatures in human cancer (3843 citations)
The evolutionary history of 2,658 cancers (1142 citations)
Multi-platform discovery of haplotype-resolved structural variation in human genomes (1052 citations)"
Shin Lin,University of Washington,US,"Single-cell and spatial transcriptomics
Genomics and Chromatin Dynamics
Genetic Associations and Epidemiology","The GTEx Consortium atlas of genetic regulatory effects across human tissues (6140 citations)
Genetic effects on gene expression across human tissues (4742 citations)
A second generation human haplotype map of over 3.1 million SNPs (4607 citations)"
Shinny Vong,Altius Institute for Biomedical Sciences,US,"Genomics and Chromatin Dynamics
RNA and protein synthesis mechanisms
RNA Research and Splicing","An integrated encyclopedia of DNA elements in the human genome (19662 citations)
The accessible chromatin landscape of the human genome (2935 citations)
An integrated encyclopedia of DNA elements in the human genome (2783 citations)"
Siddarth Selvaraj,Arima Genomics (United States),US,"Genomics and Chromatin Dynamics
Chromosomal and Genetic Variations
Genomics and Phylogenetic Studies","Topological domains in mammalian genomes identified by analysis of chromatin interactions (7513 citations)
Towards complete and error-free genome assemblies of all vertebrate species (3284 citations)
Chromatin architecture reorganization during stem cell differentiation (1839 citations)"
Simon Whelan,,,"Genomics and Phylogenetic Studies
Genetic diversity and population structure
Evolution and Paleontology Studies","Initial sequencing and comparative analysis of the mouse genome (7303 citations)
Identification and analysis of functional elements in 1% of the human genome by the ENCODE pilot project (5287 citations)
A General Empirical Model of Protein Evolution Derived from Multiple Protein Families Using a Maximum-Likelihood Approach (2990 citations)"
Sofia Kyriazopoulou-Panagiotopoulou,10X Genomics (United States),US,"Genomics and Phylogenetic Studies
Genomics and Chromatin Dynamics
RNA and protein synthesis mechanisms","An integrated encyclopedia of DNA elements in the human genome (19662 citations)
An integrated encyclopedia of DNA elements in the human genome (2783 citations)
Multi-platform discovery of haplotype-resolved structural variation in human genomes (1052 citations)"
Soheil Feizi,"University of Maryland, College Park",US,"Adversarial Robustness in Machine Learning
Topic Modeling
Domain Adaptation and Few-Shot Learning","Integrative analysis of 111 reference human epigenomes (7219 citations)
Systematic dissection and optimization of inducible enhancers in human cells using a massively parallel reporter assay (793 citations)
Network deconvolution as a general method to distinguish direct dependencies in networks (308 citations)"
Songjie Chen,Stanford University,US,"Metabolomics and Mass Spectrometry Studies
Birth, Development, and Health
Pregnancy and preeclampsia studies","Expanded encyclopaedias of DNA elements in the human and mouse genomes (2668 citations)
The NASA Twins Study: A multidimensional analysis of a year-long human spaceflight (1150 citations)
Longitudinal multi-omics of host–microbe dynamics in prediabetes (622 citations)"
Sophie Rousseaux,Université Grenoble Alpes,FR,"Genomics and Chromatin Dynamics
Epigenetics and DNA Methylation
Protein Degradation and Inhibitors","Identification of 67 Histone Marks and Histone Lysine Crotonylation as a New Type of Histone Modification (1908 citations)
Ectopic Activation of Germline and Placental Genes Identifies Aggressive Metastasis-Prone Lung Cancers (631 citations)
Dynamic Molecular Combing: Stretching the Whole Human Genome for High-Resolution Studies (610 citations)"
Sora Chee,SUNY Upstate Medical University,US,"Genomics and Chromatin Dynamics
RNA Research and Splicing
Chromosomal and Genetic Variations","Expanded encyclopaedias of DNA elements in the human and mouse genomes (2668 citations)
An atlas of dynamic chromatin landscapes in mouse fetal development (450 citations)
Transcriptionally active HERV-H retrotransposons demarcate topologically associating domains in human pluripotent stem cells (426 citations)"
Srinka Ghosh,,,"Renal Transplantation Outcomes and Treatments
Transplantation: Methods and Outcomes
Cancer Genomics and Diagnostics","Identification and analysis of functional elements in 1% of the human genome by the ENCODE pilot project (5287 citations)
RNA Maps Reveal New RNA Classes and a Possible Function for Pervasive Transcription (2601 citations)
Identification of Functional Elements and Regulatory Circuits by Drosophila modENCODE (1314 citations)"
Stacie M. Anderson,Flometrics (United States),US,"Immune Cell Function and Interaction
Virus-based gene therapy research
Acute Myeloid Leukemia Research","Bone marrow cells regenerate infarcted myocardium (5177 citations)
Erythrocyte P Antigen: Cellular Receptor for B19 Parvovirus (862 citations)
The TCF1-Bcl6 axis counteracts type I interferon to repress exhaustion and maintain T cell stemness (661 citations)"
Stefan Washietl,,,"RNA and protein synthesis mechanisms
RNA modifications and cancer
RNA Research and Splicing","An integrated encyclopedia of DNA elements in the human genome (19662 citations)
Identification and analysis of functional elements in 1% of the human genome by the ENCODE pilot project (5287 citations)
An integrated encyclopedia of DNA elements in the human genome (2783 citations)"
Stephen Dalton,Chinese University of Hong Kong,HK,"Pluripotent Stem Cells Research
CRISPR and Genetic Engineering
Epigenetics and DNA Methylation","Expanded encyclopaedias of DNA elements in the human and mouse genomes (2668 citations)
A Mechanism for Regulating Pulmonary Inflammation and Fibrosis: The Integrin αvβ6 Binds and Activates Latent TGF β1 (2072 citations)
Highly Efficient Generation of Human Hepatocyte–Like Cells From Induced Pluripotent Stem Cells (1291 citations)"
Stephen E. Hartman,AbbVie (United States),US,"Mast cells and histamine
Immunodeficiency and Autoimmune Disorders
T-cell and B-cell Immunology","Identification and analysis of functional elements in 1% of the human genome by the ENCODE pilot project (5287 citations)
HTRA1 Promoter Polymorphism in Wet Age-Related Macular Degeneration (876 citations)
Distribution of NF-κB-binding sites across human chromosome 22 (304 citations)"
Stephen P. Bell,Massachusetts Institute of Technology,US,"DNA Repair Mechanisms
Genomics and Chromatin Dynamics
Microtubule and mitosis dynamics","DNA Replication in Eukaryotic Cells (2051 citations)
Genome-Wide Location and Function of DNA Binding Proteins (1783 citations)
Purification and Biochemical Characterization of the Promoter-Specific Transcription Factor, Sp1 (1486 citations)"
Steven A. McCarroll,Harvard University,US,"Genetic Associations and Epidemiology
Genomics and Rare Diseases
Genomic variations and chromosomal abnormalities","A global reference for human genetic variation (20393 citations)
Analysis of protein-coding genetic variation in 60,706 humans (10439 citations)
The mutational constraint spectrum quantified from variation in 141,456 humans (10373 citations)"
Steven E. Brenner,"University of California, Berkeley",US,"RNA and protein synthesis mechanisms
Genomics and Rare Diseases
Genomics and Phylogenetic Studies","WebLogo: A Sequence Logo Generator: Figure 1 (13185 citations)
SCOP: A structural classification of proteins database for the investigation of sequences and structures (6349 citations)
The Transcriptional Landscape of the Mammalian Genome (3615 citations)"
Steven Henikoff,Fred Hutch Cancer Center,US,"Genomics and Chromatin Dynamics
Chromosomal and Genetic Variations
Epigenetics and DNA Methylation","Predicting the effects of coding non-synonymous variants on protein function using the SIFT algorithm (6791 citations)
Amino acid substitution matrices from protein blocks. (6472 citations)
Unidirectional digestion with exonuclease III creates targeted breakpoints for DNA sequencing (4214 citations)"
Steven J.M. Jones,Canada's Michael Smith Genome Sciences Centre,CA,"Cancer Genomics and Diagnostics
Genomics and Phylogenetic Studies
RNA modifications and cancer","Circos: An information aesthetic for comparative genomics (12101 citations)
Integrative analysis of 111 reference human epigenomes (7219 citations)
Comprehensive molecular characterization of gastric adenocarcinoma (6650 citations)"
Steven M. Blue,Center for Genomic Science,IT,"RNA Research and Splicing
RNA and protein synthesis mechanisms
RNA modifications and cancer","Expanded encyclopaedias of DNA elements in the human and mouse genomes (2668 citations)
Robust transcriptome-wide discovery of RNA-binding protein binding sites with enhanced CLIP (eCLIP) (1611 citations)
A large-scale binding and functional map of human RNA-binding proteins (1426 citations)"
Stephen J. Russell,Mayo Clinic in Florida,US,"Virus-based gene therapy research
Multiple Myeloma Research and Treatments
Amyloidosis: Diagnosis, Treatment, Outcomes","Improved survival in multiple myeloma and the impact of novel therapies (2264 citations)
Oncolytic virotherapy (1428 citations)
Continued improvement in survival in multiple myeloma: changes in early mortality and outcomes in older patients (1403 citations)"
Stuart Cantsilieris,Centre for Eye Research Australia,AU,"Retinal Diseases and Treatments
Genomic variations and chromosomal abnormalities
Complement system in diseases","Multi-platform discovery of haplotype-resolved structural variation in human genomes (1052 citations)
Characterizing the Major Structural Variant Alleles of the Human Genome (584 citations)
High-resolution comparative analysis of great ape genomes (402 citations)"
Sujit Dike,Leipzig University,DE,"Genomics and Chromatin Dynamics
RNA and protein synthesis mechanisms
Chromosomal and Genetic Variations","Identification and analysis of functional elements in 1% of the human genome by the ENCODE pilot project (5287 citations)
RNA Maps Reveal New RNA Classes and a Possible Function for Pervasive Transcription (2601 citations)
Transcriptional Maps of 10 Human Chromosomes at 5-Nucleotide Resolution (1227 citations)"
Sun‐Joo Kim,Gyeongsang National University,KR,"Gallbladder and Bile Duct Disorders
Streptococcal Infections and Treatments
Bacterial Identification and Susceptibility Testing","Therapeutic outcomes in 1000 cases of endoscopic submucosal dissection for early gastric neoplasms: Korean ESD Study Group multicenter study (608 citations)
Short-term exercise training can improve myocardial tolerance to I/R without elevation in heat shock proteins (171 citations)
Anchoring flap versus flared end, fully covered self-expandable metal stents to prevent migration in patients with benign biliary strictures: a multicenter, prospective, comparative pilot study (with videos) (164 citations)"
Surya B. Chhetri,Dana-Farber Cancer Institute,US,"Genomics and Chromatin Dynamics
Genetic Associations and Epidemiology
Epigenetics and DNA Methylation","Perspectives on ENCODE (232 citations)
Occupancy maps of 208 chromatin-associated proteins in one human cell type (178 citations)
The EN-TEx resource of multi-tissue personal epigenomes & variant-impact models (85 citations)"
Susan Fairley,,,"Genomics and Phylogenetic Studies
Chromosomal and Genetic Variations
Genomic variations and chromosomal abnormalities","Analyses of pig genomes provide insight into porcine demography and evolution (1452 citations)
The Ensembl gene annotation system (1238 citations)
A draft human pangenome reference (1219 citations)"
Susan J. Fisher,Broad Center,US,"Pregnancy and preeclampsia studies
Reproductive System and Pregnancy
Birth, Development, and Health","Integrative analysis of 111 reference human epigenomes (7219 citations)
Preterm labor: One syndrome, many causes (2031 citations)
A Class I Antigen, HLA-G, Expressed in Human Trophoblasts (1420 citations)"
Sushant Kumar,Princess Margaret Cancer Centre,CA,"Cancer Genomics and Diagnostics
Bioinformatics and Genomic Networks
Genomics and Rare Diseases","The repertoire of mutational signatures in human cancer (3843 citations)
Pan-cancer analysis of whole genomes (3351 citations)
Haplotype-resolved diverse human genomes and integrated analysis of structural variation (821 citations)"
Sushmita Roy,Wisconsin Institutes for Discovery,US,"Bioinformatics and Genomic Networks
Genomics and Chromatin Dynamics
Gene Regulatory Network Analysis","Identification of Functional Elements and Regulatory Circuits by Drosophila modENCODE (1314 citations)
Quantification of Proteins and Metabolites by Mass Spectrometry without Isotopic Labeling or Spiked Standards (653 citations)
Calorie Restriction and SIRT3 Trigger Global Reprogramming of the Mitochondrial Protein Acetylome (648 citations)"
Suzanna Lewis,,,"Bioinformatics and Genomic Networks
Genomics and Phylogenetic Studies
RNA and protein synthesis mechanisms","Gene Ontology: tool for the unification of biology (45281 citations)
Ten Years of Collaborative Progress in the Quest for Orthologs (57 citations)"
Sylvain Foissac,Génétique Physiologie et Systèmes d'Elevage,FR,"Genetic and phenotypic traits in livestock
Animal Genetics and Reproduction
Cancer-related molecular mechanisms research","An integrated encyclopedia of DNA elements in the human genome (19662 citations)
Landscape of transcription in human cells (5425 citations)
Identification and analysis of functional elements in 1% of the human genome by the ENCODE pilot project (5287 citations)"
T Gingeras,Cold Spring Harbor Laboratory,US,"RNA and protein synthesis mechanisms
RNA Research and Splicing
Genomics and Chromatin Dynamics","STAR: ultrafast universal RNA-seq aligner (57724 citations)
An integrated encyclopedia of DNA elements in the human genome (19662 citations)
Landscape of transcription in human cells (5425 citations)"
Tae‐Hoon Kim,Dong-A University,KR,"Atrial Fibrillation Management and Outcomes
Cardiac Arrhythmias and Treatments
Cardiac pacing and defibrillation studies","Growth, feeding and ecological roles of the mixotrophic and heterotrophic dinoflagellates in marine planktonic food webs (614 citations)
Risk of dementia in stroke-free patients diagnosed with atrial fibrillation: data from a population-based cohort (258 citations)
The Electrical Isolation of the Left Atrial Posterior Wall in Catheter Ablation of Persistent Atrial Fibrillation (207 citations)"
Tamer Kahveci,University of Florida,US,"Bioinformatics and Genomic Networks
Gene Regulatory Network Analysis
Gene expression and cancer classification","A comparative encyclopedia of DNA elements in the mouse genome (1952 citations)
Topologically associating domains are stable units of replication-timing regulation (1014 citations)
Dynamic changes in replication timing and gene expression during lineage specification of human pluripotent stem cells (190 citations)"
Tanya Kutyavin,Altius Institute for Biomedical Sciences,US,"Genomics and Chromatin Dynamics
RNA and protein synthesis mechanisms
RNA Research and Splicing","Systematic Localization of Common Disease-Associated Variation in Regulatory DNA (4113 citations)
The accessible chromatin landscape of the human genome (2935 citations)
Expanded encyclopaedias of DNA elements in the human and mouse genomes (2668 citations)"
Tao Pan,Peking University Cancer Hospital,CN,"RNA modifications and cancer
RNA and protein synthesis mechanisms
RNA Research and Splicing","N6-methyladenosine-dependent regulation of messenger RNA stability (4917 citations)
N6-Methyladenosine in nuclear RNA is a major substrate of the obesity-associated FTO (4214 citations)
Dynamic RNA Modifications in Gene Expression Regulation (3671 citations)"
Tarjei S. Mikkelsen,Arsenal Biosciences (United States),US,"Genomics and Chromatin Dynamics
CRISPR and Genetic Engineering
Single-cell and spatial transcriptomics","Initial sequencing and analysis of the human genome (24723 citations)
The dynamics and regulators of cell fate decisions are revealed by pseudotemporal ordering of single cells (8133 citations)
Massively parallel digital transcriptional profiling of single cells (8111 citations)"
Tejaswini Mishra,Stanford University,US,"Genomics and Chromatin Dynamics
RNA modifications and cancer
RNA and protein synthesis mechanisms","Expanded encyclopaedias of DNA elements in the human and mouse genomes (2668 citations)
A comparative encyclopedia of DNA elements in the mouse genome (1952 citations)
The NASA Twins Study: A multidimensional analysis of a year-long human spaceflight (1150 citations)"
Terry L. Orr‐Weaver,Whitehead Institute for Biomedical Research,US,"Genomics and Chromatin Dynamics
Microtubule and mitosis dynamics
Chromosomal and Genetic Variations","The double-strand-break repair model for recombination (2499 citations)
Yeast transformation: a model system for the study of recombination. (1500 citations)
Identification of Functional Elements and Regulatory Circuits by Drosophila modENCODE (1314 citations)"
Thea D. Tlsty,University of San Francisco,US,"Cancer Cells and Metastasis
Cancer-related Molecular Pathways
Epigenetics and DNA Methylation","Integrative analysis of 111 reference human epigenomes (7219 citations)
A framework for advancing our understanding of cancer-associated fibroblasts (3939 citations)
The clonal and mutational evolution spectrum of primary triple-negative breast cancers (2035 citations)"
Theresa K. Canfield,,,"Genomics and Chromatin Dynamics
Epigenetics and DNA Methylation
RNA and protein synthesis mechanisms","Integrative analysis of 111 reference human epigenomes (7219 citations)
Systematic Localization of Common Disease-Associated Variation in Regulatory DNA (4113 citations)
The accessible chromatin landscape of the human genome (2935 citations)"
Thierry Buchou,Université Grenoble Alpes,FR,"CRISPR and Genetic Engineering
Genomics and Chromatin Dynamics
Estrogen and related hormone effects","Identification of 67 Histone Marks and Histone Lysine Crotonylation as a New Type of Histone Modification (1908 citations)
Lysine 2-hydroxyisobutyrylation is a widely distributed active histone mark (478 citations)
Common non-hormone binding component in non-transformed chick oviduct receptors of four steroid hormones (442 citations)"
Thomas A. Reh,University of Washington,US,"Retinal Development and Disorders
Neurogenesis and neuroplasticity mechanisms
Developmental Biology and Gene Regulation","A comparative encyclopedia of DNA elements in the mouse genome (1952 citations)
Efficient generation of retinal progenitor cells from human embryonic stem cells (692 citations)
Transplantation of Human Embryonic Stem Cell-Derived Photoreceptors Restores Some Visual Function in Crx-Deficient Mice (608 citations)"
Thomas Anantharaman,BioNano Genomics (United States),US,"Genomics and Phylogenetic Studies
Genetics, Bioinformatics, and Biomedical Research
RNA and protein synthesis mechanisms","Genome sequence of enterohaemorrhagic Escherichia coli O157:H7 (2066 citations)
Multi-platform discovery of haplotype-resolved structural variation in human genomes (1052 citations)
Assembly and diploid architecture of an individual human genome via single-molecule technologies (565 citations)"
Thomas C. Kaufman,Indiana University,US,"Developmental Biology and Gene Regulation
Neurobiology and Insect Physiology Research
Genetic and Clinical Aspects of Sex Determination and Chromosomal Abnormalities","Evolution of genes and genomes on the Drosophila phylogeny (2129 citations)
The developmental transcriptome of Drosophila melanogaster (1611 citations)
Identification of Functional Elements and Regulatory Circuits by Drosophila modENCODE (1314 citations)"
Thomas L. Volkert,Rusk Rehabilitation,US,"Genomics and Chromatin Dynamics
MicroRNA in disease regulation
Fungal and yeast genetics research","Transcriptional Regulatory Networks in Saccharomyces cerevisiae (3011 citations)
Control of Developmental Regulators by Polycomb in Human Embryonic Stem Cells (2280 citations)
Genome-Wide Location and Function of DNA Binding Proteins (1783 citations)"
Tim Massingham,European Bioinformatics Institute,GB,"Genomics and Phylogenetic Studies
RNA and protein synthesis mechanisms
Genetic diversity and population structure","Identification and analysis of functional elements in 1% of the human genome by the ENCODE pilot project (5287 citations)
A high-resolution map of human evolutionary constraint using 29 mammals (1229 citations)
Ensembl's 10th year (292 citations)"
Tim R. Mercer,The University of Queensland,AU,"RNA Research and Splicing
RNA modifications and cancer
RNA and protein synthesis mechanisms","Integrative analysis of 111 reference human epigenomes (7219 citations)
Long non-coding RNAs: insights into functions (5822 citations)
Long non-coding RNAs: definitions, functions, challenges and recommendations (2412 citations)"
Timothy R. Dreszer,Stanford University,US,"Genomics and Chromatin Dynamics
RNA and protein synthesis mechanisms
RNA modifications and cancer","An integrated encyclopedia of DNA elements in the human genome (19662 citations)
ENCODE data at the ENCODE portal (645 citations)
Perspectives on ENCODE (232 citations)"
Timur R. Galeev,Yale University,US,"Boron and Carbon Nanomaterials Research
Genomics and Chromatin Dynamics
Boron Compounds in Chemistry","Mapping genomic loci implicates genes and synaptic biology in schizophrenia (2886 citations)
Expanded encyclopaedias of DNA elements in the human and mouse genomes (2668 citations)
Multi-platform discovery of haplotype-resolved structural variation in human genomes (1052 citations)"
Ting Wang,Chongqing Medical University,CN,"Epigenetics and DNA Methylation
RNA modifications and cancer
Genomics and Chromatin Dynamics","Integrative analysis of 111 reference human epigenomes (7219 citations)
The gut microbiota as an environmental factor that regulates fat storage (6273 citations)
Conserved role of intragenic DNA methylation in regulating alternative promoters (1782 citations)"
Tingting Gu,Air Force Medical University,CN,"Plant Molecular Biology Research
Genomics and Chromatin Dynamics
Chromosomal and Genetic Variations","Identification of Functional Elements and Regulatory Circuits by Drosophila modENCODE (1314 citations)
Comprehensive analysis of the chromatin landscape in Drosophila melanogaster (913 citations)
Comparative analysis of metazoan chromatin organization (452 citations)"
Tobias Marschall,Heinrich Heine University Düsseldorf,DE,"Genomics and Phylogenetic Studies
Genomics and Rare Diseases
Chromosomal and Genetic Variations","The complete sequence of a human genome (3454 citations)
Accurate circular consensus long-read sequencing improves variant detection and assembly of a human genome (2028 citations)
Eleven grand challenges in single-cell data science (1484 citations)"
Tobias Rausch,European Molecular Biology Laboratory,DE,"Cancer Genomics and Diagnostics
Genomics and Phylogenetic Studies
Genomics and Rare Diseases","A global reference for human genetic variation (20393 citations)
An integrated map of genetic variation from 1,092 human genomes (8263 citations)
The repertoire of mutational signatures in human cancer (3843 citations)"
Tom Maniatis,Columbia University,US,"RNA Research and Splicing
RNA and protein synthesis mechanisms
interferon and immune responses","Molecular Cloning: A Laboratory Manual (129950 citations)
Efficientin vitrosynthesis of biologically active RNA and RNA hybridization probes from plasmids containing a bacteriophage SP6 promoter (6454 citations)
An RNA-Sequencing Transcriptome and Splicing Database of Glia, Neurons, and Vascular Cells of the Cerebral Cortex (5444 citations)"
Tong Ihn Lee,Whitehead Institute for Biomedical Research,US,"Genomics and Chromatin Dynamics
RNA Research and Splicing
Epigenetics and DNA Methylation","Core Transcriptional Regulatory Circuitry in Human Embryonic Stem Cells (4527 citations)
Master Transcription Factors and Mediator Establish Super-Enhancers at Key Cell Identity Genes (4432 citations)
Super-Enhancers in the Control of Cell Identity and Disease (3941 citations)"
Trupti Kawli,Natera (United States),US,"Cancer Genomics and Diagnostics
Genetics, Aging, and Longevity in Model Organisms
Genomics and Chromatin Dynamics","Expanded encyclopaedias of DNA elements in the human and mouse genomes (2668 citations)
A comparative encyclopedia of DNA elements in the mouse genome (1952 citations)
Analytical and clinical validation of a microbial cell-free DNA sequencing test for infectious disease (1011 citations)"
Tyler Alioto,Universitat de Barcelona,ES,"Genomics and Phylogenetic Studies
Genetic diversity and population structure
Chromosomal and Genetic Variations","Landscape of transcription in human cells (5425 citations)
Identification and analysis of functional elements in 1% of the human genome by the ENCODE pilot project (5287 citations)
The tomato genome sequence provides insights into fleshy fruit evolution (3422 citations)"
Tyler Borrman,Sunesis (United States),US,"Genomics and Chromatin Dynamics
CAR-T cell therapy research
Cancer Immunotherapy and Biomarkers","Expanded encyclopaedias of DNA elements in the human and mouse genomes (2668 citations)
Transcriptome-wide isoform-level dysregulation in ASD, schizophrenia, and bipolar disorder (1375 citations)
Comprehensive functional genomic resource and integrative model for the human brain (1103 citations)"
Tyrone Ryba,New College of Florida,US,"Genomics and Chromatin Dynamics
DNA Repair Mechanisms
Epigenetics and DNA Methylation","A comparative encyclopedia of DNA elements in the mouse genome (1952 citations)
Topologically associating domains are stable units of replication-timing regulation (1014 citations)
Evolutionarily conserved replication timing profiles predict long-range chromatin interactions and distinguish closely related cell types (660 citations)"
Ugrappa Nagalakshmi,"University of California, Davis",US,"Plant Virus Research Studies
CRISPR and Genetic Engineering
Chromosomal and Genetic Variations","Identification and analysis of functional elements in 1% of the human genome by the ENCODE pilot project (5287 citations)
The Transcriptional Landscape of the Yeast Genome Defined by RNA Sequencing (2576 citations)
Multiplexed heritable gene editing using RNA viruses and mobile single guide RNAs (400 citations)"
Ulaş Karaöz,Lawrence Berkeley National Laboratory,US,"Methane Hydrates and Related Phenomena
Soil Moisture and Remote Sensing
Seismic Waves and Analysis","Identification and analysis of functional elements in 1% of the human genome by the ENCODE pilot project (5287 citations)
Induction of Intestinal Th17 Cells by Segmented Filamentous Bacteria (4564 citations)
Dynamic root exudate chemistry and microbial substrate preferences drive patterns in rhizosphere microbial community assembly (2460 citations)"
Ulrich Wagner,,,"Social and Intergroup Psychology
Cultural Differences and Values
Sociology and Education Studies","Recent advances in intergroup contact theory (1629 citations)
Should I Stay or Should I Go? Explaining Turnover Intentions with Organizational Identification and Job Satisfaction* (634 citations)
Can we really reduce ethnic prejudice outside the lab? A meta‐analysis of direct and indirect contact interventions (528 citations)"
Ulugbek K. Baymuradov,New York Genome Center,US,"Genomics and Chromatin Dynamics
Epigenetics and DNA Methylation
Genomics and Phylogenetic Studies","Expanded encyclopaedias of DNA elements in the human and mouse genomes (2668 citations)
The Encyclopedia of DNA elements (ENCODE): data portal update (2024 citations)
New developments on the Encyclopedia of DNA Elements (ENCODE) data portal (1140 citations)"
Valerie V. Maduro,National Institutes of Health Clinical Center,US,"Genomics and Rare Diseases
Genetics and Neurodevelopmental Disorders
Genomics and Phylogenetic Studies","The complete sequence of a human genome (3454 citations)
A physical map of the human genome (932 citations)
Telomere-to-telomere assembly of a complete human X chromosome (842 citations)"
Vanessa M. Kirkup,"University of California, Santa Cruz",US,"RNA and protein synthesis mechanisms
Genomics and Chromatin Dynamics
Genomics and Phylogenetic Studies","An integrated encyclopedia of DNA elements in the human genome (19662 citations)
An integrated encyclopedia of DNA elements in the human genome (2783 citations)
A comparative encyclopedia of DNA elements in the mouse genome (1952 citations)"
Veena Afzal,Lawrence Berkeley National Laboratory,US,"Genomics and Chromatin Dynamics
RNA Research and Splicing
RNA and protein synthesis mechanisms","Expanded encyclopaedias of DNA elements in the human and mouse genomes (2668 citations)
In vivo enhancer analysis of human conserved non-coding sequences (1210 citations)
Enhancer redundancy provides phenotypic robustness in mammalian development (727 citations)"
Venkat S. Malladi,Microsoft (United States),US,"Genomics and Chromatin Dynamics
RNA and protein synthesis mechanisms
Privacy-Preserving Technologies in Data","An integrated encyclopedia of DNA elements in the human genome (19662 citations)
Eleven quick tips for Biomedical Federated Learning (0 citations)"
Victor Guryev,University of Groningen,NL,"Genomic variations and chromosomal abnormalities
Genomics and Phylogenetic Studies
Single-cell and spatial transcriptomics","Eleven grand challenges in single-cell data science (1484 citations)
Phylogenetic Shadowing and Computational Identification of Human microRNA Genes (1277 citations)
Multi-platform discovery of haplotype-resolved structural variation in human genomes (1052 citations)"
Victor Ruotti,University of Wisconsin–Madison,US,"Pluripotent Stem Cells Research
Genomics and Phylogenetic Studies
Epigenetics and DNA Methylation","Induced Pluripotent Stem Cell Lines Derived from Human Somatic Cells (10323 citations)
Human DNA methylomes at base resolution show widespread epigenomic differences (4822 citations)
Chemically defined conditions for human iPSC derivation and culture (1513 citations)"
Victor V. Lobanenkov,National Institute of Allergy and Infectious Diseases,US,"Epigenetics and DNA Methylation
Genomics and Chromatin Dynamics
Genetic Syndromes and Imprinting","Histone modifications at human enhancers reflect global cell-type-specific gene expression (2627 citations)
Chromatin architecture reorganization during stem cell differentiation (1839 citations)
A map of the cis-regulatory sequences in the mouse genome (1462 citations)"
Vincenzo Pirrotta,,,"Genomics and Chromatin Dynamics
Epigenetics and DNA Methylation
Chromosomal and Genetic Variations","Drosophila Enhancer of Zeste/ESC Complexes Have a Histone H3 Methyltransferase Activity that Marks Chromosomal Polycomb Sites (1555 citations)
Identification of Functional Elements and Regulatory Circuits by Drosophila modENCODE (1314 citations)
Role of the polycomb protein EED in the propagation of repressive histone marks (1224 citations)"
Viren Amin,,,"Genomics and Chromatin Dynamics
Gene Regulatory Network Analysis
Epigenetics and DNA Methylation","Integrative analysis of 111 reference human epigenomes (7219 citations)
The International Human Epigenome Consortium: A Blueprint for Scientific Collaboration and Discovery (566 citations)
Epigenomic footprints across 111 reference epigenomes reveal tissue-specific epigenetic regulation of lincRNAs (101 citations)"
Vishnu Dileep,Massachusetts Institute of Technology,US,"Genomics and Chromatin Dynamics
DNA Repair Mechanisms
Epigenetics and DNA Methylation","Expanded encyclopaedias of DNA elements in the human and mouse genomes (2668 citations)
Topologically associating domains are stable units of replication-timing regulation (1014 citations)
Integrative detection and analysis of structural variation in cancer genomes (503 citations)"
Vitor Onuchic,Illumina (United States),US,"Genomics and Rare Diseases
Epigenetics and DNA Methylation
RNA modifications and cancer","Integrative analysis of 111 reference human epigenomes (7219 citations)
The International Human Epigenome Consortium: A Blueprint for Scientific Collaboration and Discovery (566 citations)
Comprehensive genome analysis and variant detection at scale using DRAGEN (129 citations)"
W. James Kent,"University of California, Santa Cruz",US,"Genomics and Phylogenetic Studies
RNA and protein synthesis mechanisms
Chromosomal and Genetic Variations","Initial sequencing and analysis of the human genome (24723 citations)
The Human Genome Browser at UCSC (10975 citations)
BLAT —The BLAST -Like Alignment Tool (8441 citations)"
Wan-Ping Lee,University of Pennsylvania,US,"Genomics and Phylogenetic Studies
Genetic Associations and Epidemiology
Genomic variations and chromosomal abnormalities","A global reference for human genetic variation (20393 citations)
A Comprehensive Map of Mobile Element Insertion Polymorphisms in Humans (335 citations)
Fast and Accurate Genomic Analyses using Genome Graphs (33 citations)"
Wei Li,First Affiliated Hospital of Harbin Medical University,CN,"Epigenetics and DNA Methylation
RNA modifications and cancer
Cancer-related molecular mechanisms research","Model-based Analysis of ChIP-Seq (MACS) (20422 citations)
Integrative analysis of 111 reference human epigenomes (7219 citations)
An Integrated TCGA Pan-Cancer Clinical Data Resource to Drive High-Quality Survival Outcome Analytics (4045 citations)"
Xiaogang Wang,University of South China,CN,"Particle physics theoretical and experimental studies
High-Energy Particle Collisions Research
Quantum Chromodynamics and Particle Interactions","Pyramid Scene Parsing Network (15891 citations)
Observation of a new boson at a mass of 125 GeV with the CMS experiment at the LHC (10113 citations)
Deep Learning Face Attributes in the Wild (7815 citations)"
Wei Xie,Tsinghua University,CN,"Epigenetics and DNA Methylation
Genomics and Chromatin Dynamics
Pluripotent Stem Cells Research","Integrative analysis of 111 reference human epigenomes (7219 citations)
Chromatin architecture reorganization during stem cell differentiation (1839 citations)
Directly Reprogrammed Fibroblasts Show Global Epigenetic Remodeling and Widespread Tissue Contribution (1731 citations)"
Andrew Wei Xu,Monash University,AU,"Cancer Genomics and Diagnostics
Genome Rearrangement Algorithms
Genomics and Phylogenetic Studies","Comprehensive molecular characterization of gastric adenocarcinoma (6650 citations)
Comprehensive molecular profiling of lung adenocarcinoma (5941 citations)
Genomic Classification of Cutaneous Melanoma (3295 citations)"
Zhong Lin Wang,University of Chinese Academy of Sciences,CN,"Advanced Sensor and Energy Harvesting Materials
Conducting polymers and applications
Innovative Energy Harvesting Technologies","Piezoelectric Nanogenerators Based on Zinc Oxide Nanowire Arrays (7891 citations)
Flexible triboelectric generator (6695 citations)
Nanobelts of Semiconducting Oxides (5821 citations)"
Wei Liu,Tsinghua University,CN,"Natural Language Processing Techniques
Topic Modeling
Semantic Web and Ontologies","Going deeper with convolutions (47238 citations)
ParseNet: Looking Wider to See Better (1062 citations)
Ontology learning from text (388 citations)"
William Stafford Noble,Seattle University,US,"Genomics and Chromatin Dynamics
Advanced Proteomics Techniques and Applications
Mass Spectrometry Techniques and Applications","An integrated encyclopedia of DNA elements in the human genome (19662 citations)
MEME SUITE: tools for motif discovery and searching (11670 citations)
The MEME Suite (5730 citations)"
Wouter Meuleman,Altius Institute for Biomedical Sciences,US,"Genomics and Chromatin Dynamics
RNA and protein synthesis mechanisms
RNA Research and Splicing","Integrative analysis of 111 reference human epigenomes (7219 citations)
Expanded encyclopaedias of DNA elements in the human and mouse genomes (2668 citations)
Domain organization of human chromosomes revealed by mapping of nuclear lamina interactions (2013 citations)"
Xian Fan,Second Affiliated Hospital of Nantong University,,"Genomics and Phylogenetic Studies
Genomics and Rare Diseases
Genomic variations and chromosomal abnormalities","A global reference for human genetic variation (20393 citations)
An integrated map of structural variation in 2,504 human genomes (2693 citations)
Multi-platform discovery of haplotype-resolved structural variation in human genomes (1052 citations)"
Xiangmeng Kong,Tongji Hospital,CN,"Genomics and Chromatin Dynamics
RNA Research and Splicing
Genomics and Phylogenetic Studies","Multi-platform discovery of haplotype-resolved structural variation in human genomes (1052 citations)
An integrative ENCODE resource for cancer genomics (193 citations)
Human-specific tandem repeat expansion and differential gene expression during primate evolution (160 citations)"
Xiangqun Zheng-Bradley,Illumina (United Kingdom),GB,"Genomics and Phylogenetic Studies
Genomics and Rare Diseases
Genetic Associations and Epidemiology","A global reference for human genetic variation (20393 citations)
The Sequence of the Human Genome (13706 citations)
An integrated map of genetic variation from 1,092 human genomes (8263 citations)"
Xiao Wang,Massachusetts Institute of Technology,US,"RNA modifications and cancer
Single-cell and spatial transcriptomics
RNA Research and Splicing","N6-methyladenosine-dependent regulation of messenger RNA stability (4917 citations)
N6-methyladenosine Modulates Messenger RNA Translation Efficiency (3660 citations)
A METTL3–METTL14 complex mediates mammalian nuclear RNA N6-adenosine methylation (3630 citations)"
Xiaoling Zhang,Northeast Petroleum University,CN,"Air Quality and Health Impacts
Atmospheric chemistry and aerosols
Sustainable Building Design and Assessment","Carbon emission of global construction sector (877 citations)
The application of urban sustainability indicators – A comparison between various practices (738 citations)
Impacts of urbanization and landscape pattern on habitat quality using OLS and GWR models in Hangzhou, China (450 citations)"
Xinliang Feng,University of Oklahoma,US,"Graphene research and applications
Supercapacitor Materials and Fabrication
Molecular Junctions and Nanostructures","Atomically precise bottom-up fabrication of graphene nanoribbons (3696 citations)
Science and technology roadmap for graphene, related two-dimensional crystals, and hybrid systems (3047 citations)
3D Nitrogen-Doped Graphene Aerogel-Supported Fe3O4 Nanoparticles as Efficient Electrocatalysts for the Oxygen Reduction Reaction (2060 citations)"
Xin Zhou,University of Guelph,CA,"Plant and animal studies
Insect and Arachnid Ecology and Behavior
Genomics and Phylogenetic Studies","Phylogenomics resolves the timing and pattern of insect evolution (2879 citations)
agriGO: a GO analysis toolkit for the agricultural community (2510 citations)
SOAPdenovo-Trans: de novo transcriptome assembly with short RNA-Seq reads (1005 citations)"
Xinchen Wang,Nanjing University of Aeronautics and Astronautics,CN,"Advanced Photocatalysis Techniques
Covalent Organic Framework Applications
Catalytic Processes in Materials Science","A metal-free polymeric photocatalyst for hydrogen production from water under visible light (12546 citations)
Semiconductor heterojunction photocatalysts: design, construction, and photocatalytic performances (4180 citations)
Polymeric Graphitic Carbon Nitride as a Heterogeneous Organocatalyst: From Photochemistry to Multipurpose Catalysis to Sustainable Chemistry (3362 citations)"
Xinghua Shi,Temple University,US,"Nanoparticle-Based Drug Delivery
RNA Interference and Gene Delivery
Lipid Membrane Structure and Behavior","Recent Advances in Nanozyme Research (980 citations)
A Single‐Atom Nanozyme for Wound Disinfection Applications (864 citations)
The nature of strength enhancement and weakening by pentagon–heptagon defects in graphene (639 citations)"
Xinmin Zhang,University of Chinese Academy of Sciences,CN,"Genomics and Chromatin Dynamics
Breast Cancer Treatment Studies
RNA modifications and cancer","Histone modifications at human enhancers reflect global cell-type-specific gene expression (2627 citations)
Genome-wide analysis of cAMP-response element binding protein occupancy, phosphorylation, and target gene activation in human tissues (1021 citations)
The CREB coactivator TORC2 is a key regulator of fasting glucose metabolism (985 citations)"
Xintong Chen,Tris Pharma (United States),US,"Epigenetics and DNA Methylation
MicroRNA in disease regulation
Meat and Animal Product Quality","Multi-platform discovery of haplotype-resolved structural variation in human genomes (1052 citations)
Intratumoral heterogeneity and clonal evolution in liver cancer (368 citations)
Epidermal growth factor receptor inhibition attenuates liver fibrosis and development of hepatocellular carcinoma (364 citations)"
Xuefang Zhao,Ministry of Education,PT,"Genomic variations and chromosomal abnormalities
Genomics and Rare Diseases
Genomics and Phylogenetic Studies","A structural variation reference for medical and population genetics (1201 citations)
High-coverage whole-genome sequencing of the expanded 1000 Genomes Project cohort including 602 trios (1088 citations)
Multi-platform discovery of haplotype-resolved structural variation in human genomes (1052 citations)"
Xuekun Li,Zhejiang University,CN,"Epigenetics and DNA Methylation
RNA modifications and cancer
Genetics and Neurodevelopmental Disorders","Selective chemical labeling reveals the genome-wide distribution of 5-hydroxymethylcytosine (1110 citations)
Base-Resolution Analysis of 5-Hydroxymethylcytosine in the Mammalian Genome (1061 citations)
5-hmC–mediated epigenetic dynamics during postnatal neurodevelopment and aging (843 citations)"
Y. George Zheng,University of Georgia,US,"Epigenetics and DNA Methylation
Cancer-related gene regulation
Histone Deacetylase Inhibitors Research","Metabolic regulation of gene expression by histone lactylation (4318 citations)
Development of Fluorescent Film Sensors for the Detection of Divalent Copper (342 citations)
SAM/SAH Analogs as Versatile Tools for SAM-Dependent Methyltransferases (245 citations)"
Zhong Lin Wang,University of Chinese Academy of Sciences,CN,"Advanced Sensor and Energy Harvesting Materials
Conducting polymers and applications
Innovative Energy Harvesting Technologies","Piezoelectric Nanogenerators Based on Zinc Oxide Nanowire Arrays (7891 citations)
Flexible triboelectric generator (6695 citations)
Nanobelts of Semiconducting Oxides (5821 citations)"
Yan Li,Peking University,CN,"Carbon Nanotubes in Composites
Graphene research and applications
Supercapacitor Materials and Fabrication","Computation of Octanol−Water Partition Coefficients by Guiding an Additive Model with Knowledge (913 citations)
Best Practices for Reporting Electrocatalytic Performance of Nanomaterials (872 citations)
Chirality-specific growth of single-walled carbon nanotubes on solid alloy catalysts (818 citations)"
Yanan Yue,Wuhan University,CN,"Thermal properties of materials
Graphene research and applications
Thermal Radiation and Cooling Technologies","N6-methyladenosine-dependent regulation of messenger RNA stability (4917 citations)
A METTL3–METTL14 complex mediates mammalian nuclear RNA N6-adenosine methylation (3630 citations)
RNA N 6 -methyladenosine methylation in post-transcriptional gene expression regulation (989 citations)"
Yanan Zhai,State Key Laboratory of Cryptology,CN,"Electrocatalysts for Energy Conversion
Pluripotent Stem Cells Research
Catalytic Processes in Materials Science","CRISPR Inversion of CTCF Sites Alters Genome Topology and Enhancer/Promoter Function (1069 citations)
Efficient inversions and duplications of mammalian regulatory DNA elements and gene clusters by CRISPR/Cas9 (161 citations)
STARR-seq identifies active, chromatin-masked, and dormant enhancers in pluripotent mouse embryonic stem cells (97 citations)"
Yang Ye,Florida College,US,"Natural product bioactivities and synthesis
Phytochemistry and Biological Activities
Chemical synthesis and alkaloids","Identification of 67 Histone Marks and Histone Lysine Crotonylation as a New Type of Histone Modification (1908 citations)
The First Identification of Lysine Malonylation Substrates and Its Regulatory Enzyme (765 citations)
Persistent antigen at vaccination sites induces tumor-specific CD8+ T cell sequestration, dysfunction and deletion (454 citations)"
Yanli Wang,Stanford University,US,"RNA and protein synthesis mechanisms
CRISPR and Genetic Engineering
RNA modifications and cancer","A comparative encyclopedia of DNA elements in the mouse genome (1952 citations)
Topologically associating domains are stable units of replication-timing regulation (1014 citations)
Database resources of the National Center for Biotechnology Information (821 citations)"
Yaping Liu,Beijing International Studies University,CN,"Epigenetics and DNA Methylation
RNA modifications and cancer
Cancer Genomics and Diagnostics","Integrative analysis of 111 reference human epigenomes (7219 citations)
Genetic effects on gene expression across human tissues (4742 citations)
Expanded encyclopaedias of DNA elements in the human and mouse genomes (2668 citations)"
Yarui Diao,Duke University Hospital,US,"Muscle Physiology and Disorders
Genomics and Chromatin Dynamics
RNA Research and Splicing","Chromatin architecture reorganization during stem cell differentiation (1839 citations)
Circular ecDNA promotes accessible chromatin and high oncogene expression (729 citations)
A compendium of promoter-centered long-range chromatin interactions in the human genome (414 citations)"
Yasuyuki S. Kida,National Institute of Advanced Industrial Science and Technology,JP,"Pluripotent Stem Cells Research
3D Printing in Biomedical Research
Pancreatic and Hepatic Oncology Research","Hotspots of aberrant epigenomic reprogramming in human induced pluripotent stem cells (1572 citations)
The metabolome of induced pluripotent stem cells reveals metabolic changes occurring in somatic cell reprogramming (499 citations)
ERRγ Is Required for the Metabolic Maturation of Therapeutically Functional Glucose-Responsive β Cells (181 citations)"
Ye Fu,Ministry of Education,SA,"RNA modifications and cancer
Epigenetics and DNA Methylation
Cancer-related molecular mechanisms research","N6-methyladenosine-dependent regulation of messenger RNA stability (4917 citations)
N6-Methyladenosine in nuclear RNA is a major substrate of the obesity-associated FTO (4214 citations)
ALKBH5 Is a Mammalian RNA Demethylase that Impacts RNA Metabolism and Mouse Fertility (3723 citations)"
Yejing Weng,New England Biolabs (China),CN,"Advanced Proteomics Techniques and Applications
Glycosylation and Glycoproteins Research
Mass Spectrometry Techniques and Applications","Metabolic regulation of gene expression by histone lactylation (4318 citations)
Effective isolation of exosomes with polyethylene glycol from cell culture supernatant for in-depth proteome profiling (303 citations)
The regulatory enzymes and protein substrates for the lysine β-hydroxybutyrylation pathway (237 citations)"
Yi-Chieh Wu,National Taiwan University,TW,"Genomics and Phylogenetic Studies
Genetic diversity and population structure
Mosquito-borne diseases and control","Integrative analysis of 111 reference human epigenomes (7219 citations)
Extensive introgression in a malaria vector species complex revealed by phylogenomics (739 citations)
eMPRess: a systematic cophylogeny reconciliation tool (120 citations)"
Yichao Lu,Nanjing Medical University,CN,"Immunotherapy and Immune Responses
Nanoplatforms for cancer theranostics
MicroRNA in disease regulation","CRISPR Inversion of CTCF Sites Alters Genome Topology and Enhancer/Promoter Function (1069 citations)
Neutrophil hitchhiking for drug delivery to the bone marrow (183 citations)
CircSTX6 promotes pancreatic ductal adenocarcinoma progression by sponging miR-449b-5p and interacting with CUL2 (112 citations)"
Yiing Lin,University of Washington,US,"Organ Transplantation Techniques and Outcomes
Liver Disease and Transplantation
Renal Transplantation Outcomes and Treatments","Expanded encyclopaedias of DNA elements in the human and mouse genomes (2668 citations)
A comparative encyclopedia of DNA elements in the mouse genome (1952 citations)
A Compendium of Chromatin Contact Maps Reveals Spatially Active Regions in the Human Genome (1006 citations)"
Shen Yin,Norwegian University of Science and Technology,NO,"Fault Detection and Control Systems
Advanced Control Systems Optimization
Control Systems and Identification","A Review on Basic Data-Driven Approaches for Industrial Process Monitoring (1703 citations)
A comparison study of basic data-driven fault diagnosis and process monitoring methods on the benchmark Tennessee Eastman process (1291 citations)
Data-Based Techniques Focused on Modern Industry: An Overview (1016 citations)"
Yingming Zhao,May Institute,US,"Epigenetics and DNA Methylation
Ubiquitin and proteasome pathways
Histone Deacetylase Inhibitors Research","Metabolic regulation of gene expression by histone lactylation (4318 citations)
Identification of 67 Histone Marks and Histone Lysine Crotonylation as a New Type of Histone Modification (1908 citations)
Substrate and Functional Diversity of Lysine Acetylation Revealed by a Proteomics Survey (1495 citations)"
Zhong Lin Wang,University of Chinese Academy of Sciences,CN,"Advanced Sensor and Energy Harvesting Materials
Conducting polymers and applications
Innovative Energy Harvesting Technologies","Piezoelectric Nanogenerators Based on Zinc Oxide Nanowire Arrays (7891 citations)
Flexible triboelectric generator (6695 citations)
Nanobelts of Semiconducting Oxides (5821 citations)"
Jianyong Yu,Sanya University,CN,"Advanced Sensor and Energy Harvesting Materials
Electrospun Nanofibers in Biomedical Applications
Surface Modification and Superhydrophobicity","Ultralight nanofibre-assembled cellular aerogels with superelasticity and multifunctionality (1152 citations)
Porous materials for sound absorption (842 citations)
Superelastic and Superhydrophobic Nanofiber-Assembled Cellular Aerogels for Effective Separation of Oil/Water Emulsions (684 citations)"
Yonghu Wu,China National Chemical Information Centre (China),CN,"Genomics and Chromatin Dynamics
RNA Research and Splicing
Chromosomal and Genetic Variations","CRISPR Inversion of CTCF Sites Alters Genome Topology and Enhancer/Promoter Function (1069 citations)
Efficient inversions and duplications of mammalian regulatory DNA elements and gene clusters by CRISPR/Cas9 (161 citations)
Tandem CTCF sites function as insulators to balance spatial chromatin contacts and topological enhancer-promoter selection (93 citations)"
Yotam Drier,Concern Foundation,US,"Cancer-related gene regulation
Protein Degradation and Inhibitors
Ubiquitin and proteasome pathways","Mutational heterogeneity in cancer and the search for new cancer-associated genes (5772 citations)
Expanded encyclopaedias of DNA elements in the human and mouse genomes (2668 citations)
Initial genome sequencing and analysis of multiple myeloma (1461 citations)"
Yuanxiao Tang,Shanghai Institute of Hematology,CN,"Genomics and Chromatin Dynamics
RNA Research and Splicing
Developmental Biology and Gene Regulation","CRISPR Inversion of CTCF Sites Alters Genome Topology and Enhancer/Promoter Function (1069 citations)
Efficient inversions and duplications of mammalian regulatory DNA elements and gene clusters by CRISPR/Cas9 (161 citations)
Mutation Spectrum of EGFR From 21,324 Chinese Patients With Non-Small Cell Lung Cancer (NSCLC) Successfully Tested by Multiple Methods in a CAP-Accredited Laboratory (28 citations)"
Yunjiang Qiu,University of California San Diego,US,"Genomics and Chromatin Dynamics
Epigenetics and DNA Methylation
Pancreatic function and diabetes","Multi-platform discovery of haplotype-resolved structural variation in human genomes (1052 citations)
A Compendium of Chromatin Contact Maps Reveals Spatially Active Regions in the Human Genome (1006 citations)
A single-cell atlas of chromatin accessibility in the human genome (549 citations)"
Yuri B. Schwartz,Umeå University,SE,"Genomics and Chromatin Dynamics
Epigenetics and DNA Methylation
Cancer-related gene regulation","Identification of Functional Elements and Regulatory Circuits by Drosophila modENCODE (1314 citations)
Comprehensive analysis of the chromatin landscape in Drosophila melanogaster (913 citations)
Polycomb silencing mechanisms and the management of genomic programmes (871 citations)"
Yutao Fu,Hefei University,CN,"Genomics and Chromatin Dynamics
RNA modifications and cancer
Genomics and Phylogenetic Studies","A map of human genome variation from population-scale sequencing (8121 citations)
Identification and analysis of functional elements in 1% of the human genome by the ENCODE pilot project (5287 citations)
Distinct and predictive chromatin signatures of transcriptional promoters and enhancers in the human genome (3518 citations)"
Zechen Chong,University of Alabama at Birmingham,US,"Cancer Genomics and Diagnostics
Genomics and Phylogenetic Studies
Genomics and Rare Diseases","A global reference for human genetic variation (20393 citations)
The repertoire of mutational signatures in human cancer (3843 citations)
Pan-cancer analysis of whole genomes (3351 citations)"
Zev Kronenberg,Pacific Biosciences (United States),US,"Genomics and Phylogenetic Studies
Genomics and Rare Diseases
Chromosomal and Genetic Variations","Towards complete and error-free genome assemblies of all vertebrate species (3284 citations)
Multi-platform discovery of haplotype-resolved structural variation in human genomes (1052 citations)
Transposable Elements Are Major Contributors to the Origin, Diversification, and Regulation of Vertebrate Long Noncoding RNAs (735 citations)"
Zhanyun Tang,Rockefeller University,US,"Epigenetics and DNA Methylation
Genomics and Chromatin Dynamics
Ubiquitin and proteasome pathways","Metabolic regulation of gene expression by histone lactylation (4318 citations)
Metabolic Regulation of Gene Expression by Histone Lysine β-Hydroxybutyrylation (763 citations)
Intracellular Crotonyl-CoA Stimulates Transcription through p300-Catalyzed Histone Crotonylation (674 citations)"
Zhen Ye,University of South China,CN,"Genomics and Chromatin Dynamics
Epigenetics and DNA Methylation
RNA Research and Splicing","Human DNA methylomes at base resolution show widespread epigenomic differences (4822 citations)
Metabolic regulation of gene expression by histone lactylation (4318 citations)
Histone modifications at human enhancers reflect global cell-type-specific gene expression (2627 citations)"
Zhengdong D. Zhang,Albert Einstein College of Medicine,US,"Genetic Associations and Epidemiology
Genomics and Phylogenetic Studies
Genomics and Chromatin Dynamics","Identification and analysis of functional elements in 1% of the human genome by the ENCODE pilot project (5287 citations)
Genome sequence of the Brown Norway rat yields insights into mammalian evolution (2223 citations)
A Systematic Survey of Loss-of-Function Variants in Human Protein-Coding Genes (1350 citations)"
Zhihai Ma,Stanford University,US,"Genomics and Chromatin Dynamics
RNA and protein synthesis mechanisms
RNA Research and Splicing","A comparative encyclopedia of DNA elements in the mouse genome (1952 citations)
Widespread contribution of transposable elements to the innovation of gene regulatory networks (553 citations)
An encyclopedia of mouse DNA elements (Mouse ENCODE) (500 citations)"
Zhike Lu,Westlake University,CN,"RNA modifications and cancer
Cancer-related molecular mechanisms research
CRISPR and Genetic Engineering","N6-methyladenosine-dependent regulation of messenger RNA stability (4917 citations)
ALKBH5 Is a Mammalian RNA Demethylase that Impacts RNA Metabolism and Mouse Fertility (3723 citations)
N6-methyladenosine Modulates Messenger RNA Translation Efficiency (3660 citations)"
Zhilian Jia,State Key Laboratory of Oncogene and Related Genes,CN,"RNA Research and Splicing
Genomics and Chromatin Dynamics
Chromosomal and Genetic Variations","CRISPR Inversion of CTCF Sites Alters Genome Topology and Enhancer/Promoter Function (1069 citations)
Efficient inversions and duplications of mammalian regulatory DNA elements and gene clusters by CRISPR/Cas9 (161 citations)
Tandem CTCF sites function as insulators to balance spatial chromatin contacts and topological enhancer-promoter selection (93 citations)"
Zhiping Weng,UMass Memorial Medical Center,US,"Genomics and Chromatin Dynamics
Chromosomal and Genetic Variations
RNA and protein synthesis mechanisms","Identification and analysis of functional elements in 1% of the human genome by the ENCODE pilot project (5287 citations)
Distinct and predictive chromatin signatures of transcriptional promoters and enhancers in the human genome (3518 citations)
The TREM2-APOE Pathway Drives the Transcriptional Phenotype of Dysfunctional Microglia in Neurodegenerative Diseases (3156 citations)"
Zhizhuo Zhang,Shanghai Jiao Tong University,CN,"Genomics and Chromatin Dynamics
Epigenetics and DNA Methylation
Genomics and Phylogenetic Studies","Integrative analysis of 111 reference human epigenomes (7219 citations)
Expanded encyclopaedias of DNA elements in the human and mouse genomes (2668 citations)
Extensive Promoter-Centered Chromatin Interactions Provide a Topological Basis for Transcription Regulation (1348 citations)"
Zhongyi Cheng,New England Biolabs (China),CN,"Sirtuins and Resveratrol in Medicine
Ubiquitin and proteasome pathways
Histone Deacetylase Inhibitors Research","Identification of 67 Histone Marks and Histone Lysine Crotonylation as a New Type of Histone Modification (1908 citations)
The First Identification of Lysine Malonylation Substrates and Its Regulatory Enzyme (765 citations)
Lysine Succinylation and Lysine Malonylation in Histones (621 citations)"
Ziedulla Abdullaev,Center for Cancer Research,US,"Epigenetics and DNA Methylation
Genetic Syndromes and Imprinting
Cancer, Hypoxia, and Metabolism","A Hexanucleotide Repeat Expansion in C9ORF72 Is the Cause of Chromosome 9p21-Linked ALS-FTD (4530 citations)
Analysis of the Vertebrate Insulator Protein CTCF-Binding Sites in the Human Genome (1072 citations)
Dual role of DNA methylation inside and outside of CTCF-binding regions in the transcriptional regulation of the telomerase hTERT gene (214 citations)"
Ziv Bar‐Joseph,System Biosciences (United States),US,"Single-cell and spatial transcriptomics
Bioinformatics and Genomic Networks
Gene Regulatory Network Analysis","Transcriptional Regulatory Networks in Saccharomyces cerevisiae (3011 citations)
STEM: a tool for the analysis of short time series gene expression data (1806 citations)
The sirtuin SIRT6 regulates lifespan in male mice (1070 citations)"
A. Michael Noll,South Bend Museum of Art,US,"ICT Impact and Policies
Art, Technology, and Culture
Multimedia Communication and Technology","Cepstrum Pitch Determination (811 citations)
Short-Time Spectrum and “Cepstrum” Techniques for Vocal-Pitch Detection (205 citations)
A New Approach to Computer-Generated Holography (131 citations)"
Anton Kapustin,,,"Black Holes and Theoretical Physics
Algebraic structures and combinatorial models
Homotopy and Cohomology in Algebraic Topology","Generalized global symmetries (1736 citations)
Electric-magnetic duality and the geometric Langlands program (974 citations)
Exact Results for Wilson Loops in Superconformal Chern-Simons Theories with Matter (607 citations)"
Anton Mellit,University of Vienna,AT,"Algebraic structures and combinatorial models
Algebraic Geometry and Number Theory
Advanced Algebra and Geometry","Finite hypergeometric functions (49 citations)
Toric braids and (m,n)-parking functions (31 citations)
Homology of torus knots (28 citations)"
Anton Rebhan,TU Wien,AT,"Quantum Chromodynamics and Particle Interactions
Black Holes and Theoretical Physics
Particle physics theoretical and experimental studies","Approximately self-consistent resummations for the thermodynamics of the quark-gluon plasma: Entropy and density (321 citations)
Violation of the Holographic Viscosity Bound in a Strongly Coupled Anisotropic Plasma (230 citations)
Hard-Loop Dynamics of Non-Abelian Plasma Instabilities (229 citations)"
Atanas Iliev,,,"Algebraic Geometry and Number Theory
Advanced Algebra and Geometry
Geometry and complex manifolds","The Abel-Jacobi map for cubic threefold and periods of Fano threefolds of degree $14$ (69 citations)
Fano manifolds of degree ten and EPW sextics (63 citations)
𝐾3 surfaces of genus 8 and varieties of sums of powers of cubic fourfolds (63 citations)"
Denis Auroux,Harvard University,US,"Geometric and Algebraic Topology
Homotopy and Cohomology in Algebraic Topology
Geometry and complex manifolds","Mirror symmetry and T-duality in the complement of an anticanonical divisor (301 citations)
Mirror symmetry for Del Pezzo surfaces: Vanishing cycles and coherent sheaves (190 citations)
Mirror symmetry for weighted projective planes and their noncommutative deformations (183 citations)"
Carlos Simpson,Laboratoire Jean-Alexandre Dieudonné,FR,"Homotopy and Cohomology in Algebraic Topology
Algebraic Geometry and Number Theory
Advanced Algebra and Geometry","Higgs bundles and local systems (1076 citations)
Moduli of representations of the fundamental group of a smooth projective variety II (941 citations)
Constructing variations of Hodge structure using Yang-Mills theory and applications to uniformization (674 citations)"
David S. Favero,RIKEN Center for Sustainable Resource Science,JP,"Plant Molecular Biology Research
Light effects on plants
Photosynthetic Processes and Mechanisms","Molecular Mechanisms of Plant Regeneration (533 citations)
Wound-inducible WUSCHEL-RELATED HOMEOBOX 13 is required for callus growth and organ reconnection (167 citations)
Arabidopsis thaliana AHL family modulates hypocotyl growth redundantly by interacting with each other via the PPC/DUF296 domain (153 citations)"
Denis Auroux,Harvard University,US,"Geometric and Algebraic Topology
Homotopy and Cohomology in Algebraic Topology
Geometry and complex manifolds","Mirror symmetry and T-duality in the complement of an anticanonical divisor (301 citations)
Mirror symmetry for Del Pezzo surfaces: Vanishing cycles and coherent sheaves (190 citations)
Mirror symmetry for weighted projective planes and their noncommutative deformations (183 citations)"
Dragos Deliu,University of Vienna,AT,"Algebraic structures and combinatorial models
Homotopy and Cohomology in Algebraic Topology
Advanced Topics in Algebra","Homological Projective Duality via Variation of Geometric Invariant Theory Quotients (23 citations)
Homological projective duality via variation of geometric invariant theory quotients (19 citations)
Resolutions in factorization categories (13 citations)"
Emanuel Scheidegger,Peking University International Hospital,CN,"Algebraic Geometry and Number Theory
Black Holes and Theoretical Physics
Geometry and complex manifolds","Moduli stabilization in type IIB orientifolds (II) (134 citations)
Topological string amplitudes, complete intersection Calabi-Yau spaces and threshold corrections (113 citations)
Resolved toroidal orbifolds and their orientifolds (87 citations)"
Evgeny Shinder,University of Sheffield,GB,"Algebraic Geometry and Number Theory
Algebraic structures and combinatorial models
Homotopy and Cohomology in Algebraic Topology","Exceptional collections of line bundles on the Beauville surface (46 citations)
The Fano variety of lines and rationality problem for a cubic hypersurface (45 citations)
Derived categories of Keum's fake projective planes (18 citations)"
Fabian Haiden,Region of Southern Denmark,DK,"Homotopy and Cohomology in Algebraic Topology
Algebraic structures and combinatorial models
Algebraic Geometry and Number Theory","Flat surfaces and stability structures (162 citations)
Dynamical Systems and Categories (85 citations)
Semistability, modular lattices, and iterated logarithms (10 citations)"
Fedor Bogomolov,,,"Algebraic Geometry and Number Theory
Advanced Algebra and Geometry
Polynomial and algebraic computation","HOLOMORPHIC TENSORS AND VECTOR BUNDLES ON PROJECTIVE VARIETIES (325 citations)
THE BRAUER GROUP OF QUOTIENT SPACES BY LINEAR GROUP ACTIONS (128 citations)
Density of rational points on elliptic K3 surfaces (108 citations)"
Ilia Zharkov,,,"Algebraic Geometry and Number Theory
Polynomial and algebraic computation
Geometry and complex manifolds","Tropical curves, their Jacobians and theta functions (253 citations)
Tropical Homology (35 citations)
Tropical Eigenwave and Intermediate Jacobians (32 citations)"
Jaume Amorós,Universitat Politècnica de Catalunya,ES,"Cosmology and Gravitation Theories
Black Holes and Theoretical Physics
Geometry and complex manifolds","Fundamental Groups of Compact Kähler Manifolds (194 citations)
Bouncing loop quantum cosmology from F(T) gravity (130 citations)
Symplectic Lefschetz fibrations with arbitrary fundamental groups (72 citations)"
Johanna Knapp,University of Applied Sciences St. Gallen,CH,"Black Holes and Theoretical Physics
Algebraic Geometry and Number Theory
Algebraic structures and combinatorial models","Global SO(10) F-theory GUTs (57 citations)
Toric construction of global F-theory GUTs (54 citations)
Map and model—moving from observation to prediction in toxicogenomics (28 citations)"
M. Umut Isik,"University of California, Irvine",US,"Algebraic structures and combinatorial models
Homotopy and Cohomology in Algebraic Topology
Algebraic Geometry and Number Theory","Homological Projective Duality via Variation of Geometric Invariant Theory Quotients (23 citations)
Homological projective duality via variation of geometric invariant theory quotients (19 citations)
Equivalence of the Derived Category of a Variety with a Singularity Category (17 citations)"
Mark Gross,University of Cambridge,GB,"Algebraic Geometry and Number Theory
Advanced Algebra and Geometry
Geometry and complex manifolds","Canonical bases for cluster algebras (378 citations)
Large Complex Structure Limits of K3 Surfaces (277 citations)
Calabi-Yau Manifolds and Related Geometries (255 citations)"
Matthew R. Ballard,University of South Carolina,US,"Algebraic structures and combinatorial models
Homotopy and Cohomology in Algebraic Topology
Algebraic Geometry and Number Theory","Variation of geometric invariant theory quotients and derived categories (90 citations)
A category of kernels for equivariant factorizations and its implications for Hodge theory (77 citations)
Homological Projective Duality via Variation of Geometric Invariant Theory Quotients (23 citations)"
Mohan Ramachandran,Mediclinic City Hospital,AE,"Geometry and complex manifolds
Geometric Analysis and Curvature Flows
Algebraic Geometry and Number Theory","An Introduction to Riemann Surfaces (157 citations)
von Neumann index theorems for manifolds with boundary (73 citations)
Time Allocation Patterns of Craftsmen and Administrative Entrepreneurs: Implications for Financial Performance (67 citations)"
Tony Pantev,California University of Pennsylvania,US,"Algebraic Geometry and Number Theory
Advanced Algebra and Geometry
Homotopy and Cohomology in Algebraic Topology","Shifted symplectic structures (348 citations)
A heterotic standard model (259 citations)
Hodge theoretic aspects of mirror symmetry (257 citations)"
Philippe Eyssidieux,Université Grenoble Alpes,FR,"Algebraic Geometry and Number Theory
Geometry and complex manifolds
Geometric Analysis and Curvature Flows","Singular Kähler-Einstein metrics (319 citations)
Monge–Ampère equations in big cohomology classes (307 citations)
Kähler–Einstein metrics and the Kähler–Ricci flow on log Fano varieties (128 citations)"
Pranav Pandit,"University of California, Davis",US,"Zoonotic diseases and public health
Animal Disease Management and Epidemiology
Viral Infections and Vectors","Global shifts in mammalian population trends reveal key predictors of virus spillover risk (518 citations)
Ranking the risk of animal-to-human spillover for newly discovered viruses (291 citations)
Evolutionary trajectory of SARS-CoV-2 and emerging variants (152 citations)"
R. C. Rashkov,"Sofia University ""St. Kliment Ohridski""",BG,"Black Holes and Theoretical Physics
Cosmology and Gravitation Theories
Particle physics theoretical and experimental studies","Three-point correlation functions in N = 1 super Liouville theory (90 citations)
Multispin giant magnons (77 citations)
Towards non-AdS holography in 3-dimensional higher spin gravity (64 citations)"
Yan Soibelman,,,"Algebraic structures and combinatorial models
Homotopy and Cohomology in Algebraic Topology
Advanced Topics in Algebra","Stability structures, motivic Donaldson-Thomas invariants and cluster transformations (763 citations)
HOMOLOGICAL MIRROR SYMMETRY AND TORUS FIBRATIONS (394 citations)
Cohomological Hall algebra, exponential Hodge structures and motivic Donaldson–Thomas invariants (364 citations)"
Yuri Tschinkel,Simons Foundation,US,"Algebraic Geometry and Number Theory
Advanced Algebra and Geometry
Homotopy and Cohomology in Algebraic Topology","On the distribution of points of bounded height on equivariant compactifications of vector groups (105 citations)
Moving and Ample Cones of Holomorphic Symplectic Fourfolds (103 citations)
Igusa integrals and volume asymptotics in analytic and adelic geometry\n (79 citations)"
V. A. Alexeev,University of Alaska Fairbanks,US,"Climate change and permafrost
Arctic and Antarctic ice dynamics
Cryospheric studies and observations","Earth system models of intermediate complexity: closing the gap in the spectrum of climate system models (644 citations)
Role of Polar Amplification in Long-Term Surface Air Temperature Variations and Modern Arctic Warming (565 citations)
Arctic warming, increasing snow cover and widespread boreal winter cooling (536 citations)"
Victor Przyjalkowski,Centre de Mise en Forme des Matériaux,FR,"Algebraic Geometry and Number Theory
Advanced Algebra and Geometry
Geometry and complex manifolds","Toric degenerations of Fano threefolds giving weak Landau–Ginzburg models (43 citations)
Bounds for smooth Fano weighted complete intersections (32 citations)
Double Solids, Categories and Non-Rationality (24 citations)"
Albert Schwarz,"University of California, Davis",US,"Black Holes and Theoretical Physics
Algebraic structures and combinatorial models
Advanced Topics in Algebra","Noncommutative geometry and Matrix theory (1354 citations)
Noncommutative Geometry and Matrix Theory: Compactification on Tori (1310 citations)
The Geometry of the Master Equation and Topological Quantum Field Theory (648 citations)"
Alex Eskin,,,"Mathematical Dynamics and Fractals
Geometric and Algebraic Topology
Advanced Algebra and Geometry","Mixing, counting, and equidistribution in Lie groups (341 citations)
Asymptotics of numbers of branched coverings of a torus and volumes of moduli spaces of holomorphic differentials (200 citations)
Upper Bounds and Asymptotics in a Quantitative Version of the Oppenheim Conjecture (195 citations)"
Alexander L. Rosenberg,,,"Advanced Topics in Algebra
Algebraic structures and combinatorial models
Homotopy and Cohomology in Algebraic Topology","Noncommutative Algebraic Geometry and Representations of Quantized Algebras (206 citations)
Noncommutative Smooth Spaces (163 citations)
Noncommutative schemes (63 citations)"
Anton Zorich,Institut de Mathématiques de Jussieu-Paris Rive Gauche,FR,"Mathematical Dynamics and Fractals
Geometry and complex manifolds
Quantum chaos and dynamical systems","Connected components of the moduli spaces of Abelian differentials with prescribed singularities (487 citations)
Flat Surfaces (169 citations)
Finite Gauss measure on the space of interval exchange transformations. Lyapunov exponents (164 citations)"
Don Zagier,Max Planck Institute for Mathematics,DE,"Advanced Algebra and Geometry
Algebraic Geometry and Number Theory
Advanced Mathematical Identities","The Theory of Jacobi Forms (1325 citations)
Heegner points and derivatives ofL-series (978 citations)
The Euler characteristic of the moduli space of curves (719 citations)"
Mikhail D. Alexandrov,Columbia University,US,"Atmospheric aerosols and clouds
Atmospheric chemistry and aerosols
Atmospheric and Environmental Gas Dynamics","The Geometry of the Master Equation and Topological Quantum Field Theory (648 citations)
Remote Sensing of Droplet Number Concentration in Warm Clouds: A Review of the Current State of Knowledge and Perspectives (448 citations)
Accuracy assessments of cloud droplet size retrievals from polarized reflectance measurements by the research scanning polarimeter (180 citations)"
Oleg Zaboronsky,Institute for Advanced Study,US,"Black Holes and Theoretical Physics
Algebraic structures and combinatorial models
Particle physics theoretical and experimental studies","The Geometry of the Master Equation and Topological Quantum Field Theory (648 citations)
On the Structure of Correlation Functions in the Normal Matrix Model (108 citations)
Supersymmetry and localization (42 citations)"
Paul Hacking,University of Massachusetts Amherst,US,"Algebraic Geometry and Number Theory
Advanced Algebra and Geometry
Geometric and Algebraic Topology","Canonical bases for cluster algebras (378 citations)
Mirror symmetry for log Calabi-Yau surfaces I (219 citations)
Smoothable del Pezzo surfaces with quotient singularities (118 citations)"
Sergey Barannikov,Amur State Medical Academy,RU,"Gastrointestinal Bleeding Diagnosis and Treatment
Hemostasis and retained surgical items
Gastrointestinal disorders and treatments","Frobenius Manifolds and Formality of Lie Algebras of Polyvector Fields (233 citations)
Frobenius Manifolds and Formality of Lie Algebras of Polyvector Fields (52 citations)
Innovative Endoscopic Technologies in the Complex Treatment of Patients with Unstable Stopped Gastroduodenal Bleeding (9 citations)"
Seán Keel,The University of Texas at Austin,US,"Algebraic Geometry and Number Theory
Advanced Algebra and Geometry
Polynomial and algebraic computation","Mori dream spaces and GIT. (485 citations)
Intersection theory of moduli space of stable 𝑛-pointed curves of genus zero (411 citations)
Canonical bases for cluster algebras (378 citations)"
Y. Soibelman,Kansas State University,US,"Advanced Topics in Algebra
Algebraic structures and combinatorial models
Nonlinear Waves and Solitons","Algebra of functions on the quantum group SU(2) (190 citations)
Notes on A∞-Algebras, A∞-Categories and Non-Commutative Geometry (186 citations)
Some applications of the quantum Weyl groups (118 citations)"
Yu. I. Manin,Max Planck Institute for Mathematics,DE,"Algebraic Geometry and Number Theory
Algebraic structures and combinatorial models
Advanced Topics in Algebra","Construction of instantons (1527 citations)
Gromov-Witten classes, quantum cohomology, and enumerative geometry (917 citations)
A Course in Mathematical Logic (549 citations)"
A. V. Zelevinskii,,,"Advanced Algebra and Geometry
Algebraic Geometry and Number Theory
Advanced Topics in Algebra","Hypergeometric functions and toral manifolds (248 citations)
REPRESENTATIONS OF THE GROUPGL(n,F) WHEREFIS A NON-ARCHIMEDEAN LOCAL FIELD (225 citations)
Small resolutions of singularities of Schubert varieties (74 citations)"
Alexey Bondal,The University of Tokyo,JP,"Algebraic structures and combinatorial models
Homotopy and Cohomology in Algebraic Topology
Algebraic Geometry and Number Theory","Generators and Representability of Functors in Commutative and Noncommutative Geometry (686 citations)
Semiorthogonal decomposition for algebraic varieties (386 citations)
ENHANCED TRIANGULATED CATEGORIES (343 citations)"
Andrei Zelevinsky,,,"Algebraic structures and combinatorial models
Advanced Topics in Algebra
Advanced Combinatorial Mathematics","Discriminants, Resultants, and Multidimensional Determinants (2376 citations)
Cluster algebras I: Foundations (1740 citations)
Induced representations of reductive ${\germ p}$-adic groups. I (848 citations)"
Ezra Getzler,Northwestern University,US,"Homotopy and Cohomology in Algebraic Topology
Advanced Topics in Algebra
Algebraic structures and combinatorial models","Heat Kernels and Dirac Operators (1866 citations)
Operads, homotopy algebra and iterated integrals for double loop spaces (411 citations)
Batalin-Vilkovisky algebras and two-dimensional topological field theories (300 citations)"
I. M. Gel'fand,,,"Advanced Topics in Algebra
Mathematics and Applications
Advanced Algebra and Geometry","On the determination of a differential equation from its spectral function (797 citations)
Representations of the Rotation and Lorentz Groups and Their Applications. (795 citations)
Integration in Functional Spaces and its Applications in Quantum Physics (698 citations)"
Igor Dolgachev,University of Michigan,US,"Algebraic Geometry and Number Theory
Advanced Algebra and Geometry
Mathematics and Applications","Classical Algebraic Geometry (638 citations)
Weighted projective varieties (467 citations)
Mirror symmetry for lattice polarizedK3 surfaces (424 citations)"
Ionuţ Ciocan-Fontanine,"Institute of Mathematics, Academia Sinica",TW,"Algebraic Geometry and Number Theory
Algebraic structures and combinatorial models
Homotopy and Cohomology in Algebraic Topology","Mirror symmetry and toric degenerations of partial flag manifolds (121 citations)
Derived quot schemes (108 citations)
Quantum Multiplication of Schur Polynomials (108 citations)"
Israel M. Gelfand,Brunswick (United States),US,"Mathematics and Applications
Advanced Combinatorial Mathematics
Advanced Topics in Algebra","Discriminants, Resultants, and Multidimensional Determinants (2376 citations)
Finite-dimensional representations of the group of unimodular matrices (593 citations)
Noncommutative Symmetrical Functions (591 citations)"
Tobias Dyckerhoff,Universität Hamburg,DE,"Homotopy and Cohomology in Algebraic Topology
Algebraic structures and combinatorial models
Advanced Topics in Algebra","Compact generators in categories of matrix factorizations (207 citations)
Higher Segal Spaces (102 citations)
Triangulated surfaces in triangulated categories (59 citations)"
Victor Ginzburg,,,"Algebraic structures and combinatorial models
Advanced Algebra and Geometry
Advanced Topics in Algebra","Koszul Duality Patterns in Representation Theory (1016 citations)
Representation Theory and Complex Geometry (893 citations)
Koszul duality for operads (814 citations)"
Vladimir Voevodsky,,,"Homotopy and Cohomology in Algebraic Topology
Algebraic structures and combinatorial models
Algebraic Geometry and Number Theory","A 1 -homotopy theory of schemes (861 citations)
Motivic cohomology with 𝐙 / 2 -coefficients (373 citations)
On motivic cohomology with Z/l-coefficients (302 citations)"
Éric Vasserot,Sorbonne Université,FR,"Algebraic structures and combinatorial models
Advanced Topics in Algebra
Advanced Algebra and Geometry","Cherednik algebras, W-algebras and the equivariant cohomology of the moduli space of instantons on A 2 (222 citations)
Kleinian singularities, derived categories and Hall algebras (179 citations)
On the decomposition matrices of the quantized Schur algebra (166 citations)"
Dylan Butson,,,"Algebraic structures and combinatorial models
Homotopy and Cohomology in Algebraic Topology
Advanced Topics in Algebra","Degenerate Classical Field Theories and Boundary Theories (10 citations)
Equivariant localization in factorization homology and applications in\n mathematical physics II: Gauge theory applications (5 citations)
Equivariant localization in factorization homology and applications in mathematical physics I: Foundations (3 citations)"
Élise Lepage,Pathologie végétale,FR,"French Urban and Social Studies
Diverse Cultural and Historical Studies
Linguistics and Discourse Analysis","Outbreak of Cucumber Mosaic Virus Subgroup IB in Pepper from the Espelette Area (Basque Country, Southwestern France) and First Report of Five Taxa as Natural Hosts of CMV (6 citations)
Absence of Seed-Mediated Transmission of Cucumber Mosaic Virus in Espelette Pepper Crops despite Widespread and Recurrent Epidemics (6 citations)
Présentation (5 citations)"
Gufang Zhao,,,"Algebraic structures and combinatorial models
Advanced Algebra and Geometry
Algebraic Geometry and Number Theory","Cohomological Hall Algebras, Vertex Algebras and Instantons (71 citations)
The cohomological Hall algebra of a preprojective algebra (62 citations)
Algebraic elliptic cohomology theory and flops I (30 citations)"
Martin Schnabl,European Organization for Nuclear Research,CH,"Black Holes and Theoretical Physics
Cosmology and Gravitation Theories
Particle physics theoretical and experimental studies","Analytic solution for tachyon condensation in open string field theory (315 citations)
Fake supergravity and domain wall stability (262 citations)
Dual of the Janus solution: An interface conformal field theory (159 citations)"
Matěj Kudrna,FZU ‒ Institute of Physics of the Academy of Sciences of the Czech Republic,CZ,"Black Holes and Theoretical Physics
Particle physics theoretical and experimental studies
Cosmology and Gravitation Theories","BCFT moduli space in level truncation (15 citations)
Ising model conformal boundary conditions from open string field theory (12 citations)
Boundary states in the SU(2)k WZW model from open string field theory (8 citations)"
Mina Aganagic,Johns Hopkins University,US,"Black Holes and Theoretical Physics
Cosmology and Gravitation Theories
Algebraic structures and combinatorial models","The Topological Vertex (546 citations)
Topological Strings and Integrable Hierarchies (508 citations)
Mirror Symmetry, D-Branes and Counting Holomorphic Discs (364 citations)"
Tomáš Procházka,Masaryk Memorial Cancer Institute,CZ,"Glioma Diagnosis and Treatment
Epilepsy research and treatment
Advanced Radiotherapy Techniques","Highly unstable sequence interruptions of the CTG repeat in the myotonic dystrophy gene (159 citations)
Why and how to spare the hippocampus during brain radiotherapy: the developing role of hippocampal avoidance in cranial radiotherapy (158 citations)
Vagus nerve stimulation: Longitudinal follow-up of patients treated for 5 years (136 citations)"
Yehao Zhou,Jiangxi Agricultural University,CN,"Algebraic structures and combinatorial models
Black Holes and Theoretical Physics
Homotopy and Cohomology in Algebraic Topology","Supersymmetric SYK model and random matrix theory (141 citations)
Feynman diagrams and $Ω$-deformed M-theory (26 citations)
No particle production in two dimensions: recursion relations and multi-Regge limit (20 citations)"
Diego Matessi,University of Milan,IT,"Geometry and complex manifolds
Algebraic Geometry and Number Theory
Geometric and Algebraic Topology","Lagrangian 3-torus fibrations (39 citations)
Čech and de Rham cohomology of integral forms (27 citations)
Symmetries of Lagrangian fibrations (19 citations)"
Jake P. Solomon,Hebrew University of Jerusalem,IL,"Geometric and Algebraic Topology
Homotopy and Cohomology in Algebraic Topology
Geometry and complex manifolds","Intersection theory on the moduli space of holomorphic curves with Lagrangian boundary conditions (125 citations)
DISK ENUMERATION ON THE QUINTIC 3-FOLD (103 citations)
Can Mean‐Curvature Flow be Modified to be Non‐singular? (82 citations)"
Alexey Rak,Lewisham and Greenwich NHS Trust,GB,"Cellular transport and secretion
RNA and protein synthesis mechanisms
Enzyme Structure and Function","Rab GTPases at a glance (369 citations)
Estimation of Drug-Target Residence Times by τ-Random Acceleration Molecular Dynamics Simulations (282 citations)
Structure of Rab GDP-Dissociation Inhibitor in Complex with Prenylated YPT1 GTPase (214 citations)"
Andreas Pich,Umeå University,SE,"Advanced Proteomics Techniques and Applications
Clostridium difficile and Clostridium perfringens research
Toxin Mechanisms and Immunotoxins","Myeloid-derived growth factor (C19orf10) mediates cardiac repair following myocardial infarction (225 citations)
Cytoplasmic isoforms of Kaposi sarcoma herpesvirus LANA recruit and antagonize the innate immune DNA sensor cGAS (167 citations)
The SCF–FBXW5 E3-ubiquitin ligase is regulated by PLK4 and targets HsSAS-6 to control centrosome duplication (159 citations)"
Andreas Reif,University Hospital Frankfurt,DE,"Attention Deficit Hyperactivity Disorder
Bipolar Disorder and Treatment
Functional Brain Connectivity Studies","Discovery of the first genome-wide significant risk loci for attention deficit/hyperactivity disorder (2350 citations)
Analysis of shared heritability in common disorders of the brain (2052 citations)
Genome-wide association study identifies 30 loci associated with bipolar disorder (1647 citations)"
Anja-Katharina Münster-Kühnel,Institut de Biologie Moléculaire et Cellulaire,FR,"Glycosylation and Glycoproteins Research
Carbohydrate Chemistry and Synthesis
Biochemical and Molecular Research",Octamerization is essential for enzymatic function of human UDP-glucose pyrophosphorylase (31 citations)
Anne Jäger,Technische Universität Dresden,DE,"Crystallization and Solubility Studies
X-ray Diffraction in Crystallography
Catalytic C–H Functionalization Methods","Synthesis and Molluscicidal Activity of New Chromene and Pyrano[2,3‐c]pyrazole Derivatives (231 citations)
Size and Molecular Flexibility of Sugars Determine the Storage Stability of Freeze-Dried Proteins (143 citations)
First total synthesis of the 7-oxygenated carbazole alkaloids clauszoline-K, 3-formyl-7-hydroxycarbazole, clausine M, clausine N and the anti-HIV active siamenol using a highly efficient palladium-catalyzed approach (128 citations)"
Anne-Christin Lamerz,Medizinische Hochschule Hannover,DE,"Trypanosoma species research and implications
Biochemical and Molecular Research
Research on Leishmaniasis Studies","Molecular Cloning of the Leishmania major UDP-glucose Pyrophosphorylase, Functional Characterization, and Ligand Binding Analyses Using NMR Spectroscopy (74 citations)
Targeted Gene Deletion of Leishmania major UDP-galactopyranose Mutase Leads to Attenuated Virulence (71 citations)
Open and Closed Structures of the UDP-glucose Pyrophosphorylase from Leishmania major (56 citations)"
Armin Frey,,,"Nitric Oxide and Endothelin Effects
Eicosanoids and Hypertension Pharmacology
Electron Spin Resonance Studies","Tetrahydrobiopterin Inhibits Monomerization and Is Consumed during Catalysis in Neuronal NO Synthase (112 citations)
Autoinhibition of neuronal nitric oxide synthase: distinct effects of reactive nitrogen and oxygen species on enzyme activity (44 citations)
Anti-pterins as Tools to Characterize the Function of Tetrahydrobiopterin in NO Synthase (44 citations)"
Arun Kumar,Zhejiang University of Technology,CN,"Particle physics theoretical and experimental studies
High-Energy Particle Collisions Research
Quantum Chromodynamics and Particle Interactions","Observation of a new boson at a mass of 125 GeV with the CMS experiment at the LHC (10113 citations)
The CMS experiment at the CERN LHC (5502 citations)
Combined Measurement of the Higgs Boson Mass in p p Collisions at s = 7 and 8 TeV with the ATLAS and CMS Experiments (1354 citations)"
Axel J. Scheidig,Christian-Albrechts-Universität zu Kiel,DE,"Enzyme Structure and Function
Biochemical and Molecular Research
Cellular transport and secretion","Molecular basis of transmembrane signalling by sensory rhodopsin II–transducer complex (403 citations)
Structure of the N6-adenine DNA methyltransferase M.TaqI in complex with DNA and a cofactor analog. (231 citations)
The pre-hydrolysis state of p21ras in complex with GTP: new insights into the role of water molecules in the GTP hydrolysis reaction of ras-like proteins (190 citations)"
Bernhard Brenner,,,"Cardiomyopathy and Myosin Studies
Muscle Physiology and Disorders
Cardiovascular Effects of Exercise","Effect of Ca2+ on cross-bridge turnover kinetics in skinned single rabbit psoas fibers: implications for regulation of muscle contraction. (589 citations)
Evidence for cross-bridge attachment in relaxed muscle at low ionic strength. (300 citations)
Technique for stabilizing the striation pattern in maximally calcium-activated skinned rabbit psoas fibers (187 citations)"
Bernhard Dick,University of Regensburg,DE,"Photochemistry and Electron Transfer Studies
Hormonal Regulation and Hypertension
Spectroscopy and Quantum Chemical Studies","Elucidation of the Intersystem Crossing Mechanism in a Helical BODIPY for Low‐Dose Photodynamic Therapy (253 citations)
Phot-LOV1: Photocycle of a Blue-Light Receptor Domain from the Green Alga Chlamydomonas reinhardtii (250 citations)
Inverting ion images without Abel inversion: maximum entropy reconstruction of velocity maps (218 citations)"
Christiane Ritter,Institute of Immunology,HR,"SARS-CoV-2 and COVID-19 Research
Advanced NMR Techniques and Applications
COVID-19 Clinical Research Studies","3D structure of Alzheimer's amyloid-β(1–42) fibrils (2014 citations)
Immune responses against SARS-CoV-2 variants after heterologous and homologous ChAdOx1 nCoV-19/BNT162b2 vaccination (468 citations)
Correlation of structural elements and infectivity of the HET-s prion (439 citations)"
Claus Urbanke,Medizinische Hochschule Hannover,DE,"DNA and Nucleic Acid Chemistry
Bacterial Genetics and Biotechnology
RNA and protein synthesis mechanisms","Structure of Internalin, a Major Invasion Protein of Listeria monocytogenes, in Complex with Its Human Receptor E-Cadherin (294 citations)
Clustering of VASP actively drives processive, WH2 domain‐mediated actin filament elongation (245 citations)
Sedimentation Velocity Analysis of Heterogeneous Protein-Protein Interactions: Lamm Equation Modeling and Sedimentation Coefficient Distributions c(s) (179 citations)"
Dieter Gallwitz,Max Planck Society,DE,"Cellular transport and secretion
Fungal and yeast genetics research
RNA and protein synthesis mechanisms","Structure of a split yeast gene: complete nucleotide sequence of the actin gene in Saccharomyces cerevisiae. (407 citations)
A yeast gene encoding a protein homologous to the human c-has/bas proto-oncogene product (397 citations)
Evidence for an intron-contained sequence required for the splicing of yeast RNA polymerase II transcripts (396 citations)"
Dietmar J. Manstein,Medizinische Hochschule Hannover,DE,"Cardiomyopathy and Myosin Studies
Cellular Mechanics and Interactions
Muscle Physiology and Disorders","Membrane Remodeling Induced by the Dynamin-Related Protein Drp1 Stimulates Bax Oligomerization (419 citations)
Structure of the F-actin–tropomyosin complex (398 citations)
Structure of the Rigor Actin-Tropomyosin-Myosin Complex (344 citations)"
Dipak Ghosh,Jadavpur University,IN,"Nitric Oxide and Endothelin Effects
Monetary Policy and Economic Impact
Hand Gesture Recognition Systems","Structure of Nitric Oxide Synthase Oxygenase Dimer with Pterin and Substrate (667 citations)
The Structure of Nitric Oxide Synthase Oxygenase Domain and Inhibitor Complexes (348 citations)
GOLD AS AN INFLATION HEDGE? (287 citations)"
Elena Stolboushkina,Institute of Protein Research,RU,"RNA and protein synthesis mechanisms
RNA modifications and cancer
RNA Research and Splicing","Tma64/eIF2D, Tma20/MCT-1, and Tma22/DENR Recycle Post-termination 40S Subunits In Vivo (89 citations)
Structure ofPseudomonas aeruginosaHfq protein (76 citations)
Four translation initiation pathways employed by the leaderless mRNA in eukaryotes (66 citations)"
Elisabeth Hartmann,Max Planck Institute for Medical Research,DE,"Photosynthetic Processes and Mechanisms
Advanced X-ray Imaging Techniques
Enzyme Structure and Function","Direct observation of ultrafast collective motions in CO myoglobin upon ligand dissociation (424 citations)
Structure and mechanism of a bacterial light-regulated cyclic nucleotide phosphodiesterase (296 citations)
Crystal Structures and Molecular Mechanism of a Light-Induced Signaling Switch: The Phot-LOV1 Domain from Chlamydomonas reinhardtii (269 citations)"
Falk K. Hartmann,Medizinische Hochschule Hannover,DE,"Cardiomyopathy and Myosin Studies
Cellular Mechanics and Interactions
Muscle Physiology and Disorders","The mechanism of pentabromopseudilin inhibition of myosin motor activity (77 citations)
Mechanism and Specificity of Pentachloropseudilin-mediated Inhibition of Myosin Motor Activity (73 citations)
Dictyostelium Myosin-5b Is a Conditional Processive Motor (33 citations)"
Felix Hirschmann,Leibniz University Hannover,DE,"Nitrogen and Sulfur Effects on Brassica
Genomics, phytochemicals, and oxidative stress
Drug Transport and Resistance Mechanisms","The multi-protein family of sulfotransferases in plants: composition, occurrence, substrate specificity, and functions (119 citations)
Structural and biochemical studies of sulphotransferase 18 from Arabidopsis thaliana explain its substrate specificity and reaction mechanism (34 citations)
Sulfur Metabolism and Drought Stress Tolerance in Plants (26 citations)"
F. Krause,RWTH Aachen University,DE,"Solar and Space Plasma Dynamics
Geomagnetism and Paleomagnetism Studies
Geophysics and Gravity Measurements","Mean-Field Magnetohydrodynamics and Dynamo Theory (1365 citations)
Berechnung der mittleren Lorentz-Feldstärke für ein elektrisch leitendes Medium in turbulenter, durch Coriolis-Kräfte beeinflußter Bewegung (795 citations)
Zur Dynamotheorie stellarer und planetarer Magnetfelder I. Berechnung sonnenähnlicher Wechselfeldgeneratoren (344 citations)"
Folma Buß,Cambridge School,PT,"Cardiomyopathy and Myosin Studies
Cellular transport and secretion
Muscle Physiology and Disorders","Optineurin links myosin VI to the Golgi complex and is involved in Golgi organization and exocytosis (417 citations)
Autophagy receptors link myosin VI to autophagosomes to mediate Tom1-dependent autophagosome maturation and fusion with the lysosome (292 citations)
Myosin VI Binds to and Localises with Dab2, Potentially Linking Receptor‐Mediated Endocytosis and the Actin Cytoskeleton (239 citations)"
Françoise H. Routier,Medizinische Hochschule Hannover,DE,"Carbohydrate Chemistry and Synthesis
Glycosylation and Glycoproteins Research
Trypanosoma species research and implications","Waxy Chlamydomonas reinhardtii: monocellular algal mutants defective in amylose biosynthesis and granule-bound starch synthase activity accumulate a structurally modified amylopectin (203 citations)
Contribution of Galactofuranose to the Virulence of the Opportunistic Pathogen Aspergillus fumigatus (165 citations)
Galactofuranose in eukaryotes: aspects of biosynthesis and functional impact (150 citations)"
Georgios Tsiavaliaris,Medizinische Hochschule Hannover,DE,"Cardiomyopathy and Myosin Studies
Cellular Mechanics and Interactions
Muscle Physiology and Disorders","Molecular engineering of a backwards-moving myosin motor (111 citations)
Actin-microtubule interplay coordinates spindle assembly in human oocytes (103 citations)
The mechanism of pentabromopseudilin inhibition of myosin motor activity (77 citations)"
Gregor Witte,Philipps University of Marburg,DE,"Molecular Junctions and Nanostructures
Organic Electronics and Photovoltaics
Advanced Chemical Physics Studies","Growth of aromatic molecules on solid substrates for applications in organic electronics (517 citations)
Novel Mechanism for Molecular Self-Assembly on Metal Substrates: Unidirectional Rows of Pentacene on Cu(110) Produced by a Substrate-Mediated Repulsion (290 citations)
Vacuum level alignment at organic/metal junctions: “Cushion” effect and the interface dipole (243 citations)"
Hans Matter,Sanofi (Germany),DE,"Computational Drug Discovery Methods
Blood Coagulation and Thrombosis Mechanisms
Chemical Synthesis and Analysis","Targeting DnaN for tuberculosis therapy using novel griselimycins (319 citations)
Evidence for CCl/CBr⋅⋅⋅π Interactions as an Important Contribution to Protein–Ligand Binding Affinity (273 citations)
Selecting Optimally Diverse Compounds from Structure Databases: A Validation Study of Two-Dimensional and Three-Dimensional Molecular Descriptors (255 citations)"
Hans‐Joachim Knölker,Technische Universität Dresden,DE,"Crystallization and Solubility Studies
X-ray Diffraction in Crystallography
Catalytic C–H Functionalization Methods","Iron Catalysis in Organic Synthesis (1852 citations)
Isolation and Synthesis of Biologically Active Carbazole Alkaloids (1402 citations)
Occurrence, Biogenesis, and Synthesis of Biologically Active Carbazole Alkaloids (1240 citations)"
Harald Schmidt,Maastricht University,NL,"Nitric Oxide and Endothelin Effects
Neutrophil, Myeloperoxidase and Oxidative Mechanisms
Eicosanoids and Hypertension Pharmacology","NO at work (1496 citations)
Network pharmacology: curing causal mechanisms instead of treating symptoms (1210 citations)
Purification and characterization of particulate endothelium-derived relaxing factor synthase from cultured and native bovine aortic endothelial cells. (985 citations)"
Heiko Adler,Ludwig-Maximilians-Universität München,DE,"Cytomegalovirus and herpesvirus research
Herpesvirus Infections and Treatments
Viral-associated cancers and disorders","SARS-CoV-2 Receptor ACE2 Is an Interferon-Stimulated Gene in Human Airway Epithelial Cells and Is Detected in Specific Cell Subsets across Tissues (2495 citations)
The Alarmin Interleukin-33 Drives Protective Antiviral CD8 + T Cell Responses (419 citations)
Cloning and Mutagenesis of the Murine Gammaherpesvirus 68 Genome as an Infectious Bacterial Artificial Chromosome (329 citations)"
Hemma Brandstaetter,,,"Autophagy in Disease and Therapy
Cellular transport and secretion
Calcium signaling and nucleotide metabolism","Myo1c regulates lipid raft recycling to control cell spreading, migration and Salmonella invasion (84 citations)
Loss of functional MYO1C/myosin 1c, a motor protein involved in lipid raft trafficking, disrupts autophagosome-lysosome fusion (80 citations)
Mechanism and Specificity of Pentachloropseudilin-mediated Inhibition of Myosin Motor Activity (73 citations)"
Herwig O. Gutzeit,Technische Universität Dresden,DE,"Plant Reproductive Biology
Neurobiology and Insect Physiology Research
Insect and Arachnid Ecology and Behavior","Nutritional immunology: Diversification and diet-dependent expression of antimicrobial peptides in the black soldier fly Hermetia illucens (291 citations)
Microglia provide neuroprotection after ischemia (287 citations)
The black soldier fly, Hermetia illucens – a promising source for sustainable production of proteins, lipids and bioactive substances (219 citations)"
Igor Chizhov,Medizinische Hochschule Hannover,DE,"Photoreceptor and optogenetics research
Neuroscience and Neuropharmacology Research
Photosynthetic Processes and Mechanisms","Proteorhodopsin is a Light-driven Proton Pump with Variable Vectoriality (253 citations)
Spectrally silent transitions in the bacteriorhodopsin photocycle (182 citations)
The Photophobic Receptor from Natronobacterium pharaonis: Temperature and pH Dependencies of the Photocycle of Sensory Rhodopsin II (174 citations)"
Ilme Schlichting,Max Planck Institute for Medical Research,DE,"Enzyme Structure and Function
Advanced X-ray Imaging Techniques
Advanced Electron Microscopy Techniques and Applications","Femtosecond X-ray protein nanocrystallography (2127 citations)
Structure and Chemistry of Cytochrome P450 (2083 citations)
The Catalytic Pathway of Cytochrome P450cam at Atomic Resolution (1337 citations)"
Isabel Ramón Roth,Medizinische Hochschule Hannover,DE,"Antibiotic Resistance in Bacteria
Carbohydrate Chemistry and Synthesis
Genomics and Phylogenetic Studies","A multi-enzyme machine polymerizes the Haemophilus influenzae type b capsule (21 citations)
Identification and characterization of the functional tetrameric UDP-glucose pyrophosphorylase from Klebsiella pneumoniae (6 citations)
Characterization of a gene cluster involved in Aspergillus fumigatus zwitterionic glycosphingolipid synthesis (6 citations)"
J. Krausze,Leibniz University Hannover,DE,"Metalloenzymes and iron-sulfur proteins
Metal-Catalyzed Oxygenation Mechanisms
Photosynthetic Processes and Mechanisms","Molecular mechanism of SHP2 activation by PD-1 stimulation (274 citations)
Crystal structure of the conserved domain of the DC lysosomal associated membrane protein: implications for the lysosomal glycocalyx (132 citations)
A Structural Basis for BRD2/4-Mediated Host Chromatin Interaction and Oligomer Assembly of Kaposi Sarcoma-Associated Herpesvirus and Murine Gammaherpesvirus LANA Proteins (100 citations)"
J.I. Fuehring,Medizinische Hochschule Hannover,DE,"Enzyme Production and Characterization
Enzyme Structure and Function
Carbohydrate Chemistry and Synthesis","Defects in Galactose Metabolism and Glycoconjugate Biosynthesis in a UDP-Glucose Pyrophosphorylase-Deficient Cell Line Are Reversed by Adding Galactose to the Growth Medium (15 citations)
CryoEM analysis of the essential native UDP-glucose pyrophosphorylase from Aspergillus nidulans reveals key conformations for activity regulation and function (7 citations)
Identification and characterization of the functional tetrameric UDP-glucose pyrophosphorylase from Klebsiella pneumoniae (6 citations)"
Jan Hellert,Centre for Structural Systems Biology,DE,"Viral Infections and Vectors
Vector-Borne Animal Diseases
Mosquito-borne diseases and control","Orthobunyavirus spike architecture and recognition by neutralizing antibodies (101 citations)
A Structural Basis for BRD2/4-Mediated Host Chromatin Interaction and Oligomer Assembly of Kaposi Sarcoma-Associated Herpesvirus and Murine Gammaherpesvirus LANA Proteins (100 citations)
Protective neutralizing antibodies from human survivors of Crimean-Congo hemorrhagic fever (93 citations)"
Jan Lohöfener,,,"Immune Response and Inflammation
Cellular Mechanics and Interactions
Cardiomyopathy and Myosin Studies","The Activation Mechanism of 2′-5′-Oligoadenylate Synthetase Gives New Insights Into OAS/cGAS Triggers of Innate Immunity (86 citations)
Unveiling dsRNA impurities in mRNA therapeutics (0 citations)
Class-1 Myosins at the Interphase between Spindles and Membranes (0 citations)"
Jana Führing,,,"Carbohydrate Chemistry and Synthesis
Biochemical and Molecular Research
Glycosylation and Glycoproteins Research","Leishmania UDP-sugar Pyrophosphorylase (54 citations)
A Quaternary Mechanism Enables the Complex Biological Functions of Octameric Human UDP-glucose Pyrophosphorylase, a Key Enzyme in Cell Metabolism (47 citations)
Catalytic Mechanism and Allosteric Regulation of UDP-Glucose Pyrophosphorylase from Leishmania major (33 citations)"
Jayashankar Selvadurai,Medizinische Hochschule Hannover,DE,"Cellular Mechanics and Interactions
Cardiomyopathy and Myosin Studies
RNA Research and Splicing","Kinetic properties and small‐molecule inhibition of human myosin‐6 (57 citations)
A combinatorial approach to study structure-activity relationships of myosins and dynamins using small molecule modulators (0 citations)
CRYSTAL STRUCTURE OF MYOSIN-2 MOTOR DOMAIN IN COMPLEX WITH ADP- METAVANADATE AND PENTACHLOROCARBAZOLE (0 citations)"
Jessica Rückert,German Center for Infection Research,DE,"Viral-associated cancers and disorders
Cytomegalovirus and herpesvirus research
Histiocytic Disorders and Treatments","A Structural Basis for BRD2/4-Mediated Host Chromatin Interaction and Oligomer Assembly of Kaposi Sarcoma-Associated Herpesvirus and Murine Gammaherpesvirus LANA Proteins (100 citations)
Kaposi's Sarcoma-Associated Herpesvirus Bacterial Artificial Chromosome Contains a Duplication of a Long Unique-Region Fragment within the Terminal Repeat Region (46 citations)
Kaposi Sarcoma Herpesvirus (KSHV) Latency-Associated Nuclear Antigen (LANA) recruits components of the MRN (Mre11-Rad50-NBS1) repair complex to modulate an innate immune signaling pathway and viral latency (44 citations)"
Johannes Cramer,University of Lübeck,DE,"Monoclonal and Polyclonal Antibodies Research
Carbohydrate Chemistry and Synthesis
Biochemical and Molecular Research","De novo protein design enables the precise induction of RSV-neutralizing antibodies (206 citations)
Bottom-up de novo design of functional proteins with complex structural features (94 citations)
A Quaternary Mechanism Enables the Complex Biological Functions of Octameric Human UDP-glucose Pyrophosphorylase, a Key Enzyme in Cell Metabolism (47 citations)"
John Kendrick‐Jones,MRC Laboratory of Molecular Biology,GB,"Cardiomyopathy and Myosin Studies
Muscle Physiology and Disorders
Cellular Mechanics and Interactions","Movement and force produced by a single myosin head (618 citations)
Cingulin, a new peripheral component of tight junctions (513 citations)
Mutations in the myosin VIIA gene cause non-syndromic recessive deafness (474 citations)"
Jonathan Wolf Mueller,University of Birmingham,GB,"Nitrogen and Sulfur Effects on Brassica
Signaling Pathways in Disease
Biochemical and Molecular Research","The Regulation of Steroid Action by Sulfation and Desulfation (425 citations)
Sensing and signaling of oxidative stress in chloroplasts by inactivation of the SAL1 phosphoadenosine phosphatase (198 citations)
Sulfation pathways from red to green (125 citations)"
Julia Schneider,Ludwig-Maximilians-Universität München,DE,"Plant Taxonomy and Phylogenetics
Long-Term Effects of COVID-19
SARS-CoV-2 and COVID-19 Research","Detection of 2019 novel coronavirus (2019-nCoV) by real-time RT-PCR (8206 citations)
Virological assessment of hospitalized patients with COVID-2019 (7236 citations)
Olfactory transmucosal SARS-CoV-2 invasion as a port of central nervous system entry in individuals with COVID-19 (1509 citations)"
Jutta Papenbrock,Leibniz University Hannover,DE,"Plant Stress Responses and Tolerance
Nitrogen and Sulfur Effects on Brassica
Marine and coastal plant biology","Elucidation of Gene-to-Gene and Metabolite-to-Gene Networks inArabidopsis by Integration of Metabolomics andTranscriptomics (478 citations)
Sustainable Treatment of Aquaculture Effluents—What Can We Learn from the Past for the Future? (356 citations)
Mycotoxins: Producing Fungi and Mechanisms of Phytotoxicity (315 citations)"
Kerstin E. Knott,Technische Universität Dresden,DE,"Crystallization and Solubility Studies
X-ray Diffraction in Crystallography
Oxidative Organic Chemistry Reactions","First total synthesis of the whole series of the antiostatins A and B (80 citations)
Total synthesis of biologically active alkaloids using transition metals (33 citations)
ChemInform Abstract: Transition Metals in Organic Synthesis. Part 93. Total Synthesis of Biologically Active Alkaloids Using Transition Metals (0 citations)"
Kirill Alexandrov,Norwegian Institute of Bioeconomy Research,NO,"Cellular transport and secretion
Ubiquitin and proteasome pathways
Monoclonal and Polyclonal Antibodies Research","Structural and thermodynamic analysis of the GFP:GFP‐nanobody complex (442 citations)
Mechanism of Activation of Protein Kinase JAK2 by the Growth Hormone Receptor (428 citations)
GTPase activity of Rab5 acts as a timer for endocytic membrane fusion (328 citations)"
Konstanze K. Gruner,Technische Universität Dresden,DE,"Crystallization and Solubility Studies
X-ray Diffraction in Crystallography
Chemical synthesis and alkaloids","Efficient Construction of Pyrano[3,2‐a]carbazoles: Application to a Biomimetic Total Synthesis of Cyclized Monoterpenoid Pyrano[3,2‐a]carbazole Alkaloids (118 citations)
Total Synthesis of the Biscarbazole Alkaloids Murrafoline A–D by a Domino Sonogashira Coupling/Claisen Rearrangement/Electrocyclization Reaction (110 citations)
Palladium-catalyzed total synthesis of euchrestifoline using a one-pot Wacker oxidation and double aromatic C–H bond activation (84 citations)"
Krishna Chinthalapudi,The Ohio State University,US,"Cellular Mechanics and Interactions
Cardiomyopathy and Myosin Studies
Hippo pathway signaling and YAP/TAZ","The interaction of talin with the cell membrane is essential for integrin activation and focal adhesion formation (108 citations)
Didehydro-Cortistatin A Inhibits HIV-1 by Specifically Binding to the Unstructured Basic Region of Tat (85 citations)
Mechanism and Specificity of Pentachloropseudilin-mediated Inhibition of Myosin Motor Activity (73 citations)"
Leopold F. Fröhlich,University of Tübingen,DE,"Epigenetics and DNA Methylation
Autophagy in Disease and Therapy
Genetic Syndromes and Imprinting","Guidelines for the use and interpretation of assays for monitoring autophagy (4th edition) 1 (2743 citations)
Proteinase 3 and neutrophil elastase enhance inflammation in mice by inactivating antiinflammatory progranulin (367 citations)
Autosomal dominant pseudohypoparathyroidism type Ib is associated with a heterozygous microdeletion that likely disrupts a putative imprinting control element of GNAS (259 citations)"
Larissa Dirr,Griffith University,AU,"Respiratory viral infections research
Influenza Virus Research Studies
Virology and Viral Diseases","Multidisciplinary Approaches Identify Compounds that Bind to Human ACE2 or SARS-CoV-2 Spike Protein as Candidates to Block SARS-CoV-2–ACE2 Receptor Interactions (78 citations)
Structure-guided discovery of potent and dual-acting human parainfluenza virus haemagglutinin–neuraminidase inhibitors (50 citations)
Antiviral strategies against human metapneumovirus: Targeting the fusion protein (48 citations)"
Lisa M. Bond,BioAxone BioSciences (United States),US,"Cellular transport and secretion
Cardiomyopathy and Myosin Studies
Signaling Pathways in Disease","Pericentric Chromatin Is Organized into an Intramolecular Loop in Mitosis (160 citations)
A Targeted siRNA Screen to Identify SNAREs Required for Constitutive Secretion in Mammalian Cells (137 citations)
Rho Inhibitor VX-210 in Acute Traumatic Subaxial Cervical Spinal Cord Injury: Design of the SPinal Cord Injury Rho INhibition InvestiGation (SPRING) Clinical Trial (98 citations)"
Lynne M. Coluccio,Dynamic Systems (United States),US,"Cardiomyopathy and Myosin Studies
Muscle Physiology and Disorders
Cellular Mechanics and Interactions","The motor protein myosin-I produces its working stroke in two steps (324 citations)
Actin from Thyone sperm assembles on only one end of an actin filament: a behavior regulated by profilin. (183 citations)
Myosin I (133 citations)"
Magdalena Weidner-Glunde,"InLife Institute of Animal Reproduction and Food Research, Polish Academy of Sciences",PL,"Viral-associated cancers and disorders
Cytomegalovirus and herpesvirus research
Lymphoma Diagnosis and Treatment","Protein Interactions Targeting the Latency-Associated Nuclear Antigen of Kaposi's Sarcoma-Associated Herpesvirus to Cell Chromosomes (195 citations)
Cytoplasmic isoforms of Kaposi sarcoma herpesvirus LANA recruit and antagonize the innate immune DNA sensor cGAS (167 citations)
Bromo- and Extraterminal Domain Chromatin Regulators Serve as Cofactors for Murine Leukemia Virus Integration (140 citations)"
Manuel H. Taft,Medizinische Hochschule Hannover,DE,"Cardiomyopathy and Myosin Studies
Cellular Mechanics and Interactions
Muscle Physiology and Disorders","Pink-beam serial crystallography (131 citations)
Meteorin-like promotes heart repair through endothelial KIT receptor tyrosine kinase (130 citations)
Distinct Functional Interactions between Actin Isoforms and Nonsarcomeric Myosins (94 citations)"
Marcel Pietrek,Medizinische Hochschule Hannover,DE,"Viral-associated cancers and disorders
Lymphoma Diagnosis and Treatment
Cytomegalovirus and herpesvirus research","A Structural Basis for BRD2/4-Mediated Host Chromatin Interaction and Oligomer Assembly of Kaposi Sarcoma-Associated Herpesvirus and Murine Gammaherpesvirus LANA Proteins (100 citations)
Modulation of Host Gene Expression by the K15 Protein of Kaposi's Sarcoma-Associated Herpesvirus (83 citations)
The Ubiquitin-Specific Protease USP7 Modulates the Replication of Kaposi's Sarcoma-Associated Herpesvirus Latent Episomal DNA (64 citations)"
Maria Garber,Institute of Protein Research,RU,"RNA and protein synthesis mechanisms
RNA modifications and cancer
Bacterial Genetics and Biotechnology","Three‐dimensional structure of the ribosomal translocase: elongation factor G from Thermus thermophilus. (367 citations)
The crystal structure of UUCG tetraloop 1 1Edited by J Doudna (157 citations)
Crystal structure of the ribosomal protein S6 from Thermus thermophilus. (147 citations)"
Markus Böhl,Technische Universität Dresden,DE,"Computational Drug Discovery Methods
RNA and protein synthesis mechanisms
RNA Interference and Gene Delivery","Total Synthesis of Pentabromo‐ and Pentachloropseudilin, and Synthetic Analogues—Allosteric Inhibitors of Myosin ATPase (93 citations)
Mechanism of inhibition of human secretory phospholipase A2 by flavonoids: rationale for lead design (92 citations)
The mechanism of pentabromopseudilin inhibition of myosin motor activity (77 citations)"
Markus Fuhrmann,Deutsche Knochenmarkspenderdatei,DE,"Photoreceptor and optogenetics research
Photosynthetic Processes and Mechanisms
Algal biology and biofuel production","Channelrhodopsin-1: A Light-Gated Proton Channel in Green Algae (1171 citations)
A Streptomyces rimosus aphVIII gene coding for a new type phosphotransferase provides stable antibiotic resistance to Chlamydomonas reinhardtii (375 citations)
A synthetic gene coding for the green fluorescent protein (GFP) is a versatile reporter in Chlamydomonas reinhardtii† (319 citations)"
Matthias Preller,Hochschule Bonn-Rhein-Sieg,DE,"Cardiomyopathy and Myosin Studies
Cellular Mechanics and Interactions
Muscle Physiology and Disorders","Mutant IDH1 promotes leukemogenesis in vivo and can be specifically targeted in human AML (209 citations)
Calcium Sensor for Photoacoustic Imaging (135 citations)
Distinct Functional Interactions between Actin Isoforms and Nonsarcomeric Myosins (94 citations)"
Michael A. Geeves,University of Kent,GB,"Cardiomyopathy and Myosin Studies
Muscle Physiology and Disorders
Cardiovascular Effects of Exercise","Regulation of the interaction between actin and myosin subfragment 1: evidence for three states of the thin filament (838 citations)
Structural Mechanism of Muscle Contraction (790 citations)
The Molecular Mechanism of Muscle Contraction (401 citations)"
Natalie Naue,Inamed,DE,"Bacterial Genetics and Biotechnology
DNA Repair Mechanisms
DNA and Nucleic Acid Chemistry","The helicase-binding domain of Escherichia coli DnaG primase interacts with the highly conserved C-terminal region of single-stranded DNA-binding protein (33 citations)
Site-directed mutagenesis of the χ subunit of DNA polymerase III and single-stranded DNA-binding protein of E. coli reveals key residues for their interaction (31 citations)
E. coli primase and DNA polymerase III holoenzyme are able to bind concurrently to a primed template during DNA replication (8 citations)"
Nicola Steinke,Max Planck Institute for Marine Microbiology,DE,"Microbial Community Ecology and Physiology
Methane Hydrates and Related Phenomena
Protein Structure and Dynamics","The Activation Mechanism of 2′-5′-Oligoadenylate Synthetase Gives New Insights Into OAS/cGAS Triggers of Innate Immunity (86 citations)
Dissolved storage glycans shaped the community composition of abundant bacterioplankton clades during a North Sea spring phytoplankton bloom (64 citations)
Atomic scale insights into urea–peptide interactions in solution (27 citations)"
Oleg Nikonov,Institute of Protein Research,RU,"RNA and protein synthesis mechanisms
RNA modifications and cancer
RNA Research and Splicing","Enteroviruses: Classification, diseases they cause, and approaches to development of antiviral drugs (101 citations)
Crystal Structure of the Intact Archaeal Translation Initiation Factor 2 Demonstrates Very High Conformational Flexibility in the α- and β-Subunits (56 citations)
Detailed analysis of RNA-protein interactions within the ribosomal protein S8-rRNA complex from the archaeon Methanococcus jannaschii (47 citations)"
P. Baruch,Université Paris Cité,FR,"Silicon and Solar Cell Technologies
Semiconductor materials and interfaces
Ion-surface interactions and analysis","RADIATION DAMAGE IN SEMICONDUCTORS. (565 citations)
On some thermodynamic aspects of photovoltaic solar energy conversion (106 citations)
The thermodynamics of the conversion of radiation energy for photovoltaics (69 citations)"
Pavel Kats,Leibniz University Hannover,DE,"Digital Rights Management and Security
Advanced Chemical Physics Studies
Advanced Neural Network Applications","Barrier to internal rotation, symmetry and carbonyl reactivity in methyl 3,3,3-trifluoropyruvate (3 citations)
Design of Europeana Cloud technical infrastructure (3 citations)
Design of Europeana Cloud technical infrastructure (0 citations)"
Penelope C. Kay-Fedorov,German Center for Infection Research,DE,"Cytomegalovirus and herpesvirus research
Immune Cell Function and Interaction
Herpesvirus Infections and Treatments","Characterization of Human Cytomegalovirus Genome Diversity in Immunocompromised Hosts by Whole-Genome Sequencing Directly From Clinical Specimens (114 citations)
The Activation Mechanism of 2′-5′-Oligoadenylate Synthetase Gives New Insights Into OAS/cGAS Triggers of Innate Immunity (86 citations)
The Human Cytomegalovirus UL11 Protein Interacts with the Receptor Tyrosine Phosphatase CD45, Resulting in Functional Paralysis of T Cells (59 citations)"
Peter Hegemann,Humboldt-Universität zu Berlin,DE,"Photoreceptor and optogenetics research
Photosynthetic Processes and Mechanisms
Light effects on plants","Channelrhodopsin-2, a directly light-gated cation-selective membrane channel (2730 citations)
Neocortical excitation/inhibition balance in information processing and social dysfunction (2562 citations)
Microbial and Animal Rhodopsins: Structures, Functions, and Molecular Mechanisms (1195 citations)"
Peter Kotsonis,Novartis Institutes for BioMedical Research,,"Nitric Oxide and Endothelin Effects
Eicosanoids and Hypertension Pharmacology
Neuroscience and Neuropharmacology Research","Endothelial Nitric-oxide Synthase (Type III) Is Activated and Becomes Calcium Independent upon Phosphorylation by Cyclic Nucleotide-dependent Protein Kinases (281 citations)
The Soluble Guanylyl Cyclase Inhibitor 1H-[1,2,4]Oxadiazolo[4,3,-a]quinoxalin-1-one Is a Nonselective Heme Protein Inhibitor of Nitric Oxide Synthase and Other Cytochrome P-450 Enzymes Involved in Nitric Oxide Donor Bioactivation (153 citations)
Vanilloid Receptor TRPV1, Sensory C-Fibers, and Vascular Autoregulation (150 citations)"
Peter Scheurer,Vasopharm (Germany),DE,"Nitric Oxide and Endothelin Effects
Neutrophil, Myeloperoxidase and Oxidative Mechanisms
Eicosanoids and Hypertension Pharmacology","The NOX toolbox: validating the role of NADPH oxidases in physiology and disease (383 citations)
Comparative pharmacology of chemically distinct NADPH oxidase inhibitors (239 citations)
Novel Nox inhibitor of oxLDL-induced reactive oxygen species formation in human endothelial cells (124 citations)"
Rainer Deutzmann,University of Regensburg,DE,"Cell Adhesion Molecules Research
Biomedical and Chemical Research
Medical Practices and Rehabilitation","Polycationic Peptides from Diatom Biosilica That Direct Silica Nanosphere Formation (1419 citations)
A simplified laminin nomenclature (918 citations)
A new nomenclature for the laminins (757 citations)"
René M. Müri,GP Forschungsgruppe,DE,"Spatial Neglect and Hemispheric Dysfunction
Visual perception and processing mechanisms
Neural and Behavioral Psychology Studies","Cortical control of saccades (442 citations)
Decisional role of the dorsolateral prefrontal cortex in ocular motor behaviour (330 citations)
Beyond re-membering: Phantom sensations of congenitally absent limbs (257 citations)"
Rita Gerardy‐Schahn,Medizinische Hochschule Hannover,DE,"Glycosylation and Glycoproteins Research
Carbohydrate Chemistry and Synthesis
Neurogenesis and neuroplasticity mechanisms","Sialic Acids in the Brain: Gangliosides and Polysialic Acid in Nervous System Development, Stability, Disease, and Regeneration (750 citations)
A Syndrome with Congenital Neutropenia and Mutations in G6PC3 (354 citations)
The gene defective in leukocyte adhesion deficiency II encodes a putative GDP-fucose transporter (341 citations)"
Roger S. Goody,Max Planck Institute of Molecular Physiology,DE,"Cellular transport and secretion
Enzyme Structure and Function
Protein Kinase Regulation and GTPase Signaling","The Original Michaelis Constant: Translation of the 1913 Michaelis–Menten Paper (1445 citations)
Refined crystal structure of the triphosphate conformation of H‐ras p21 at 1.35 A resolution: implications for the mechanism of GTP hydrolysis. (1092 citations)
Time-resolved X-ray crystallographic study of the conformational change in Ha-Ras p21 protein on GTP hydrolysis (493 citations)"
Ronny Forke,Technische Universität Dresden,DE,"Crystallization and Solubility Studies
X-ray Diffraction in Crystallography
Chemical synthesis and alkaloids","Transition metals in organic synthesis - Part 83#: Synthesis and pharmacological potential of carbazoles (97 citations)
First total synthesis of clausine L and pityriazole, a metabolite of the human pathogenic yeast Malassezia furfur (87 citations)
Total synthesis of biologically active alkaloids using transition metals (33 citations)"
Ryan A. Vasan,Massachusetts Eye and Ear Infirmary,US,"Corneal surgery and disorders
Glaucoma and retinal disorders
Ophthalmology and Visual Impairment Studies","Structures of nitric oxide synthase isoforms complexed with the inhibitor AR-R17477 suggest a rational basis for specificity and inhibitor design (53 citations)
Small-Incision Descemet Stripping Automated Endothelial Keratoplasty: A Comparison of Small-Incision Tissue Injector and Forceps Techniques (29 citations)
Active Learning to Characterize the Full Contrast Sensitivity Function in Cataracts (22 citations)"
Sabine Richter,University of Regensburg,DE,"Pancreatitis Pathology and Treatment
Bariatric Surgery and Outcomes
RNA Research and Splicing","Two genes encode related cytoplasmic elongation factors 1α (EF-1α) in Drosophila melanogaster with continuous and stage specific expression (191 citations)
Differential effects of temporal pole resection with amygdalohippocampectomy versus selective amygdalohippocampectomy on material‐specific memory in patients with mesial temporal lobe epilepsy (172 citations)
Risk Factors and Complications Following Percutaneous Endoscopic Gastrostomy: A Case Series of 1041 Patients (99 citations)"
Sameer Agarwal,University of North Texas,US,"Advanced Vision and Imaging
Robotics and Sensor-Based Localization
Sparse and Compressive Sensing Techniques","Building Rome in a day (1105 citations)
Building Rome in a day (1068 citations)
Multicore bundle adjustment (819 citations)"
Sarah M. Heissler,The Ohio State University,US,"Cardiomyopathy and Myosin Studies
Cellular Mechanics and Interactions
Muscle Physiology and Disorders","Cryo-EM structure of a human cytoplasmic actomyosin complex at near-atomic resolution (263 citations)
Nonmuscle myosin-2: mix and match (237 citations)
Myosin light chains: Teaching old dogs new tricks (151 citations)"
Sebastian Damerow,Wellcome Centre for Anti-Infectives Research,GB,"Trypanosoma species research and implications
Research on Leishmaniasis Studies
Glycosylation and Glycoproteins Research","The circadian rhythm of glucocorticoids is regulated by a gating mechanism residing in the adrenal cortical clock (545 citations)
Glucose and glutamine fuel protein O-GlcNAcylation to control T cell self-renewal and malignancy (360 citations)
Transcriptional Profiling in the Adrenal Gland Reveals Circadian Regulation of Hormone Biosynthesis Genes and Nucleosome Assembly Genes (249 citations)"
Stefan Auschill,Technische Universität Dresden,DE,"Crystallization and Solubility Studies
X-ray Diffraction in Crystallography
Microbial Natural Products and Biosynthesis","First total synthesis of the whole series of the antiostatins A and B (80 citations)
Total synthesis of biologically active alkaloids using transition metals (33 citations)
A high performance liquid chromatography method to determine phenanthroline derivatives used in OLEDs and OSCs (5 citations)"
Svetlana Tishchenko,Institute of Protein Research,RU,"RNA and protein synthesis mechanisms
RNA modifications and cancer
Bacterial Genetics and Biotechnology","The crystal structure of UUCG tetraloop 1 1Edited by J Doudna (157 citations)
Structure of the L1 protuberance in the ribosome (92 citations)
The Activation Mechanism of 2′-5′-Oligoadenylate Synthetase Gives New Insights Into OAS/cGAS Triggers of Innate Immunity (86 citations)"
Tatiana Domratcheva,Lomonosov Moscow State University,RU,"Photoreceptor and optogenetics research
Light effects on plants
Photosynthetic Processes and Mechanisms","Mechanism and dynamics of fatty acid photodecarboxylase (231 citations)
Crystal Structure and Mechanism of a DNA (6‐4) Photolyase (194 citations)
Structure of a bacterial BLUF photoreceptor: Insights into blue light-mediated signal transduction (176 citations)"
Thomas F. Schulz,Medizinische Hochschule Hannover,DE,"Viral-associated cancers and disorders
Cytomegalovirus and herpesvirus research
Parvovirus B19 Infection Studies","Detection of Kaposi sarcoma associated herpesvirus in peripheral blood of HIV-infected individuals and progression to Kaposi's sarcoma (884 citations)
Kaposi's sarcoma-associated herpesvirus infects endothelial and spindle cells (694 citations)
Prevalence of Kaposi's sarcoma associated herpesvirus infection measured by antibodies to recombinant capsid protein and latent immunofluorescence antigen (630 citations)"
Thorsten Lührs,Voith (Germany),DE,"Prion Diseases and Protein Misfolding
Trace Elements in Health
Neurological diseases and metabolism","3D structure of Alzheimer's amyloid-β(1–42) fibrils (2014 citations)
NMR solution structure of the human prion protein (1100 citations)
The fold of α-synuclein fibrils (559 citations)"
Tilman Kottke,Hochschule Bielefeld,DE,"Light effects on plants
Photoreceptor and optogenetics research
Photosynthetic Processes and Mechanisms","A blue-light photoreceptor mediates the feedback regulation of photosynthesis (257 citations)
Phot-LOV1: Photocycle of a Blue-Light Receptor Domain from the Green Alga Chlamydomonas reinhardtii (250 citations)
A Novel Photoreaction Mechanism for the Circadian Blue Light Photoreceptor Drosophila Cryptochrome (211 citations)"
Timm Fiebig,German Center for Infection Research,DE,"Bacterial Infections and Vaccines
Glycosylation and Glycoproteins Research
Escherichia coli research studies","Molecular Cloning and Functional Characterization of Components of the Capsule Biosynthesis Complex of Neisseria meningitidis Serogroup A (52 citations)
Functional expression of the capsule polymerase of Neisseria meningitidis serogroup X: A new perspective for vaccine development (44 citations)
A New Family of Capsule Polymerases Generates Teichoic Acid-Like Capsule Polymers in Gram-Negative Pathogens (42 citations)"
Udo Bläsi,Vienna Biocenter,AT,"RNA and protein synthesis mechanisms
Bacterial Genetics and Biotechnology
Bacteriophages and microbial interactions","RNA Chaperones, RNA Annealers and RNA Helicases (331 citations)
Coincident Hfq binding and RNase E cleavage sites on mRNA and small regulatory RNAs (267 citations)
Reduced virulence of a hfq mutant of Pseudomonas aeruginosa O1 (230 citations)"
Dagmar-Ulrike Richter,University of Rostock,DE,"Reproductive System and Pregnancy
Pregnancy and preeclampsia studies
Preterm Birth and Chorioamnionitis","Expression of the Metastasis Suppressor KAI1 in Decidual Cells at the Human Maternal-Fetal Interface (54 citations)
Expression of the inhibin-alpha subunit in normal, hyperplastic and malignant endometrial tissue: an immunohistochemical analysis (40 citations)
Cathepsin D expression in normal, hyperplastic and malignant endometrial tissue: an immunohistochemical analysis (39 citations)"
Ute Curth,Medizinische Hochschule Hannover,DE,"Bacterial Genetics and Biotechnology
DNA and Nucleic Acid Chemistry
DNA Repair Mechanisms","Crystal structure of SARS-CoV-2 main protease provides a basis for design of improved α-ketoamide inhibitors (3458 citations)
Crystal structure of human mitochondrial single-stranded DNA binding protein at 2.4 Å resolution (179 citations)
Molecular mechanism of Ena/VASP‐mediated actin‐filament elongation (167 citations)"
Wolfgang Pfleiderer,,,"DNA and Nucleic Acid Chemistry
Synthesis and Characterization of Heterocyclic Compounds
Chemical Synthesis and Analysis","Tetrahydrobiopterin biosynthetic activities in human macrophages, fibroblasts, THP-1, and T 24 cells. GTP-cyclohydrolase I is stimulated by interferon-gamma, and 6-pyruvoyl tetrahydropterin synthase and sepiapterin reductase are constitutively present. (242 citations)
The p-nitrophenylethyl (NPE) group (203 citations)
Photolabile protecting groups for nucleosides: Synthesis and photodeprotection rates (182 citations)"
Štefan Albert,,,"Insect and Arachnid Ecology and Behavior
Insect and Pesticide Research
Plant and animal studies","Insights into social insects from the genome of the honeybee Apis mellifera (1904 citations)
Functional and Evolutionary Insights from the Genomes of Three Parasitoid Nasonia Species (907 citations)
Ras oncogenes and their downstream targets (467 citations)"
А.Д. Никулин,Institute of Protein Research,RU,"RNA and protein synthesis mechanisms
Superconducting Materials and Applications
RNA modifications and cancer","The fabrication, properties and microstructure of Cu–Ag and Cu–Nb composite conductors (171 citations)
The crystal structure of UUCG tetraloop 1 1Edited by J Doudna (157 citations)
Structure of the L1 protuberance in the ribosome (92 citations)"
С.В. Никонов,Institute of Protein Research,RU,"RNA and protein synthesis mechanisms
RNA modifications and cancer
Enzyme Structure and Function","Crystal structure of ferrochelatase: the terminal enzyme in heme biosynthesis (189 citations)
Crystal structure of the ribosomal protein S6 from Thermus thermophilus. (147 citations)
Crystal structure of the ribosomal protein S6 from Thermus thermophilus. (139 citations)"
Rainer Hempel,Technische Universität Braunschweig,DE,"Spectral Theory in Mathematical Physics
Advanced Mathematical Modeling in Engineering
Numerical methods in inverse problems","The essential spectrum of Neumann Laplacians on some bounded singular domains (146 citations)
Spectral properties of periodic media in the large coupling limit (116 citations)
Eigenvalue branches of the Schr�dinger operatorH??W in a gap of ?(H) (109 citations)"
Svetlana Boyarchenko,The University of Texas at Austin,US,"Stochastic processes and financial applications
Capital Investment and Risk Analysis
Economic theories and models","Non-Gaussian Merton-Black-Scholes Theory (339 citations)
OPTION PRICING FOR TRUNCATED LÉVY PROCESSES (304 citations)
Perpetual American Options Under Lévy Processes (198 citations)"
Vladimir Stukopin,,,"Algebraic structures and combinatorial models
Advanced Topics in Algebra
Nonlinear Waves and Solitons","The quantum Weyl group and the universal quantumR-matrix for affine lie algebraA 1 (1) (58 citations)
Yangians of Lie superalgebras of typeA(m, n) (43 citations)
The quantum double of the Yangian of the Lie superalgebra A(m, n) and computation of the universal R-matrix (21 citations)"
Abhijit Gadde,Tata Institute of Fundamental Research,IN,"Black Holes and Theoretical Physics
Quantum Chromodynamics and Particle Interactions
Particle physics theoretical and experimental studies","Four Dimensional Superconformal Index from q -Deformed Two Dimensional Yang-Mills Theory (270 citations)
S-duality and 2d topological QFT (259 citations)
Walls, lines, and spectral dualities in 3d gauge theories (130 citations)"
Amer Iqbal,Lahore University of Management Sciences,PK,"Black Holes and Theoretical Physics
Algebraic structures and combinatorial models
Cosmology and Gravitation Theories","The refined topological vertex (463 citations)
D-Branes And Mirror Symmetry (447 citations)
Quantum foam and topological strings (270 citations)"
Andreas Brandhuber,Queen Mary University of London,GB,"Black Holes and Theoretical Physics
Particle physics theoretical and experimental studies
Quantum Chromodynamics and Particle Interactions","MHV amplitudes in N = 4 super-Yang–Mills and Wilson Loops (511 citations)
Wilson loops in the large N limit at finite temperature1Work supported in part by the US-Israel Binational Science Foundation, by GIF - the German-Israeli Foundation for Scientific Research, and by the Israel Science Foundation.1 (284 citations)
The D4–D8 brane system and five dimensional fixed points (268 citations)"
Andrew Strominger,Harvard University Press,US,"Black Holes and Theoretical Physics
Cosmology and Gravitation Theories
Noncommutative and Quantum Gravity Theories","Vacuum configurations for superstrings (2723 citations)
Charged black holes in string theory (1276 citations)
The dS/CFT correspondence (1255 citations)"
Can Kozçaz,Feza Gürsey Institute,TR,"Black Holes and Theoretical Physics
Algebraic structures and combinatorial models
Nonlinear Waves and Solitons","Energy loss of a heavy quark moving through Script N = 4 supersymmetric Yang-Mills plasma (754 citations)
The refined topological vertex (463 citations)
M-Strings (195 citations)"
Cumrun Vafa,Harvard University Press,US,"Black Holes and Theoretical Physics
Cosmology and Gravitation Theories
Noncommutative and Quantum Gravity Theories","Strings on orbifolds (1851 citations)
The string landscape, black holes and gravity as the weakest force (1364 citations)
Strings on orbifolds (II) (1277 citations)"
Peijun Du,Nanjing University,CN,"Remote Sensing and Land Use
Remote-Sensing Image Classification
Remote Sensing in Agriculture","A review of supervised object-based land-cover image classification (898 citations)
A global record of annual terrestrial Human Footprint dataset from 2000 to 2018 (727 citations)
Random Forest and Rotation Forest for fully polarized SAR image classification using polarimetric and spatial features (476 citations)"
Emil J. Martinec,Instituto de Física Teórica,ES,"Black Holes and Theoretical Physics
Cosmology and Gravitation Theories
Particle physics theoretical and experimental studies","An Introduction to Quantum Field Theory (2323 citations)
Strings in background fields (1660 citations)
Heterotic String (1602 citations)"
Herman Verlinde,Princeton University,US,"Black Holes and Theoretical Physics
Cosmology and Gravitation Theories
Noncommutative and Quantum Gravity Theories","On the holographic renormalization group (712 citations)
Topological strings in d < 1 (680 citations)
Matrix string theory (679 citations)"
Hiroyuki Fuji,Kobe University,JP,"Black Holes and Theoretical Physics
Quantum Chromodynamics and Particle Interactions
Cosmology and Gravitation Theories","Summing up all genus free energy of ABJM matrix model (192 citations)
The volume conjecture, perturbative knot invariants, and recursion relations for topological strings (114 citations)
Localization with a surface operator, irregular conformal blocks and open topological string (75 citations)"
Jacob Rasmussen,University of Illinois Urbana-Champaign,US,"Geometric and Algebraic Topology
Homotopy and Cohomology in Algebraic Topology
Advanced Combinatorial Mathematics","Floer homology and knot complements (524 citations)
Khovanov homology and the slice genus (511 citations)
The Superpolynomial for Knot Homologies (247 citations)"
Jonatan Lenells,KTH Royal Institute of Technology,SE,"Nonlinear Waves and Solitons
Nonlinear Photonic Systems
Advanced Mathematical Physics Problems","Traveling wave solutions of the Camassa–Holm equation (342 citations)
Traveling wave solutions of the Degasperis–Procesi equation (216 citations)
On a novel integrable generalization of the nonlinear Schrödinger equation (190 citations)"
Lotte Hollands,Maxwell Institute for Mathematical Sciences,GB,"Black Holes and Theoretical Physics
Algebraic structures and combinatorial models
Nonlinear Waves and Solitons","Vortex Counting and Lagrangian 3-Manifolds (321 citations)
Spectral Networks and Fenchel–Nielsen Coordinates (65 citations)
The superconformal index and an elliptic algebra of surface defects (42 citations)"
Luis F. Alday,University of Oxford,GB,"Black Holes and Theoretical Physics
Particle physics theoretical and experimental studies
Quantum Chromodynamics and Particle Interactions","Liouville Correlation Functions from Four-Dimensional Gauge Theories (1558 citations)
Gluon scattering amplitudes at strong coupling (989 citations)
Loop and surface operators in $ \mathcal{N} = 2 $ gauge theory and Liouville modular geometry (447 citations)"
Marko Stošić,University of Lisbon,PT,"Algebraic structures and combinatorial models
Geometric and Algebraic Topology
Homotopy and Cohomology in Algebraic Topology","Factorization for non-rigid and articulated structure using metric projections (137 citations)
Quadruply-graded colored homology of knots (73 citations)
sl(N)-LINK HOMOLOGY (N ≥ 4) USING FOAMS AND THE KAPUSTIN-LI FORMULA (73 citations)"
Nathan M. Dunfield,,,"Geometric and Algebraic Topology
Homotopy and Cohomology in Algebraic Topology
Mathematical Dynamics and Fractals","The Superpolynomial for Knot Homologies (247 citations)
Cyclic surgery, degrees of maps of character curves, and volume rigidity for hyperbolic manifolds (106 citations)
Finite covers of random 3-manifolds (94 citations)"
Pavel Putrov,Tsinghua University,CN,"Black Holes and Theoretical Physics
Homotopy and Cohomology in Algebraic Topology
Algebraic structures and combinatorial models","From Weak to Strong Coupling in ABJM Theory (334 citations)
ABJM theory as a Fermi gas (287 citations)
Nonperturbative aspects of ABJM theory (227 citations)"
Piotr Sułkowski,University of Warsaw,PL,"Algebraic structures and combinatorial models
Black Holes and Theoretical Physics
Geometric and Algebraic Topology","KnotProt: a database of proteins with knots and slipknots (206 citations)
Dodging the crisis of folding proteins with knots (176 citations)
Stabilizing effect of knots on proteins (156 citations)"
Steven S. Gubser,Princeton University,US,"Black Holes and Theoretical Physics
Cosmology and Gravitation Theories
Particle physics theoretical and experimental studies","Large N field theories, string theory and gravity (5610 citations)
Modeling the fifth dimension with scalars and gravity (1140 citations)
Breaking an Abelian gauge symmetry near a black hole horizon (1029 citations)"
Tudor Dimofte,University of Edinburgh,GB,"Black Holes and Theoretical Physics
Homotopy and Cohomology in Algebraic Topology
Algebraic structures and combinatorial models","Gauge Theories Labelled by Three-Manifolds (414 citations)
3-Manifolds and 3d indices (332 citations)
Localization techniques in quantum field theories (324 citations)"
Yuji Tachikawa,The University of Tokyo,JP,"Black Holes and Theoretical Physics
Cosmology and Gravitation Theories
Quantum Chromodynamics and Particle Interactions","Liouville Correlation Functions from Four-Dimensional Gauge Theories (1558 citations)
Reading between the lines of four-dimensional gauge theories (543 citations)
Loop and surface operators in $ \mathcal{N} = 2 $ gauge theory and Liouville modular geometry (447 citations)"
Christopher Brav,Shanghai Institute for Mathematics and Interdisciplinary Sciences,,"Algebraic structures and combinatorial models
Homotopy and Cohomology in Algebraic Topology
Advanced Algebra and Geometry","A ‘Darboux theorem’ for shifted symplectic structures on derived Artin stacks, with applications (110 citations)
Braid groups and Kleinian singularities (58 citations)
Relative Calabi–Yau structures (56 citations)"
Daniel Murfet,The University of Melbourne,AU,"Algebraic structures and combinatorial models
Advanced Topics in Algebra
Homotopy and Cohomology in Algebraic Topology","Totally acyclic complexes over noetherian schemes (69 citations)
The mock homotopy category of projectives and Grothendieck duality (66 citations)
Adjunctions and defects in Landau–Ginzburg models (63 citations)"
Gregory W. Stevenson,Rochester Christian University,US,"Animal Virus Infections Studies
Viral gastroenteritis research and epidemiology
Virus-based gene therapy research","Emergence of Porcine epidemic diarrhea virus in the United States: clinical signs, lesions, and viral genomic sequences (722 citations)
Isolation and Characterization of Porcine Epidemic Diarrhea Viruses Associated with the 2013 Disease Outbreak among Swine in the United States (435 citations)
Pathogenesis of porcine epidemic diarrhea virus isolate (US/Iowa/18984/2013) in 3-week-old weaned pigs (189 citations)"
Gustavo Jasso,University of Cologne,DE,"Algebraic structures and combinatorial models
Advanced Topics in Algebra
Homotopy and Cohomology in Algebraic Topology","n-abelian and n-exact categories (134 citations)
REDUCTION OF τ-TILTING MODULES AND TORSION PAIRS (113 citations)
Higher Nakayama algebras I: Construction (40 citations)"
J. P. C. Greenlees,Coventry University,GB,"Homotopy and Cohomology in Algebraic Topology
Algebraic structures and combinatorial models
Advanced Topics in Algebra","Equivariant Homotopy and Cohomology Theory (378 citations)
Generalized Tate cohomology (288 citations)
Derived functors of I-adic completion and local homology (192 citations)"
Michael K. Brown,Auburn University,US,"Algebraic structures and combinatorial models
Algebraic Geometry and Number Theory
Commutative Algebra and Its Applications","Working the Street: Police Discretion and the Dilemmas of Reform (414 citations)
Globalists: The end of empire and the birth of neoliberalism (353 citations)
Shifting the Color Line: Race and the American Welfare State. (344 citations)"
Mikhail Kapranov,,,"Algebraic structures and combinatorial models
Homotopy and Cohomology in Algebraic Topology
Advanced Topics in Algebra","Discriminants, Resultants, and Multidimensional Determinants (2376 citations)
Koszul duality for operads (814 citations)
Chow quotients of Grassmannians. I (345 citations)"
Tashi Walde,University of Regensburg,DE,"Homotopy and Cohomology in Algebraic Topology
Algebraic structures and combinatorial models
Advanced Operator Algebra Research","The Art of Decision Making: Mirrors of Imagination, Masks of Fate (29 citations)
Simplicial structures in higher Auslander–Reiten theory (26 citations)
Generalised BGP Reflection Functors via the Grothendieck Construction (7 citations)"
Vadim Schechtman,Kavli Institute for the Physics and Mathematics of the Universe,JP,"Algebraic structures and combinatorial models
Advanced Topics in Algebra
Homotopy and Cohomology in Algebraic Topology","Arrangements of hyperplanes and Lie algebra homology (399 citations)
Chiral de Rham Complex (216 citations)
Determinant bundles and Virasoro algebras (188 citations)"
Wojciech Chachólski,KTH Royal Institute of Technology,SE,"Homotopy and Cohomology in Algebraic Topology
Topological and Geometric Data Analysis
Algebraic structures and combinatorial models","Homotopy theory of diagrams (99 citations)
On the functors CWA and PA (52 citations)
The A-core and A-cover of a group (24 citations)"
Alexis Kouvidakis,University of Crete,GR,"Algebraic Geometry and Number Theory
Advanced Algebra and Geometry
Homotopy and Cohomology in Algebraic Topology","The automorphism group of the moduli space of semi stable vector bundles (54 citations)
Divisors on symmetric products of curves (42 citations)
On the Symmetric Product of a Curve with General Moduli (30 citations)"
Andrei Căldăraru,University of Wisconsin–Madison,US,"Homotopy and Cohomology in Algebraic Topology
Algebraic Geometry and Number Theory
Algebraic structures and combinatorial models","THE MUKAI PAIRING, II: THE HOCHSCHILD-KOSTANT-ROSENBERG ISOMORPHISM (161 citations)
Non-Birational Twisted Derived Equivalences in Abelian GLSMs (112 citations)
Derived categories of twisted sheaves on elliptic threefolds (81 citations)"
Andrew Kresch,University of Zurich,CH,"Algebraic Geometry and Number Theory
Advanced Algebra and Geometry
Advanced Combinatorial Mathematics","Cycle groups for Artin stacks (241 citations)
Brauer groups and quotient stacks (162 citations)
Gromov-Witten invariants on Grassmannians (131 citations)"
André Henriques,University of Oxford,GB,"Algebraic structures and combinatorial models
Homotopy and Cohomology in Algebraic Topology
Advanced Topics in Algebra","Cluster decomposition, T-duality, and gerby CFTs (150 citations)
Integrating -algebras (100 citations)
Computation of generalized equivariant cohomologies of Kac–Moody flag varieties (100 citations)"
Bertrand ToÃ«n,Université de Montpellier,FR,"Algebraic structures and combinatorial models
Geometric and Algebraic Topology
Homotopy and Cohomology in Algebraic Topology","Stacks and Categories in Geometry, Topology, and Algebra (55 citations)"
Bertrand Toën,Institut de Mathématiques de Toulouse,FR,"Homotopy and Cohomology in Algebraic Topology
Algebraic structures and combinatorial models
Algebraic Geometry and Number Theory","Shifted symplectic structures (348 citations)
Moduli of objects in dg-categories (273 citations)
Derived algebraic geometry (258 citations)"
Bumsig Kim,,,"Algebraic Geometry and Number Theory
Homotopy and Cohomology in Algebraic Topology
Algebraic structures and combinatorial models","3 QUANTUM COHOMOLOGY OF FLAG MANIFOLDS AND TODA LATTICES (160 citations)
Functoriality in intersection theory and a conjecture of Cox, Katz, and Lee (123 citations)
Mirror symmetry and toric degenerations of partial flag manifolds (121 citations)"
Burt A. Ovrut,University of Pennsylvania,US,"Black Holes and Theoretical Physics
Cosmology and Gravitation Theories
Particle physics theoretical and experimental studies","Ekpyrotic universe: Colliding branes and the origin of the hot big bang (1566 citations)
Universe as a domain wall (652 citations)
From big crunch to big bang (637 citations)"
Daniel Robbins,Anglia Ruskin University,GB,"Sports Performance and Training
Catalytic C–H Functionalization Methods
Muscle activation and electromyography studies","Post-Activation Potentiation (550 citations)
Discovery of Mcl-1-specific inhibitor AZD5991 and preclinical activity in multiple myeloma and acute myeloid leukemia (490 citations)
Photoredox Mediated Nickel Catalyzed Cross-Coupling of Thiols With Aryl and Heteroaryl Iodides via Thiyl Radicals (462 citations)"
Daniel Waldram,Imperial College London,GB,"Black Holes and Theoretical Physics
Cosmology and Gravitation Theories
Noncommutative and Quantum Gravity Theories","Universe as a domain wall (652 citations)
Sasaki-Einstein Metrics on S^2\times S^3 (484 citations)
Heterotic M-theory in five dimensions (439 citations)"
Eric Sharpe,Virginia Tech,US,"Black Holes and Theoretical Physics
Algebraic structures and combinatorial models
Homotopy and Cohomology in Algebraic Topology","Notes on generalized global symmetries in QFT (181 citations)
Compactifications of heterotic strings on non-Kähler complex manifolds II (152 citations)
Cluster decomposition, T-duality, and gerby CFTs (150 citations)"
Gabriele Vezzosi,University of Florence,IT,"Homotopy and Cohomology in Algebraic Topology
Algebraic structures and combinatorial models
Advanced Topics in Algebra","Homotopical algebraic geometry. II. Geometric stacks and applications (418 citations)
Shifted symplectic structures (348 citations)
Homotopical algebraic geometry I: topos theory (221 citations)"
H.‐H. Tseng,National Yang Ming Chiao Tung University,TW,"Semiconductor materials and devices
Advancements in Semiconductor Devices and Circuit Design
Integrated Circuits and Semiconductor Failure Analysis","Fermi-Level Pinning at the Polysilicon/Metal Oxide Interface—Part I (224 citations)
The effects of boron penetration on p/sup +/ polysilicon gated PMOS devices (211 citations)
Dipole model explaining high-k/metal gate field effect transistor threshold voltage tuning (183 citations)"
Helmut Clemens,Materials Center Leoben (Austria),AT,"Intermetallics and Advanced Alloy Properties
MXene and MAX Phase Materials
Advanced materials and composites","Mechanical properties, microstructure and thermal stability of a nanocrystalline CoCrFeMnNi high-entropy alloy after severe plastic deformation (1340 citations)
Design, Processing, Microstructure, Properties, and Applications of Advanced Intermetallic TiAl Alloys (1214 citations)
Microstructural design of hard coatings (1006 citations)"
Jacques Distler,The University of Texas at Austin,US,"Black Holes and Theoretical Physics
Quantum Chromodynamics and Particle Interactions
Particle physics theoretical and experimental studies","Conformal field theory and 2D quantum gravity (1114 citations)
NILPOTENT ORBITS AND CODIMENSION-2 DEFECTS OF 6d${\mathcal N} = (2, 0)$ THEORIES (218 citations)
Aspects of (2, 0) string compactifications (204 citations)"
Joseph Marsano,University of Chicago,US,"Black Holes and Theoretical Physics
Particle physics theoretical and experimental studies
Quantum Chromodynamics and Particle Interactions","The Hagedorn/Deconfinement Phase Transition in Weakly Coupled Large N Gauge Theories (647 citations)
Yukawas, G-flux, and spectral covers from resolved Calabi-Yau’s (157 citations)
First order deconfinement transition in large N Yang-Mills theory on a small S3 (154 citations)"
Martijn Wijnholt,,,"Black Holes and Theoretical Physics
Particle physics theoretical and experimental studies
Cosmology and Gravitation Theories","Model building with $F$-theory (363 citations)
Breaking GUT groups in F-theory (249 citations)
Model Building with F-Theory (178 citations)"
Matt Ando,University of Illinois Urbana-Champaign,US,"Black Holes and Theoretical Physics
Algebraic structures and combinatorial models
Quantum Chromodynamics and Particle Interactions","Elliptic genera of Landau–Ginzburg models over nontrivial spaces (15 citations)
Two-dimensional topological field theories as taffy (3 citations)"
Michel VaquiÃ©,Université Toulouse III - Paul Sabatier,FR,"Algebraic structures and combinatorial models
Geometric and Algebraic Topology
Homotopy and Cohomology in Algebraic Topology","Stacks and Categories in Geometry, Topology, and Algebra (55 citations)"
Michel Vaquié,Institut de Mathématiques de Toulouse,FR,"Algebraic Geometry and Number Theory
Homotopy and Cohomology in Algebraic Topology
Algebraic structures and combinatorial models","Shifted symplectic structures (348 citations)
Moduli of objects in dg-categories (273 citations)
Extension d’une valuation (114 citations)"
Simeon Hellerman,The University of Tokyo,JP,"Black Holes and Theoretical Physics
Cosmology and Gravitation Theories
Particle physics theoretical and experimental studies","Geometric Constructions of Nongeometric String Theories (250 citations)
Cluster decomposition, T-duality, and gerby CFTs (150 citations)
A Universal Inequality for CFT and Quantum Gravity (126 citations)"
Stuart Raby,The Ohio State University,US,"Particle physics theoretical and experimental studies
Black Holes and Theoretical Physics
Quantum Chromodynamics and Particle Interactions","Review of Particle Physics (6725 citations)
Review of Particle Physics (6018 citations)
Review of Particle Properties (3120 citations)"
Thomas Vandermeulen,Texas A&M University,US,"Black Holes and Theoretical Physics
Homotopy and Cohomology in Algebraic Topology
Algebraic structures and combinatorial models","Notes on gauging noninvertible symmetries. Part I. Multiplicity-free cases (36 citations)
Decomposition, trivially-acting symmetries, and topological operators (21 citations)
Orbifolds by 2-groups and decomposition (19 citations)"
Volker Braun,Universität Hamburg,DE,"Advanced MIMO Systems Optimization
German Literature and Culture Studies
Advanced Wireless Communication Techniques","Scenarios for 5G mobile and wireless communications: the vision of the METIS project (2046 citations)
The role of small cells, coordinated multipoint, and massive MIMO in 5G (742 citations)
Joint Design of Communication and Sensing for Beyond 5G and 6G Systems (515 citations)"
Yang‐Hui He,"City St George's, University of London",GB,"Black Holes and Theoretical Physics
Algebraic Geometry and Number Theory
Algebraic structures and combinatorial models","D-brane gauge theories from toric singularities and toric duality (345 citations)
Counting gauge invariants: the plethystic program (307 citations)
Dimer Models from Mirror Symmetry and Quivering Amoebae (279 citations)"
A. B. Goncharov,Yale University,US,"Advanced Algebra and Geometry
Algebraic Geometry and Number Theory
Algebraic structures and combinatorial models","Moduli spaces of local systems and higher Teichmüller theory (777 citations)
Multiple polylogarithms, cyclotomy and modular complexes (730 citations)
Classical Polylogarithms for Amplitudes and Wilson Loops (651 citations)"
Brian J. Willett,Medical Research Council,GB,"HIV Research and Treatment
SARS-CoV-2 and COVID-19 Research
Virus-based gene therapy research","SARS-CoV-2 Omicron is an immune escape variant with an altered cell entry pathway (735 citations)
SARS-CoV-2 variant evasion of monoclonal antibodies based on in vitro studies (373 citations)
Children develop robust and sustained cross-reactive spike-specific immune responses to SARS-CoV-2 infection (217 citations)"
Bruno Le Floch,Laboratoire de Physique Théorique et Hautes Energies,FR,"Black Holes and Theoretical Physics
Cosmology and Gravitation Theories
Quantum Chromodynamics and Particle Interactions","Localization techniques in quantum field theories (324 citations)
Exact results in D = 2 supersymmetric gauge theories (311 citations)
M2-brane surface operators and gauge theory dualities in Toda (79 citations)"
Christopher Beem,Mathematical Institute of the Slovak Academy of Sciences,SK,"Black Holes and Theoretical Physics
Algebraic structures and combinatorial models
Cosmology and Gravitation Theories","Infinite Chiral Symmetry in Four Dimensions (579 citations)
N = 4 Superconformal Bootstrap (256 citations)
Four-dimensional SCFTs from M5-branes (244 citations)"
David R. Morrison,"University of California, Santa Barbara",US,"Black Holes and Theoretical Physics
Algebraic Geometry and Number Theory
Particle physics theoretical and experimental studies","String theory (2022 citations)
Compactifications of F-theory on Calabi-Yau threefolds (II) (967 citations)
Compactifications of F-theory on Calabi-Yau threefolds. (I) (735 citations)"
Francesco Benini,"Istituto Nazionale di Fisica Nucleare, Sezione di Trieste",IT,"Black Holes and Theoretical Physics
Cosmology and Gravitation Theories
Quantum Chromodynamics and Particle Interactions","Black hole microstates in AdS4 from supersymmetric localization (346 citations)
Partition Functions of $${\mathcal{N}=(2,2)}$$ N = ( 2 , 2 ) Gauge Theories on S 2 and Vortices (330 citations)
Elliptic Genera of 2d $${\mathcal{N}}$$ N = 2 Gauge Theories (327 citations)"
Hee Cheol Kim,Sungkyunkwan University,KR,"Colorectal Cancer Surgical Treatments
Colorectal and Anal Carcinomas
Colorectal Cancer Treatments and Studies","Lineage-dependent gene expression programs influence the immune landscape of colorectal cancer (1057 citations)
Risk Factors and Oncologic Impact of Anastomotic Leakage after Rectal Cancer Surgery (280 citations)
Prevalence and detection of low-allele-fraction variants in clinical cancer samples (206 citations)"
Hee‐Joong Chung,Jeju National University,KR,"Geometric and Algebraic Topology
Algebraic structures and combinatorial models
Homotopy and Cohomology in Algebraic Topology","3d-3d Correspondence Revisited (47 citations)
(2,2) and (0,4) supersymmetric boundary conditions in 3d N=4 theories and type IIB branes (27 citations)
Arithmetic Chern–Simons Theory II (12 citations)"
James L. Hutchinson,University of Bristol,GB,"Platelet Disorders and Treatments
Antiplatelet Therapy and Cardiovascular Diseases
Reproductive System and Pregnancy","A Salmonella typhimurium Effector Protein SifA Is Modified by Host Cell Prenylation and S-Acylation Machinery (112 citations)
Salmonella regulates polyubiquitination and surface expression of MHC class II antigens (80 citations)
Anti-inflammatory mediators as physiological and pharmacological regulators of parturition (60 citations)"
Jawad S. Khalil,University of Leeds,GB,"Platelet Disorders and Treatments
Antiplatelet Therapy and Cardiovascular Diseases
Blood properties and coagulation","Alterations in platelet proteome signature and impaired platelet integrin αIIbβ3 activation in patients with COVID-19 (21 citations)
Platelet Reactive Oxygen Species, Oxidised Lipid Stress, Current Perspectives, and an Update on Future Directions (16 citations)
The membrane-associated fraction of cyclase associate protein 1 translocates to the cytosol upon platelet stimulation (14 citations)"
Jeffrey Randall,University of Kansas Medical Center,US,"Alzheimer's disease research and treatments
Traumatic Brain Injury Research
RNA Research and Splicing","Single-molecule enzyme-linked immunosorbent assay detects serum proteins at subfemtomolar concentrations (2141 citations)
An Iron-responsive Element Type II in the 5′-Untranslated Region of the Alzheimer's Amyloid Precursor Protein Transcript (553 citations)
Plasma tau levels in Alzheimer's disease (398 citations)"
Shuang–Jian Qiu,Xiangya Hospital Central South University,CN,"Hepatocellular Carcinoma Treatment and Prognosis
Cholangiocarcinoma and Gallbladder Cancer Studies
Cancer Immunotherapy and Biomarkers","Systemic Immune-Inflammation Index Predicts Prognosis of Patients after Curative Resection for Hepatocellular Carcinoma (2480 citations)
Circulating stem cell–like epithelial cell adhesion molecule–positive tumor cells indicate poor prognosis of hepatocellular carcinoma after curative resection (409 citations)
Serum DKK1 as a protein biomarker for the diagnosis of hepatocellular carcinoma: a large-scale, multicentre study (399 citations)"
Joseph A. Minahan,Massachusetts Institute of Technology,US,"Black Holes and Theoretical Physics
Quantum Chromodynamics and Particle Interactions
Particle physics theoretical and experimental studies","The Bethe-ansatz for Script N = 4 super Yang-Mills (1455 citations)
Localization techniques in quantum field theories (324 citations)
An N = 2 superconformal fixed point with E6 global symmetry (304 citations)"
Joshua Blumenstock,"University of California, Berkeley",US,"Human Mobility and Location-Based Analysis
ICT in Developing Communities
ICT Impact and Policies","Translation of microarray data into clinically relevant cancer diagnostic tests using gene expression ratios in lung cancer and mesothelioma. (882 citations)
Predicting poverty and wealth from mobile phone metadata (714 citations)
Mapping poverty using mobile phone and satellite data (337 citations)"
Justin Hilburn,,,"Algebraic structures and combinatorial models
Black Holes and Theoretical Physics
Homotopy and Cohomology in Algebraic Topology","Boundaries, mirror symmetry, and symplectic duality in 3d N = 4 $$ \mathcal{N}=4 $$ gauge theory (119 citations)
Vortices and Vermas (76 citations)
Tate’s thesis in the de Rham setting (15 citations)"
Katharine E. Jensen,Williams College,US,"Adhesion, Friction, and Surface Interactions
Surface Modification and Superhydrophobicity
Material Dynamics and Properties","Stiffening solids with liquid inclusions (347 citations)
Wetting and phase separation in soft adhesion (114 citations)
Local shear transformations in deformed and quiescent hard-sphere colloidal glasses (94 citations)"
Kazuo Hosomichi,National Defense Academy of Japan,JP,"Black Holes and Theoretical Physics
Cosmology and Gravitation Theories
Particle physics theoretical and experimental studies","SUSY gauge theories on squashed three-spheres (493 citations)
Localization techniques in quantum field theories (324 citations)
Notes on SUSY Gauge Theories on Three-Sphere (294 citations)"
Kevin Costello,,,"Black Holes and Theoretical Physics
Algebraic structures and combinatorial models
Homotopy and Cohomology in Algebraic Topology","Topological conformal field theories and Calabi–Yau categories (259 citations)
Renormalization and Effective Field Theory (223 citations)
Factorization Algebras in Quantum Field Theory (158 citations)"
Khalid M. Naseem,,,"Platelet Disorders and Treatments
Nitric Oxide and Endothelin Effects
Antiplatelet Therapy and Cardiovascular Diseases","The role of nitric oxide in cardiovascular diseases (553 citations)
Oxidized LDL activates blood platelets through CD36/NOX2–mediated inhibition of the cGMP/protein kinase G signaling cascade (172 citations)
Glucose metabolism and metabolic flexibility in blood platelets (128 citations)"
Kimyeong Lee,Beijing Institute of Mathematical Sciences and Applications,,"Black Holes and Theoretical Physics
Cosmology and Gravitation Theories
Particle physics theoretical and experimental studies","SU(2) calorons and magnetic monopoles (350 citations)
Localization techniques in quantum field theories (324 citations)
Disintegration of Waste Activated Sludge by Thermally-Activated Persulfates for Enhanced Dewaterability (278 citations)"
Konstantin Zarembo,KTH Royal Institute of Technology,SE,"Black Holes and Theoretical Physics
Quantum Chromodynamics and Particle Interactions
Particle physics theoretical and experimental studies","The Bethe-ansatz for Script N = 4 super Yang-Mills (1455 citations)
Wilson loops in supersymmetric Yang–Mills theory (621 citations)
Localization techniques in quantum field theories (324 citations)"
Kumuthu S. Amaradasa,,,"Coronary Interventions and Diagnostics
Cardiac electrophysiology and arrhythmias
Platelet Disorders and Treatments","Microtubule-Mediated Regulation of β 2 AR Translation and Function in Failing Hearts (16 citations)
Ticagrelor inverse agonist activity at the P2Y12 receptor is non‐reversible versus its endogenous agonist adenosine 5´‐diphosphate (9 citations)
Animal Models of Intimal Thickening in Coronary Artery Bypass Vein Graft Disease (0 citations)"
Leonardo Rastelli,Stony Brook University,US,"Black Holes and Theoretical Physics
Cosmology and Gravitation Theories
Particle physics theoretical and experimental studies","Correlation functions in the CFT /AdS+1 correspondence (823 citations)
Infinite Chiral Symmetry in Four Dimensions (579 citations)
The bootstrap program for boundary CFT d (362 citations)"
Li‐Li Hsiao,Harvard University,US,"Chronic Kidney Disease and Diabetes
Dialysis and Renal Disease Management
Health Literacy and Information Accessibility","Vascular Klotho Deficiency Potentiates the Development of Human Artery Calcification and Mediates Resistance to Fibroblast Growth Factor 23 (459 citations)
KIM-1–mediated phagocytosis reduces acute injury to the kidney (365 citations)
A sensitive ELISPOT assay to detect low-frequency human T lymphocytes (162 citations)"
M. J. Keith,University of Manchester,GB,"Pulsars and Gravitational Waves Research
Radio Astronomy Observations and Technology
Geophysics and Gravity Measurements","A Population of Fast Radio Bursts at Cosmological Distances (1057 citations)
The second data release from the European Pulsar Timing Array (1030 citations)
THE SECOND FERMI LARGE AREA TELESCOPE CATALOG OF GAMMA-RAY PULSARS (844 citations)"
Mathew Bullimore,Durham University,GB,"Black Holes and Theoretical Physics
Quantum Chromodynamics and Particle Interactions
Particle physics theoretical and experimental studies","Defects and quantum Seiberg-Witten geometry (141 citations)
The Coulomb Branch of 3d $${\mathcal{N}= 4}$$ N = 4 Theories (139 citations)
Boundaries, mirror symmetry, and symplectic duality in 3d N = 4 $$ \mathcal{N}=4 $$ gauge theory (119 citations)"
Matthew S. Hindle,Leeds Beckett University,GB,"Platelet Disorders and Treatments
Antiplatelet Therapy and Cardiovascular Diseases
Inflammatory Biomarkers in Disease Prognosis","Atherogenic lipid stress induces platelet hyperactivity through CD36-mediated hyposensitivity to prostacyclin: the role of phosphodiesterase 3A (35 citations)
Fibrinogen αC-subregions critically contribute blood clot fibre growth, mechanical stability, and resistance to fibrinolysis (34 citations)
Multidimensional flow cytometry reveals novel platelet subpopulations in response to prostacyclin (31 citations)"
Maxim Zabzine,Uppsala University,SE,"Black Holes and Theoretical Physics
Algebraic structures and combinatorial models
Homotopy and Cohomology in Algebraic Topology","Localization techniques in quantum field theories (324 citations)
The perturbative partition function of supersymmetric 5D Yang-Mills theory with matter on the five-sphere (202 citations)
N 3-behavior from 5D Yang-Mills theory (113 citations)"
Maxime Gabella,,,"Black Holes and Theoretical Physics
Cosmology and Gravitation Theories
Noncommutative and Quantum Gravity Theories","Effective learning with a personal AI tutor: A case study (83 citations)
Gravity dual and CERN LHC study of single-sector supersymmetry breaking (51 citations)
K-decompositions and 3d gauge theories (44 citations)"
Natalie M. Paquette,University of Washington Applied Physics Laboratory,US,"Black Holes and Theoretical Physics
Algebraic structures and combinatorial models
Noncommutative and Quantum Gravity Theories","Dual boundary conditions in 3d SCFT’s (107 citations)
Celestial holography meets twisted holography: 4d amplitudes from chiral correlators (98 citations)
Top-Down Holography in an Asymptotically Flat Spacetime (71 citations)"
Roderick V. Jensen,Brigham and Women's Hospital,US,"Occupational and environmental lung diseases
Quantum chaos and dynamical systems
Medical Imaging and Pathology Studies","Introduction to the Theory of Neural Computation (1277 citations)
The genome of woodland strawberry (Fragaria vesca) (1260 citations)
A comprehensive assessment of RNA-seq accuracy, reproducibility and information content by the Sequencing Quality Control Consortium (1087 citations)"
Roland van der Veen,Medical Research Council,GB,"Geometric and Algebraic Topology
Advanced Combinatorial Mathematics
Homotopy and Cohomology in Algebraic Topology","RG domain walls and hybrid triangulations (34 citations)
ASYMPTOTICS OF CLASSICAL SPIN NETWORKS (18 citations)
Quadratic integer programming and the slope conjecture (15 citations)"
Ryan M. Fryer,,,"Cardiac Ischemia and Reperfusion
Receptor Mechanisms and Signaling
Anesthesia and Neurotoxicity Research","Ascorbic Acid Enhances Differentiation of Embryonic Stem Cells Into Cardiac Myocytes (479 citations)
Sarcolemmal Versus Mitochondrial ATP-Sensitive K+Channels and Myocardial Preconditioning (477 citations)
Bcl-2 family proteins are essential for platelet survival (430 citations)"
Sara Pasquetti,University of Milano-Bicocca,IT,"Black Holes and Theoretical Physics
Algebraic structures and combinatorial models
Quantum Chromodynamics and Particle Interactions","Localization techniques in quantum field theories (324 citations)
Holomorphic Blocks in Three Dimensions (173 citations)
A& B model approaches to surface operators and Toda thoeries (133 citations)"
Hyun‐Seok Kim,Dongguk University,KR,"Supercapacitor Materials and Fabrication
Electrocatalysts for Energy Conversion
Advancements in Battery Materials","A review on ZnO nanostructured materials: energy, environmental and biological applications (532 citations)
Fundamentals and comprehensive insights on pulsed laser synthesis of advanced materials for diverse photo- and electrocatalytic applications (447 citations)
Recent Advances in Metal Chalcogenides (MX; X = S, Se) Nanostructures for Electrochemical Supercapacitor Applications: A Brief Review (313 citations)"
Shlomo S. Razamat,Technion – Israel Institute of Technology,IL,"Black Holes and Theoretical Physics
Quantum Chromodynamics and Particle Interactions
Algebraic structures and combinatorial models","Localization techniques in quantum field theories (324 citations)
3d dualities from 4d dualities (305 citations)
Four Dimensional Superconformal Index from q -Deformed Two Dimensional Yang-Mills Theory (270 citations)"
Silviu S. Pufu,Princeton University,US,"Black Holes and Theoretical Physics
Quantum Chromodynamics and Particle Interactions
Particle physics theoretical and experimental studies","Towards the F-theorem: $ \mathcal{N} = 2 $ field theories on the three-sphere (526 citations)
The gravity dual of a p -wave superconductor (441 citations)
Localization techniques in quantum field theories (324 citations)"
Stavros Garoufalidis,Southern University of Science and Technology,CN,"Geometric and Algebraic Topology
Advanced Combinatorial Mathematics
Homotopy and Cohomology in Algebraic Topology","On the Melvin-Morton-Rozansky conjecture (219 citations)
The colored Jones function is q-holonomic (156 citations)
On the characteristic and deformation varieties of a knot (141 citations)"
Steven R. Gullans,,,"Ion Transport and Channel Regulation
Gene expression and cancer classification
Renal and related cancers","LNA-mediated microRNA silencing in non-human primates (1599 citations)
Minocycline inhibits cytochrome c release and delays progression of amyotrophic lateral sclerosis in mice (1070 citations)
Translation of microarray data into clinically relevant cancer diagnostic tests using gene expression ratios in lung cancer and mesothelioma. (882 citations)"
Stuart J. Mundell,University of Bristol,GB,"Receptor Mechanisms and Signaling
Platelet Disorders and Treatments
Antiplatelet Therapy and Cardiovascular Diseases","Trafficking of the HIV Coreceptor CXCR4 (262 citations)
P2Y1 and P2Y12 receptors for ADP desensitize by distinct kinase-dependent mechanisms (174 citations)
Reciprocal cross-talk between P2Y1 and P2Y12 receptors at the level of calcium signaling in human platelets (153 citations)"
Sukhinder Bancroft,University of Bristol,GB,"Antiplatelet Therapy and Cardiovascular Diseases
Synthesis of β-Lactam Compounds
Platelet Disorders and Treatments","Ticagrelor inverse agonist activity at the P2Y12 receptor is non‐reversible versus its endogenous agonist adenosine 5´‐diphosphate (9 citations)
Ticagrelor inverse agonist activity at the P2Y12 receptor is non-reversible versus its endogenous agonist ADP. (0 citations)"
Takumi Yoshida,Kyoto University,JP,"Chronic Kidney Disease and Diabetes
Renal Diseases and Glomerulopathies
Dialysis and Renal Disease Management","A compendium of gene expression in normal human tissues (520 citations)
Arabidopsis HsfA1 transcription factors function as the main positive regulators in heat shock-responsive gene expression (510 citations)
Comprehensive analysis of rice DREB2-type genes that encode transcription factors involved in the expression of abiotic stress-responsive genes (460 citations)"
Thomas T. Dumitrescu,Instituto de Física Teórica,ES,"Black Holes and Theoretical Physics
Quantum Chromodynamics and Particle Interactions
Particle physics theoretical and experimental studies","Localization techniques in quantum field theories (324 citations)
Exploring 2-group global symmetries (299 citations)
Contact terms, unitarity, and F -maximization in three-dimensional superconformal theories (254 citations)"
Timothy K. Roberts,University College London,GB,"Fibromyalgia and Chronic Fatigue Syndrome Research
Reproductive System and Pregnancy
Sperm and Testicular Function","Anaplasma platys: an improved PCR for its detection in dogs (125 citations)
Blood parameters indicative of oxidative stress are associated with symptom expression in chronic fatigue syndrome (123 citations)
Effect of Low Temperature on Growth and Ultra-Structure of Staphylococcus spp (74 citations)"
Tom Johnson,University Hospitals Bristol and Weston NHS Foundation Trust,GB,"Coronary Interventions and Diagnostics
Cardiac Imaging and Diagnostics
Acute Myocardial Infarction Research","Clinical use of intracoronary imaging. Part 1: guidance and optimization of coronary interventions. An expert consensus document of the European Association of Percutaneous Cardiovascular Interventions (758 citations)
European Society of Cardiology, acute cardiovascular care association, SCAD study group: a position paper on spontaneous coronary artery dissection (688 citations)
Optical coherence tomography in coronary atherosclerosis assessment and intervention (421 citations)"
Vasily Pestun,,,"Black Holes and Theoretical Physics
Algebraic structures and combinatorial models
Noncommutative and Quantum Gravity Theories","Localization of gauge theory on a four-sphere and supersymmetric Wilson loops (967 citations)
Localization techniques in quantum field theories (324 citations)
Seiberg-Witten geometry of four dimensional N=2 quiver gauge theories (139 citations)"
Alexander Beilinson,University of Chicago,US,"Algebraic Geometry and Number Theory
Advanced Algebra and Geometry
Algebraic structures and combinatorial models","Koszul Duality Patterns in Representation Theory (1016 citations)
Higher regulators and values of L-functions (467 citations)
A proof of Jantzen conjectures (343 citations)"
Alexander Beilinson,University of Chicago,US,"Algebraic Geometry and Number Theory
Advanced Algebra and Geometry
Algebraic structures and combinatorial models","Koszul Duality Patterns in Representation Theory (1016 citations)
Higher regulators and values of L-functions (467 citations)
A proof of Jantzen conjectures (343 citations)"
Alexander Varchenko,,,"Algebraic structures and combinatorial models
Nonlinear Waves and Solitons
Advanced Topics in Algebra","Singularities of Differentiable Maps (1127 citations)
Arrangements of hyperplanes and Lie algebra homology (399 citations)
Zeta-function of monodromy and Newton's diagram (245 citations)"
Boris Feigin,Hebrew University of Jerusalem,IL,"Algebraic structures and combinatorial models
Advanced Topics in Algebra
Nonlinear Waves and Solitons","Invariant skew-symmetric differential operators on the line and Verma modules over the Virasoro algebra (371 citations)
AFFINE KAC-MOODY ALGEBRAS AT THE CRITICAL LEVEL AND GELFAND-DIKII ALGEBRAS (318 citations)
Gaudin model, Bethe Ansatz and critical level (303 citations)"
Eckart Viehweg,,,"Algebraic Geometry and Number Theory
Advanced Algebra and Geometry
Geometry and complex manifolds","Lectures on Vanishing Theorems (574 citations)
Quasi-projective Moduli for Polarized Manifolds (306 citations)
Weak Positivity and the Additivity of the Kodaira Dimension for Certain Fibre Spaces (208 citations)"
Fyodor Malikov,,,"Algebraic structures and combinatorial models
Advanced Topics in Algebra
Advanced Algebra and Geometry","Singular vectors in Verma modules over Kac—Moody algebras (97 citations)
Gerbes of chiral differential operators. II. Vertex algebroids (77 citations)
Gerbes of Chiral Differential Operators. III (73 citations)"
Hiroaki Terao,Hokkaido University,JP,"Advanced Combinatorial Mathematics
Algebraic structures and combinatorial models
graph theory and CDMA systems","Arrangements of Hyperplanes (1433 citations)
Arrangements of hyperplanes and their freeness I (196 citations)
Generalized exponents of a free arrangement of hyperplanes and Shepherd-Todd-Brieskorn formula (190 citations)"
Hélène Esnault,Freie Universität Berlin,DE,"Algebraic Geometry and Number Theory
Advanced Algebra and Geometry
Homotopy and Cohomology in Algebraic Topology","Lectures on Vanishing Theorems (574 citations)
On motives associated to graph polynomials (212 citations)
Cohomology of local systems on the complement of hyperplanes (141 citations)"
H�l�ne Esnault,University of Duisburg-Essen,DE,"Algebraic Geometry and Number Theory
Advanced Algebra and Geometry
Advanced Topics in Algebra","Logarithmic de Rham complexes and vanishing theorems (167 citations)
Cohomology of local systems on the complement of hyperplanes (111 citations)
An additive version of higher Chow groups (66 citations)"
Michael Finkelberg,National Library of Israel,IL,"Algebraic structures and combinatorial models
Advanced Algebra and Geometry
Advanced Topics in Algebra","Towards a mathematical definition of Coulomb branches of $3$-dimensional $\mathcal{N} = 4$ gauge theories, II (185 citations)
An equivalence of fusion categories (144 citations)
Coulomb branches of $3d$ $\mathcal{N}=4$ quiver gauge theories and slices in the affine Grassmannian (114 citations)"
Richárd Rimányi,,,"Algebraic structures and combinatorial models
Advanced Combinatorial Mathematics
Advanced Algebra and Geometry","The braid-permutation group (209 citations)
Thom polynomials, symmetries and incidences of singularities (84 citations)
Pontrjagin–thom-type construction for maps with singularities (65 citations)"
Robert MacPherson,Institute for Advanced Study,US,"Homotopy and Cohomology in Algebraic Topology
Advanced Algebra and Geometry
Topological and Geometric Data Analysis","Equivariant cohomology, Koszul duality, and the localization theorem (706 citations)
Stratified Morse Theory (692 citations)
Chern Classes for Singular Algebraic Varieties (552 citations)"
Roman Bezrukavnikov,Chinese University of Hong Kong,HK,"Algebraic structures and combinatorial models
Advanced Algebra and Geometry
Advanced Topics in Algebra","Parabolic induction and restriction functors for rational Cherednik algebras (136 citations)
Quantum groups, the loop Grassmannian, and the Springer resolution (135 citations)
Localization of modules for a semisimple Lie algebra in prime characteristic (135 citations)"
V. A. Hinich,,,"Algebraic structures and combinatorial models
Advanced Topics in Algebra
Homotopy and Cohomology in Algebraic Topology","On homotopy limit of homotopy algebras (39 citations)
Geometry of a category of complexes and algebraic K-theory (21 citations)"
Kirill V. Tarasov,National Institutes of Health,US,"Cardiac electrophysiology and arrhythmias
Receptor Mechanisms and Signaling
Congenital heart defects research","Brain oedema in focal ischaemia: molecular pathophysiology and theoretical implications (796 citations)
Nestin expression ? a property of multi-lineage progenitor cells? (626 citations)
Newly expressed SUR1-regulated NCCa-ATP channel mediates cerebral edema after ischemic stroke (456 citations)"
V.A. Ginsburg,,,"Algebraic structures and combinatorial models
Homotopy and Cohomology in Algebraic Topology
Advanced Topics in Algebra",Koszul duality (68 citations)
Vassily Gorbounov,National Research University Higher School of Economics,RU,"Algebraic structures and combinatorial models
Advanced Topics in Algebra
Advanced Algebra and Geometry","Gerbes of chiral differential operators. II. Vertex algebroids (77 citations)
Gerbes of Chiral Differential Operators. III (73 citations)
Quantum integrability and generalised quantum Schubert calculus (55 citations)"
A.A. Batalshchikov,,,"Random Matrices and Applications
Matrix Theory and Algorithms
Spectral Theory in Mathematical Physics","Asymptotics of eigenvalues of symmetric Toeplitz band matrices (20 citations)
Asymptotics of eigenvalues of large symmetric Toeplitz matrices with smooth simple-loop symbols (9 citations)
Asymptotics of Eigenvectors of Large Symmetric Banded Toeplitz Matrices (9 citations)"
Andrey Mudrov,Moscow Institute of Physics and Technology,RU,"Algebraic structures and combinatorial models
Advanced Topics in Algebra
Advanced Algebra and Geometry","Extended Jordanian twists for Lie algebras (125 citations)
On a Universal Solution to the Reflection Equation (49 citations)
Explicit Equivariant Quantization on Coadjoint Orbits of GL(n, C) (44 citations)"
Mohammed R. Algethami,University of Jeddah,SA,"Diabetes, Cardiovascular Risks, and Lipoproteins
Lipoproteins and Cardiovascular Health
Herpesvirus Infections and Treatments","Assessment of Knowledge of Monkeypox Viral Infection among the General Population in Saudi Arabia (176 citations)
Knowledge and Attitude Regarding Monkeypox Virus among Physicians in Saudi Arabia: A Cross-Sectional Study (97 citations)
Negative Appendectomy Rate and Risk Factors That Influence Improper Diagnosis at King Abdulaziz University Hospital (45 citations)"
Enrique Ramírez de Arellano,Emory University,US,"Holomorphic and Operator Theory
Algebraic and Geometric Analysis
Advanced Topics in Algebra","Prostate visualization studies in males homozygous and heterozygous for 5 alpha-reductase deficiency. (143 citations)
Ein Divisionsproblem und Randintegraldarstellungen in der komplexen Analysis (107 citations)
Distal lower extremity arteries: evaluation with two-dimensional MR digital subtraction angiography. (71 citations)"
I.S. Malisheva,Southern Federal University,RU,"Spectral Theory in Mathematical Physics
Advanced Algebra and Geometry
Random Matrices and Applications","Asymptotics of eigenvalues of large symmetric Toeplitz matrices with smooth simple-loop symbols (9 citations)
Asymptotics of eigenvalues of large symmetric Toeplitz matrices with smooth simple-loop symbols (0 citations)"
S.S. Mihalkovich,Southern Federal University,RU,"Spectral Theory in Mathematical Physics
Advanced Algebra and Geometry
Random Matrices and Applications","Asymptotics of eigenvalues of large symmetric Toeplitz matrices with smooth simple-loop symbols (9 citations)
Asymptotics of eigenvalues of large symmetric Toeplitz matrices with smooth simple-loop symbols (0 citations)"
Serge Levendorskiǐ,,,"Advanced Mathematical Modeling in Engineering
Spectral Theory in Mathematical Physics
Numerical methods in inverse problems","Algebras of functions on compact quantum groups, Schubert cells and quantum tori (173 citations)
Irreversible Decisions under Uncertainty: Optimal Stopping Made Easy (82 citations)
The quantum Weyl group and the universal quantumR-matrix for affine lie algebraA 1 (1) (58 citations)"
Sergei M. Grudsky,Centro de Investigación y de Estudios Avanzados del Instituto Politécnico Nacional,MX,"Matrix Theory and Algorithms
Holomorphic and Operator Theory
Spectral Theory in Mathematical Physics","Spectral Properties of Banded Toeplitz Matrices (429 citations)
Toeplitz Matrices, Asymptotic Linear Algebra, and Functional Analysis (107 citations)
Toeplitz Matrices, Asymptotic Linear Algebra and Functional Analysis (101 citations)"
Vasilii Dmitrievich Volkov,Moscow Aviation Institute,RU,"Nonlinear Waves and Solitons
Algebraic structures and combinatorial models
Advanced Topics in Algebra","Affine super-Yangian and a quantum Weyl groupoid (2 citations)
Аффинный суперянгиан и квантовый группоид Вейля (0 citations)"
Alessandro Tomasiello,University of Milano-Bicocca,IT,"Black Holes and Theoretical Physics
Cosmology and Gravitation Theories
Noncommutative and Quantum Gravity Theories","Generalized structures of Script N = 1 vacua (325 citations)
Supersymmetric backgrounds from generalized Calabi-Yau manifolds (316 citations)
A scan for new Script N = 1 vacua on twisted tori (247 citations)"
Bhushan Shrestha,,,"Fungal Biology and Applications
Mycorrhizal Fungi and Plant Interactions
Entomopathogenic Microorganisms in Pest Control","Phylogenetic classification of Cordyceps and the clavicipitaceous fungi (1078 citations)
Finding needles in haystacks: linking scientific names, reference specimens and molecular data for Fungi (487 citations)
A phylogenetically-based nomenclature for Cordycipitaceae (Hypocreales) (342 citations)"
Chen-Pin Yeh,"National Center for Theoretical Sciences, Physics Division",,"Cosmology and Gravitation Theories
Black Holes and Theoretical Physics
Particle physics theoretical and experimental studies","Towards a holographic model of D -wave superconductors (128 citations)
Holographic framework for eternal inflation (118 citations)
Future foam: Nontrivial topology from bubble collisions in eternal inflation (27 citations)"
Chiun‐Cheng Ko,,,"Insect-Plant Interactions and Control
Hemiptera Insect Studies
Phytoplasmas and Hemiptera pathogens","Loop‐mediated isothermal amplification for rapid identification of biotypes B and Q of the globally invasive pest Bemisia tabaci , and studying population dynamics (43 citations)
Analysis of Bemisia tabaci (Hemiptera: Aleyrodidae) Species Complex and Distribution in Eastern Asia Based on Mitochondrial DNA Markers (37 citations)
Evidence from Molecular Markers and Population Genetic Analyses Suggests Recent Invasions of the Western North Pacific Region by Biotypes B and Q of Bemisia tabaci (Gennadius) (33 citations)"
Feng-Li Lin,National Taiwan Normal University,TW,"Cosmology and Gravitation Theories
Pulsars and Gravitational Waves Research
Black Holes and Theoretical Physics","GWTC-1: A Gravitational-Wave Transient Catalog of Compact Binary Mergers Observed by LIGO and Virgo during the First and Second Observing Runs (3658 citations)
GWTC-3: Compact Binary Coalescences Observed by LIGO and Virgo during the Second Part of the Third Observing Run (1778 citations)
Population of Merging Compact Binaries Inferred Using Gravitational Waves through GWTC-3 (926 citations)"
Hiran A. Ariyawansa,National Taiwan University,TW,"Plant Pathogens and Fungal Diseases
Mycorrhizal Fungi and Plant Interactions
Yeasts and Rust Fungi Studies","Fungal diversity notes 111–252—taxonomic and phylogenetic contributions to fungal taxa (758 citations)
The Faces of Fungi database: fungal names linked with morphology, phylogeny and human impacts (729 citations)
Families of Dothideomycetes (728 citations)"
Janet Jennifer Luangsa-ard,National Center for Genetic Engineering and Biotechnology,TH,"Plant Pathogens and Fungal Diseases
Mycorrhizal Fungi and Plant Interactions
Entomopathogenic Microorganisms in Pest Control","Nuclear ribosomal internal transcribed spacer (ITS) region as a universal DNA barcode marker for Fungi (5223 citations)
Phylogenetic classification of Cordyceps and the clavicipitaceous fungi (1078 citations)
Fungal diversity notes 111–252—taxonomic and phylogenetic contributions to fungal taxa (758 citations)"
June C. Lo,,,"Sleep and related disorders
Sleep and Wakefulness Research
Sleep and Work-Related Fatigue","Effects of insufficient sleep on circadian rhythmicity and expression amplitude of the human blood transcriptome (592 citations)
PER3 Polymorphism Predicts Sleep Structure and Waking Performance (528 citations)
Cognitive Performance, Sleepiness, and Mood in Partially Sleep Deprived Adolescents: The Need for Sleep Study (450 citations)"
Marc Stadler,Technische Universität Braunschweig,DE,"Plant Pathogens and Fungal Diseases
Fungal Biology and Applications
Microbial Natural Products and Biosynthesis","Natural products in drug discovery: advances and opportunities (5348 citations)
Towards the sustainable discovery and development of new antibiotics (1189 citations)
The amazing potential of fungi: 50 ways we can exploit fungi industrially (823 citations)"
S. S. Tzean,National Taiwan University,TW,"Plant Pathogens and Fungal Diseases
Mycorrhizal Fungi and Plant Interactions
Yeasts and Rust Fungi Studies","Diversity and pathogenicity of Colletotrichum species causing strawberry anthracnose in Taiwan and description of a new species, Colletotrichum miaoliense sp. nov. (90 citations)
Esteya, a new nematophagous genus from Taiwan, attacking the pinewood nematode (Bursaphelenchus xylophilus) (75 citations)
Nematophagous Resupinate Basidiomycetous Fungi (63 citations)"
Stewart C. Wang,University of Michigan,US,"Nutrition and Health in Aging
Automotive and Human Injury Biomechanics
Immune Response and Inflammation","Molecular cloning and expression of inducible nitric oxide synthase from human hepatocytes. (833 citations)
Sarcopenia and Mortality after Liver Transplantation (768 citations)
Cytokines, endotoxin, and glucocorticoids regulate the expression of inducible nitric oxide synthase in hepatocytes. (672 citations)"
Satoshi Nawata,,,"Algebraic structures and combinatorial models
Black Holes and Theoretical Physics
Homotopy and Cohomology in Algebraic Topology","Dijet Signals for Low Mass Strings at the Large Hadron Collider (128 citations)
LHC phenomenology for string hunters (72 citations)
COLORED HOMFLY POLYNOMIALS FROM CHERN–SIMONS THEORY (66 citations)"
Shamit Kachru,,,"Black Holes and Theoretical Physics
Cosmology and Gravitation Theories
Particle physics theoretical and experimental studies","de Sitter vacua in string theory (3367 citations)
Hierarchies from fluxes in string compactifications (2024 citations)
Towards inflation in string theory (1284 citations)"
Shipher Wu,"Biodiversity Research Center, Academia Sinica",TW,"Lepidoptera: Biology and Taxonomy
Plant and animal studies
Species Distribution and Climate Change","Artificial intelligence reveals environmental constraints on colour diversity in insects (30 citations)
The fauna of the family Bombycidae sensu lato (Insecta, Lepidoptera, Bombycoidea) from Mainland China, Taiwan and Hainan Islands The fauna of the family Bombycidae sensu lato (Insecta, Lepidoptera, Bombycoidea) from Mainland China, Taiwan and Hainan Islands (23 citations)
In vitro inferred interactions of selected entomopathogenic fungi from Taiwan and eggs of Meloidogyne graminicola (19 citations)"
Shoichi Kawamoto,Osaka City University,JP,"Black Holes and Theoretical Physics
Cosmology and Gravitation Theories
Noncommutative and Quantum Gravity Theories","Small deformations of supersymmetric Wilson loops and open spin-chains (133 citations)
Mean field approximation of IIB matrix model and emergence of four-dimensional space–time (108 citations)
Improved Perturbation Theory and Four-Dimensional Space-Time in the IIB Matrix Model (63 citations)"
Shou-Huang Dai,Southern Taiwan University of Science and Technology,TW,"Black Holes and Theoretical Physics
Cosmology and Gravitation Theories
Noncommutative and Quantum Gravity Theories","Dynamical instability of holographic QCD at finite density (22 citations)
Towards searching for entangled photons in the CMB sky (14 citations)
Strong coupling expansion of the entanglement entropy of Yang-Mills gauge theories (13 citations)"
Sung‐Yuan Hsieh,,,"Plant Pathogens and Fungal Diseases
Microbial Natural Products and Biosynthesis
Fungal Biology and Applications","Necroptosis promotes autophagy-dependent upregulation of DAMP and results in immunosurveillance (100 citations)
Identification of the mokH Gene Encoding Transcription Factor for the Upregulation of Monacolin K Biosynthesis in Monascus pilosus (75 citations)
Inhibitory Effects of Constituents of an Endophytic Fungus Hypoxylon investiens on Nitric Oxide and Interleukin‐6 Production in RAW264.7 Macrophages (35 citations)"
Ju Shen,University of Dayton,US,"Advanced Vision and Imaging
Mobile Ad Hoc Networks
Human Pose and Action Recognition","Deep Learning-based Human Pose Estimation: A Survey (663 citations)
Attention Mechanism Exploits Temporal Contexts: Real-Time 3D Human Pose Reconstruction (273 citations)
Layer Depth Denoising and Completion for Structured-Light RGB-D Cameras (137 citations)"
Wu Manling,University of Pennsylvania,US,"Plant Pathogens and Fungal Diseases
Sensorless Control of Electric Motors
Legal and Regulatory Analysis","Extracellular vesicles: emerging anti-cancer drugs and advanced functionalization platforms for cancer therapy (60 citations)
Phylogenetic diversity and morphological characterization of cordycipitaceous species in Taiwan (16 citations)
Global prescribed performance control for lane-keeping of automated vehicles considering input saturation (10 citations)"
Y. Zhang,Tsinghua University,CN,"Particle physics theoretical and experimental studies
Quantum Chromodynamics and Particle Interactions
High-Energy Particle Collisions Research","Electric Field Effect in Atomically Thin Carbon Films (66800 citations)
Experimental and theoretical challenges in the search for the quark–gluon plasma: The STAR Collaboration's critical assessment of the evidence from RHIC collisions (3418 citations)
Observation of J / ψ p Resonances Consistent with Pentaquark States in Λ b 0 → J / ψ K − p Decays (1306 citations)"
Ping Liu,Yellow River Institute of Hydraulic Research,CN,"Liver Disease Diagnosis and Treatment
Liver physiology and pathology
Drug-Induced Hepatotoxicity and Protection","Antibody responses to SARS-CoV-2 in patients with COVID-19 (3118 citations)
Comparison and assimilation of global soil moisture retrievals from the Advanced Microwave Scanning Radiometer for the Earth Observing System (AMSR‐E) and the Scanning Multichannel Microwave Radiometer (SMMR) (380 citations)
Serum and Urine Metabolite Profiling Reveals Potential Biomarkers of Human Hepatocellular Carcinoma (369 citations)"
Ashok Balasubramanyam,Baylor College of Medicine,US,"Diabetes and associated disorders
Pancreatic function and diabetes
Diabetes Management and Research","Glutathione Synthesis Is Diminished in Patients With Uncontrolled Diabetes and Restored by Dietary Supplementation With Cysteine and Glycine (408 citations)
Deficient synthesis of glutathione underlies oxidative stress in aging and can be corrected by dietary cysteine and glycine supplementation (332 citations)
Large-Scale Gene-Centric Meta-Analysis across 39 Studies Identifies Type 2 Diabetes Loci (272 citations)"
A. Craig Chinault,,,"Genomic variations and chromosomal abnormalities
Chromosomal and Genetic Variations
RNA modifications and cancer","Identification of the von Hippel-Lindau Disease Tumor Suppressor Gene (3017 citations)
Charcot–Marie–Tooth type 1A duplication appears to arise from recombination at repeat sequences flanking the 1.5 Mb monomer unit (390 citations)
Differentially methylated forms of histone H3 show unique association patterns with inactive human X chromosomes (370 citations)"
Ada Hamosh,Johns Hopkins Medicine,US,"Genomics and Rare Diseases
Genomic variations and chromosomal abnormalities
Metabolism and Genetic Disorders","Online Mendelian Inheritance in Man (OMIM), a knowledgebase of human genes and genetic disorders (3547 citations)
Consensus Statement: Chromosomal Microarray Is a First-Tier Clinical Diagnostic Test for Individuals with Developmental Disabilities or Congenital Anomalies (2928 citations)
OMIM.org: Online Mendelian Inheritance in Man (OMIM®), an online catalog of human genes and genetic disorders (2796 citations)"
Adam Liebendorfer,Washington University in St. Louis,US,"Microfluidic and Bio-sensing Technologies
Innovative Microfluidic and Catalytic Techniques Innovation
Advanced biosensing and bioanalysis techniques","MARRVEL: Integration of Human and Model Organism Genetic Resources to Facilitate Functional Annotation of the Human Genome (228 citations)
Looking beyond the exome: a phenotype-first approach to molecular diagnostic resolution in rare and undiagnosed diseases (52 citations)
Distance Traveled to Head and Neck Cancer Provider: A Measure of Socioeconomic Status and Access (46 citations)"
Adithya Balasubramanian,Monash Health,AU,"Prostate Cancer Diagnosis and Treatment
Genetic Associations and Epidemiology
Sexual function and dysfunction studies","Assessing the contribution of rare variants to complex trait heritability from whole-genome sequence data (369 citations)
Exome sequencing of 457 autism families recruited online provides evidence for autism risk genes (283 citations)
Clonal haematopoiesis and risk of chronic liver disease (216 citations)"
Adriana Rebelo,Dr. John T. Macdonald Foundation,US,"Hereditary Neurological Disorders
Mitochondrial Function and Pathology
Neurological diseases and metabolism","Biallelic expansion of an intronic repeat in RFC1 is a common cause of late-onset ataxia (597 citations)
Deep Intronic FGF14 GAA Repeat Expansion in Late-Onset Cerebellar Ataxia (262 citations)
PNPLA6 mutations cause Boucher-Neuhäuser and Gordon Holmes syndromes as part of a broad neurodegenerative spectrum (228 citations)"
Agnes H. Chen,Harbor–UCLA Medical Center,US,"Lysosomal Storage Disorders Research
Glycogen Storage Diseases and Myoclonus
Carbohydrate Chemistry and Synthesis","IRF2BPL Is Associated with Neurological Phenotypes (115 citations)
Intrathecal 2-hydroxypropyl-beta-cyclodextrin in a single patient with Niemann–Pick C1 (86 citations)
Replacing the Enzyme α- l -Iduronidase at Birth Ameliorates Symptoms in the Brain and Periphery of Dogs with Mucopolysaccharidosis Type I (83 citations)"
Akiko Shimamura,Dana-Farber/Boston Children's Cancer and Blood Disorders Center,US,"Blood disorders and treatments
Immunodeficiency and Autoimmune Disorders
Acute Myeloid Leukemia Research","International Consensus Classification of Myeloid Neoplasms and Acute Leukemias: integrating morphologic, clinical, and genomic data (2876 citations)
Disease-Specific Induced Pluripotent Stem Cells (2188 citations)
Pathophysiology and management of inherited bone marrow failure syndromes (546 citations)"
Alan H. Beggs,Dana-Farber/Boston Children's Cancer and Blood Disorders Center,US,"Muscle Physiology and Disorders
Cardiomyopathy and Myosin Studies
Genomics and Rare Diseases","Genotype-Phenotype Correlation in the Long-QT Syndrome (1767 citations)
Mutations in ACTN4, encoding α-actinin-4, cause familial focal segmental glomerulosclerosis (1249 citations)
The molecular basis for Duchenne versus Becker muscular dystrophy: correlation of severity with type of deletion. (963 citations)"
Alanna E. Koehler,Clinic for Special Children,US,"Genomics and Rare Diseases
RNA and protein synthesis mechanisms
Genetics and Neurodevelopmental Disorders","MARRVEL: Integration of Human and Model Organism Genetic Resources to Facilitate Functional Annotation of the Human Genome (228 citations)
The Undiagnosed Diseases Network: Accelerating Discovery about Health and Disease (190 citations)
CODAS Syndrome Is Associated with Mutations of LONP1, Encoding Mitochondrial AAA+ Lon Protease (173 citations)"
Alecia Willis,Sequenom (United States),US,"Metabolism and Genetic Disorders
Genomics and Rare Diseases
Hearing, Cochlea, Tinnitus, Genetics","Clinical Whole-Exome Sequencing for the Diagnosis of Mendelian Disorders (2013 citations)
Molecular Findings Among Patients Referred for Clinical Whole-Exome Sequencing (1422 citations)
Functional Consequences of PRODH Missense Mutations (153 citations)"
Alessandra Maresca,Istituto delle Scienze Neurologiche di Bologna,IT,"Mitochondrial Function and Pathology
Metabolism and Genetic Disorders
ATP Synthase and ATPases Research","Efficient mitochondrial biogenesis drives incomplete penetrance in Leber’s hereditary optic neuropathy (290 citations)
OPA1 Isoforms in the Hierarchical Organization of Mitochondrial Functions (249 citations)
Pharmacological Inhibition of Necroptosis Protects from Dopaminergic Neuronal Cell Death in Parkinson’s Disease Models (243 citations)"
Alexa T. McCray,Harvard University,US,"Biomedical Text Mining and Ontologies
Semantic Web and Ontologies
Genomics and Rare Diseases","The Unified Medical Language System (1186 citations)
`Ome Sweet `Omics--A Genealogical Treasury of Words (727 citations)
The Unified Medical Language System (509 citations)"
Alexander J. Abrams,University of Pittsburgh,US,"Mitochondrial Function and Pathology
Genetics, Aging, and Longevity in Model Organisms
Genetics and Neurodevelopmental Disorders","Molecular topography of an entire nervous system (798 citations)
Mutations in SLC25A46, encoding a UGO1-like protein, cause an optic atrophy spectrum disorder (208 citations)
Treatable childhood neuronopathy caused by mutations in riboflavin transporter RFVT2 (183 citations)"
Alexander P.A. Stegmann,Maastricht University,NL,"Genomics and Rare Diseases
Genetics and Neurodevelopmental Disorders
Genomic variations and chromosomal abnormalities","Meta-analysis of 2,104 trios provides support for 10 new genes for intellectual disability (472 citations)
MAX Mutations Cause Hereditary and Sporadic Pheochromocytoma and Paraganglioma (333 citations)
Inhibition of T Cell and Promotion of Natural Killer Cell Development by the Dominant Negative Helix Loop Helix Factor Id3 (270 citations)"
Alexandra J. McCarty,University of Maryland Center for Environmental Science,US,"Marine Bivalve and Aquaculture Studies
Genomics and Rare Diseases
Ocean Acidification Effects and Responses","MARRVEL: Integration of Human and Model Organism Genetic Resources to Facilitate Functional Annotation of the Human Genome (228 citations)
The Undiagnosed Diseases Network: Accelerating Discovery about Health and Disease (190 citations)
A Syndromic Neurodevelopmental Disorder Caused by De Novo Variants in EBF3 (124 citations)"
Alfonso Caro‐Llopis,Instituto de Investigación Sanitaria La Fe,ES,"Genetics and Neurodevelopmental Disorders
Genomics and Rare Diseases
Genomic variations and chromosomal abnormalities","TAF1 Variants Are Associated with Dysmorphic Features, Intellectual Disability, and Neurological Manifestations (130 citations)
High diagnostic yield of syndromic intellectual disability by targeted next-generation sequencing (129 citations)
HUWE1 variants cause dominant X-linked intellectual disability: a clinical study of 21 patients (107 citations)"
Ali G. Gharavi,Columbia University,US,"Renal Diseases and Glomerulopathies
Renal and related cancers
Chronic Kidney Disease and Diabetes","Genetic studies of body mass index yield new insights for obesity biology (4952 citations)
New genetic loci link adipose and insulin biology to body fat distribution (1724 citations)
Molecular Mechanisms of Human Hypertension (1698 citations)"
Alice Maurel,Malaria Consortium,GB,"Pneumonia and Respiratory Infections
Respiratory viral infections research
Global Maternal and Child Health","Expanding the Spectrum of BAF-Related Disorders: De Novo Variants in SMARCC2 Cause a Syndrome with Intellectual Disability and Developmental Delay (94 citations)
Usability and acceptability of a multimodal respiratory rate and pulse oximeter device in case management of children with symptoms of pneumonia: A cross‐sectional study in Ethiopia (26 citations)
Usability and acceptability of an automated respiratory rate counter to assess childhood pneumonia in Nepal (19 citations)"
Alice S. Brooks,Erasmus MC,NL,"Genomics and Rare Diseases
Genetics and Neurodevelopmental Disorders
Genomic variations and chromosomal abnormalities","BBS10 encodes a vertebrate-specific chaperonin-like protein and is a major BBS locus (288 citations)
SYNGAP1 encephalopathy (224 citations)
The Koolen-de Vries syndrome: a phenotypic comparison of patients with a 17q21.31 microdeletion versus a KANSL1 sequence variant (191 citations)"
Alicia Braxton,Baylor Genetics,US,"Genomics and Rare Diseases
Genomic variations and chromosomal abnormalities
BRCA gene mutations in cancer","Clinical Whole-Exome Sequencing for the Diagnosis of Mendelian Disorders (2013 citations)
Molecular Findings Among Patients Referred for Clinical Whole-Exome Sequencing (1422 citations)
Use of Exome Sequencing for Infants in Intensive Care Units (439 citations)"
Aline Kolmer,Université de Strasbourg,FR,"Genetics and Neurodevelopmental Disorders
Glioma Diagnosis and Treatment
Sarcoma Diagnosis and Treatment","Mutations in signal recognition particle SRP54 cause syndromic neutropenia with Shwachman-Diamond–like features (175 citations)
ZMIZ1 Variants Cause a Syndromic Neurodevelopmental Disorder (69 citations)
ZMIZ1 Variants Cause a Syndromic Neurodevelopmental Disorder (8 citations)"
Allan Gordon,Lurie Children's Hospital,US,"Genomics and Rare Diseases
Genetic Associations and Epidemiology
Sexual function and dysfunction studies","ACMG SF v3.0 list for reporting of secondary findings in clinical exome and genome sequencing: a policy statement of the American College of Medical Genetics and Genomics (ACMG) (569 citations)
Controlled-release oxycodone relieves neuropathic pain: a randomized controlled trial in painful diabetic neuropathy (512 citations)
ACMG SF v3.2 list for reporting of secondary findings in clinical exome and genome sequencing: A policy statement of the American College of Medical Genetics and Genomics (ACMG) (444 citations)"
Alleene V. Strickland,University of Miami,US,"Hereditary Neurological Disorders
Neurological diseases and metabolism
Genetic Neurodegenerative Diseases","Genetics of Charcot-Marie-Tooth (CMT) Disease within the Frame of the Human Genome Project Success (254 citations)
Mutations in SLC25A46, encoding a UGO1-like protein, cause an optic atrophy spectrum disorder (208 citations)
Mutations in the ER-shaping protein reticulon 2 cause the axon-degenerative disorder hereditary spastic paraplegia type 12 (172 citations)"
Amber N. Pursley,Baylor College of Medicine,US,"Genomic variations and chromosomal abnormalities
Prenatal Screening and Diagnostics
Genomics and Rare Diseases","Recurrent reciprocal 1q21.1 deletions and duplications associated with microcephaly or macrocephaly and developmental and behavioral abnormalities (638 citations)
Recurrent reciprocal 16p11.2 rearrangements associated with global developmental delay, behavioural problems, dysmorphism, epilepsy, and abnormal head size (604 citations)
Parental Somatic Mosaicism Is Underrecognized and Influences Recurrence Risk of Genomic Disorders (284 citations)"
Amelia Kirby,Wake Forest University,US,"Genomics and Rare Diseases
Genomic variations and chromosomal abnormalities
Lysosomal Storage Disorders Research","Clinical Whole-Exome Sequencing for the Diagnosis of Mendelian Disorders (2013 citations)
Non-coding region variants upstream of MEF2C cause severe developmental disorder through three distinct loss-of-function mechanisms (79 citations)
Natural history and genotype‐phenotype correlations in 72 individuals with SATB2 ‐associated syndrome (77 citations)"
Ana M. Claasen,Columbia University,US,"Genomics and Rare Diseases
Genetic Associations and Epidemiology
Cancer Genomics and Diagnostics","Chronotype and cellular circadian rhythms predict the clinical response to lithium maintenance treatment in patients with bipolar disorder (116 citations)
De Novo Missense Mutations in DHX30 Impair Global Translation and Cause a Neurodevelopmental Disorder (114 citations)
The Pharmacogenomics of Bipolar Disorder study (PGBD): identification of genes for lithium response in a prospective sample (77 citations)"
Anastasia L. Wise,National Institutes of Health Clinical Center,US,"Genomics and Rare Diseases
Genetic Associations and Epidemiology
Genetics and Neurodevelopmental Disorders","A Common MUC5B Promoter Polymorphism and Pulmonary Fibrosis (1225 citations)
Genomic data in the All of Us Research Program (824 citations)
Effect of Genetic Diagnosis on Patients with Previously Undiagnosed Disease (380 citations)"
Andrea Gropman,Children's National,US,"Metabolism and Genetic Disorders
Mitochondrial Function and Pathology
Genomics and Rare Diseases","Phenotype and Course of Hutchinson–Gilford Progeria Syndrome (746 citations)
Diagnosis and management of mitochondrial disease: a consensus statement from the Mitochondrial Medicine Society (623 citations)
Sequencing Chromosomal Abnormalities Reveals Neurodevelopmental Loci that Confer Risk across Diagnostic Boundaries (606 citations)"
Andrea H. Németh,Oxford University Hospitals NHS Trust,GB,"Genetic Neurodegenerative Diseases
Mitochondrial Function and Pathology
Genomics and Rare Diseases","EV-TRACK: transparent reporting and centralizing knowledge in extracellular vesicle research (1339 citations)
Evidence for 28 genetic disorders discovered by combining healthcare and research data (696 citations)
Whole-genome sequencing of patients with rare diseases in a national health system (586 citations)"
Andrea Gropman,Children's National,US,"Metabolism and Genetic Disorders
Mitochondrial Function and Pathology
Genomics and Rare Diseases","Phenotype and Course of Hutchinson–Gilford Progeria Syndrome (746 citations)
Diagnosis and management of mitochondrial disease: a consensus statement from the Mitochondrial Medicine Society (623 citations)
Sequencing Chromosomal Abnormalities Reveals Neurodevelopmental Loci that Confer Risk across Diagnostic Boundaries (606 citations)"
Andrea L. Hartzler,University of Washington Medical Center,US,"Digital Mental Health Interventions
Patient-Provider Communication in Healthcare
Mobile Health and mHealth Applications","Return of Genomic Results to Research Participants: The Floor, the Ceiling, and the Choices In Between (379 citations)
Roles and Functions of Community Health Workers in Primary Care (327 citations)
Managing the Personal Side of Health: How Patient Expertise Differs from the Expertise of Clinicians (273 citations)"
Andrea M. Lewis,,,"Genomics and Rare Diseases
Genetics and Neurodevelopmental Disorders
RNA modifications and cancer","Reanalysis of Clinical Exome Sequencing Data (306 citations)
Clinical spectrum of individuals with pathogenic N F1 missense variants affecting p.Met1149, p.Arg1276, and p.Lys1423: genotype–phenotype study in neurofibromatosis type 1 (138 citations)
The phenotypic spectrum of Schaaf-Yang syndrome: 18 new affected individuals from 14 families (121 citations)"
Andrew Carroll,Western NSW Local Health District,AU,"Genomics and Phylogenetic Studies
Genomics and Rare Diseases
Genetic Associations and Epidemiology","A global reference for human genetic variation (20396 citations)
Accurate circular consensus long-read sequencing improves variant detection and assembly of a human genome (2028 citations)
A draft human pangenome reference (1221 citations)"
Andrew D. Hershey,University of Cincinnati Medical Center,US,"Migraine and Headache Studies
Pediatric Pain Management Techniques
Ophthalmology and Eye Disorders","Three rat preprotachykinin mRNAs encode the neuropeptides substance P and neurokinin A. (654 citations)
PedMIDAS (468 citations)
Practice Parameter: Pharmacological treatment of migraine headache in children and adolescents [RETIRED] (447 citations)"
Andrew M. Glazer,Vanderbilt University Medical Center,US,"Cardiac electrophysiology and arrhythmias
Genomics and Rare Diseases
Ion channel regulation and function","Phenotype risk scores identify patients with unrecognized Mendelian disease patterns (246 citations)
Clinical and Biological Insights Into Combined Post- and Pre-Capillary Pulmonary Hypertension (210 citations)
Early-Onset Atrial Fibrillation and the Prevalence of Rare Variants in Cardiomyopathy and Arrhythmia Genes (187 citations)"
Andrew R. Ghazi,Lemuel Shattuck Hospital,US,"Gut microbiota and health
Bioinformatics and Genomic Networks
Gene expression and cancer classification","Use of Exome Sequencing for Infants in Intensive Care Units (439 citations)
Reanalysis of Clinical Exome Sequencing Data (306 citations)
Strain-specific gut microbial signatures in type 2 diabetes identified in a cross-cohort analysis of 8,117 metagenomes (118 citations)"
Angela Jones,Vanderbilt University Medical Center,US,"Genetic factors in colorectal cancer
Cancer Genomics and Diagnostics
Epigenetics and DNA Methylation","Genome-wide Analyses Identify KIF5A as a Novel ALS Gene (725 citations)
Associations of Breast Cancer Risk Factors With Tumor Subtypes: A Pooled Analysis From the Breast Cancer Association Consortium Studies (717 citations)
Geospatial Resolution of Human and Bacterial Diversity with City-Scale Metagenomics (368 citations)"
Angela Jones,Vanderbilt University Medical Center,US,"Genetic factors in colorectal cancer
Cancer Genomics and Diagnostics
Epigenetics and DNA Methylation","Genome-wide Analyses Identify KIF5A as a Novel ALS Gene (725 citations)
Associations of Breast Cancer Risk Factors With Tumor Subtypes: A Pooled Analysis From the Breast Cancer Association Consortium Studies (717 citations)
Geospatial Resolution of Human and Bacterial Diversity with City-Scale Metagenomics (368 citations)"
Angus A. Wilfong,Barrow Neurological Institute,US,"Epilepsy research and treatment
Pharmacological Effects and Toxicity Studies
Neurological disorders and treatments","Cannabidiol in patients with treatment-resistant epilepsy: an open-label interventional trial (906 citations)
Cannabidiol in patients with seizures associated with Lennox-Gastaut syndrome (GWPCARE4): a randomised, double-blind, placebo-controlled phase 3 trial (902 citations)
Adjunctive perampanel for refractory partial-onset seizures (480 citations)"
Angélique Pichot,Université de Strasbourg,FR,"Immune Cell Function and Interaction
Inflammasome and immune disorders
Cancer Cells and Metastasis","Hemodynamic Forces Tune the Arrest, Adhesion, and Extravasation of Circulating Tumor Cells (343 citations)
Mutations in signal recognition particle SRP54 cause syndromic neutropenia with Shwachman-Diamond–like features (175 citations)
Identification of driver genes for critical forms of COVID-19 in a deeply phenotyped young patient cohort (129 citations)"
Ani Dillon,,,"RNA regulation and disease
Mitochondrial Function and Pathology
RNA and protein synthesis mechanisms","IRF2BPL Is Associated with Neurological Phenotypes (115 citations)
Biallelic Mutations in ATP5F1D, which Encodes a Subunit of ATP Synthase, Cause a Metabolic Disorder (108 citations)
Expanding the Spectrum of BAF-Related Disorders: De Novo Variants in SMARCC2 Cause a Syndrome with Intellectual Disability and Developmental Delay (94 citations)"
Ankita Patel,Gujarat University,IN,"Genomic variations and chromosomal abnormalities
Prenatal Screening and Diagnostics
Genomics and Rare Diseases","Technical standards for the interpretation and reporting of constitutional copy-number variants: a joint consensus recommendation of the American College of Medical Genetics and Genomics (ACMG) and the Clinical Genome Resource (ClinGen) (1844 citations)
Chromosomal Microarray versus Karyotyping for Prenatal Diagnosis (1438 citations)
Molecular Findings Among Patients Referred for Clinical Whole-Exome Sequencing (1422 citations)"
Anna Bican,,,"Genomics and Rare Diseases
Genetics and Neurodevelopmental Disorders
Cellular transport and secretion","MARRVEL: Integration of Human and Model Organism Genetic Resources to Facilitate Functional Annotation of the Human Genome (228 citations)
The Undiagnosed Diseases Network: Accelerating Discovery about Health and Disease (190 citations)
IRF2BPL Is Associated with Neurological Phenotypes (115 citations)"
Anne Chun‐Hui Tsai,University of Chicago,US,"Genetics and Neurodevelopmental Disorders
Genomic variations and chromosomal abnormalities
Genomics and Rare Diseases","Phenotypic spectrum and genotype–phenotype correlations of NRXN1 exon deletions (121 citations)
A dyadic approach to the delineation of diagnostic entities in clinical genomics (116 citations)
Mutations in PURA Cause Profound Neonatal Hypotonia, Seizures, and Encephalopathy in 5q31.3 Microdeletion Syndrome (115 citations)"
Anne E. Justice,Geisinger Health System,US,"Genetic Associations and Epidemiology
Nutrition, Genetics, and Disease
Genetic Mapping and Diversity in Plants and Animals","Genetic studies of body mass index yield new insights for obesity biology (4952 citations)
Defining the role of common variation in the genomic and biological architecture of adult human height (2113 citations)
New genetic loci link adipose and insulin biology to body fat distribution (1724 citations)"
Shang‐Yi Tsai,National Institute on Drug Abuse,US,"Pharmacological Receptor Mechanisms and Effects
Tryptophan and brain disorders
Neuroscience and Neuropharmacology Research","The Sigma-1 Receptor as a Pluripotent Modulator in Living Systems (316 citations)
Targeting ligand-operated chaperone sigma-1 receptors in the treatment of neuropsychiatric disorders (203 citations)
Sigma-1 receptors regulate hippocampal dendritic spine formation via a free radical-sensitive mechanism involving Rac1·GTP pathway (156 citations)"
Anne Turner,Medical Research Institute of New Zealand,NZ,"COVID-19 Clinical Research Studies
Sepsis Diagnosis and Treatment
SARS-CoV-2 and COVID-19 Research","Effect of Hydrocortisone on Mortality and Organ Support in Patients With Severe COVID-19 (894 citations)
Association Between Administration of IL-6 Antagonists and Mortality Among Patients Hospitalized for COVID-19 (731 citations)
De novo mutations of SETBP1 cause Schinzel-Giedion syndrome (509 citations)"
Anne‐Laure Mosca‐Boidron,Laboratoire de Génétique Cellulaire,FR,"Genetics and Neurodevelopmental Disorders
Genomics and Rare Diseases
Genomic variations and chromosomal abnormalities","Clinical whole-exome sequencing for the diagnosis of rare disorders with congenital anomalies and/or intellectual disability: substantial interest of prospective annual reanalysis (199 citations)
Mutations in signal recognition particle SRP54 cause syndromic neutropenia with Shwachman-Diamond–like features (175 citations)
Disruption of the ATXN1–CIC complex causes a spectrum of neurobehavioral phenotypes in mice and humans (158 citations)"
Annika M. Dries,"University of California, Los Angeles",US,"Genomics and Rare Diseases
Cardiomyopathy and Myosin Studies
Genetics and Neurodevelopmental Disorders","Effect of Moderate-Intensity Exercise Training on Peak Oxygen Consumption in Patients With Hypertrophic Cardiomyopathy (245 citations)
MARRVEL: Integration of Human and Model Organism Genetic Resources to Facilitate Functional Annotation of the Human Genome (228 citations)
The Undiagnosed Diseases Network: Accelerating Discovery about Health and Disease (190 citations)"
Anthony Antonellis,University of Michigan,US,"RNA Research and Splicing
RNA and protein synthesis mechanisms
Hereditary Neurological Disorders","Mutations in NEUROD1 are associated with the development of type 2 diabetes mellitus (626 citations)
Glycyl tRNA Synthetase Mutations in Charcot-Marie-Tooth Disease Type 2D and Distal Spinal Muscular Atrophy Type V (568 citations)
The Role of Aminoacyl-tRNA Synthetases in Genetic Diseases (310 citations)"
Antoine Hanauer,Université de Strasbourg,FR,"COVID-19 Clinical Research Studies
SARS-CoV-2 and COVID-19 Research
Genetics and Neurodevelopmental Disorders","Mutations in signal recognition particle SRP54 cause syndromic neutropenia with Shwachman-Diamond–like features (175 citations)
Identification of driver genes for critical forms of COVID-19 in a deeply phenotyped young patient cohort (129 citations)
ZMIZ1 Variants Cause a Syndromic Neurodevelopmental Disorder (69 citations)"
Antonio Barrientos,Centre for Automation and Robotics,ES,"Robotic Path Planning Algorithms
Robotics and Sensor-Based Localization
Modular Robots and Swarm Intelligence","Aerial remote sensing in agriculture: A practical approach to area coverage and path planning for fleets of mini aerial robots (306 citations)
Unmanned Aerial Vehicles in Agriculture: A Survey (246 citations)
A training system for Industry 4.0 operators in complex assemblies based on virtual reality and process mining (211 citations)"
Anya Revah‐Politi,Columbia University Irving Medical Center,US,"Genomics and Rare Diseases
Genetics and Neurodevelopmental Disorders
RNA Research and Splicing","Causal Genetic Variants in Stillbirth (141 citations)
De Novo Missense Mutations in DHX30 Impair Global Translation and Cause a Neurodevelopmental Disorder (114 citations)
Mutations in TOP3A Cause a Bloom Syndrome-like Disorder (101 citations)"
Apostolos Psychogios,West Virginia University Hospitals,US,"Genomics and Rare Diseases
Genetics and Neurodevelopmental Disorders
Connective tissue disorders research","Genetic Testing for Dilated Cardiomyopathy in Clinical Practice (163 citations)
POGZ truncating alleles cause syndromic intellectual disability (109 citations)
Hereditary disorders of connective tissue: A guide to the emerging differential diagnosis (76 citations)"
Aram Comjean,Boston VA Research Institute,US,"Bioinformatics and Genomic Networks
Invertebrate Immune Response Mechanisms
Neurobiology and Insect Physiology Research","A cell atlas of the adult Drosophila midgut (311 citations)
MARRVEL: Integration of Human and Model Organism Genetic Resources to Facilitate Functional Annotation of the Human Genome (228 citations)
A single-cell survey of Drosophila blood (216 citations)"
Areeg El‐Gharbawy,Duke Medical Center,US,"Glycogen Storage Diseases and Myoclonus
Metabolism and Genetic Disorders
Lysosomal Storage Disorders Research","Glycogen Storage Disease Type III diagnosis and management guidelines (312 citations)
Glycogen metabolism and glycogen storage disorders (206 citations)
Diagnosis and management of glycogen storage diseases type VI and IX: a clinical practice resource of the American College of Medical Genetics and Genomics (ACMG) (140 citations)"
Arezou A. Ghazani,Harvard University,US,"Cancer Genomics and Diagnostics
Pancreatic and Hepatic Oncology Research
Genomics and Rare Diseases","Determining the Size and Shape Dependence of Gold Nanoparticle Uptake into Mammalian Cells (4877 citations)
Assessing the Effect of Surface Chemistry on Gold Nanorod Uptake, Toxicity, and Gene Expression in Mammalian Cells (692 citations)
Performance of ACMG-AMP Variant-Interpretation Guidelines among Nine Laboratories in the Clinical Sequencing Exploratory Research Consortium (590 citations)"
Arie van Haeringen,Leiden University Medical Center,NL,"Genomic variations and chromosomal abnormalities
Genomics and Rare Diseases
Genetics and Neurodevelopmental Disorders","Heterozygous Germline Mutations in the p53 Homolog p63 Are the Cause of EEC Syndrome (717 citations)
Targeted sequencing identifies 91 neurodevelopmental-disorder risk genes with autism and developmental-disability biases (590 citations)
Mutations in genes encoding subunits of RNA polymerases I and III cause Treacher Collins syndrome (375 citations)"
Ariel F. Martinez,,,"Hedgehog Signaling Pathway Studies
Genomic variations and chromosomal abnormalities
Attention Deficit Hyperactivity Disorder","Influence of immunogenicity on the efficacy of long-term treatment with infliximab in rheumatoid arthritis (257 citations)
De Novo Mutations in CHD4 , an ATP-Dependent Chromatin Remodeler Gene, Cause an Intellectual Disability Syndrome with Distinctive Dysmorphisms (158 citations)
Multiple genes encode the major surface glycoprotein of Pneumocystis carinii. (146 citations)"
Ascia Eskin,"University of California, Los Angeles",US,"Heat shock proteins research
Genetic and Kidney Cyst Diseases
Glioma Diagnosis and Treatment","Targeted Therapy Resistance Mediated by Dynamic Regulation of Extrachromosomal Mutant EGFR DNA (715 citations)
Gene Expression Profile Correlates with T-Cell Infiltration and Relative Survival in Glioblastoma Patients Vaccinated with Dendritic Cell Immunotherapy (461 citations)
U87MG Decoded: The Genomic Sequence of a Cytogenetically Aberrant Human Cancer Cell Line (309 citations)"
Ashok Balasubramanyam,Baylor College of Medicine,US,"Diabetes and associated disorders
Pancreatic function and diabetes
Diabetes Management and Research","Glutathione Synthesis Is Diminished in Patients With Uncontrolled Diabetes and Restored by Dietary Supplementation With Cysteine and Glycine (408 citations)
Deficient synthesis of glutathione underlies oxidative stress in aging and can be corrected by dietary cysteine and glycine supplementation (332 citations)
Large-Scale Gene-Centric Meta-Analysis across 39 Studies Identifies Type 2 Diabetes Loci (272 citations)"
Audrey Grain,Centre Hospitalier Universitaire de Nantes,FR,"Acute Lymphoblastic Leukemia research
CAR-T cell therapy research
Acute Myeloid Leukemia Research","Genome-edited, donor-derived allogeneic anti-CD19 chimeric antigen receptor T cells in paediatric and adult B-cell acute lymphoblastic leukaemia: results of two phase 1 studies (373 citations)
Mutations in signal recognition particle SRP54 cause syndromic neutropenia with Shwachman-Diamond–like features (175 citations)
Determinants of CD19-positive vs CD19-negative relapse after tisagenlecleucel for B-cell acute lymphoblastic leukemia (158 citations)"
Aurore Morlon,Université de Strasbourg,FR,"Immune Cell Function and Interaction
Hematopoietic Stem Cell Transplantation
T-cell and B-cell Immunology","Mutations in signal recognition particle SRP54 cause syndromic neutropenia with Shwachman-Diamond–like features (175 citations)
The LIM-only protein FHL2 is a serum-inducible transcriptional coactivator of AP-1 (125 citations)
TAB2, TRAF6 and TAK1 are involved in NF-κB activation induced by the TNF-receptor, Edar and its adaptator Edaradd (108 citations)"
Babak Behnam,Avalon Pharma (United States),US,"Sperm and Testicular Function
Mitochondrial Function and Pathology
Cancer Cells and Metastasis","Global incidence, prevalence, years lived with disability (YLDs), disability-adjusted life-years (DALYs), and healthy life expectancy (HALE) for 371 diseases and injuries in 204 countries and territories and 811 subnational locations, 1990–2021: a systematic analysis for the Global Burden of Disease Study 2021 (4897 citations)
Global, regional, and national burden of disorders affecting the nervous system, 1990–2021: a systematic analysis for the Global Burden of Disease Study 2021 (1954 citations)
Global, regional, and national burden of stroke and its risk factors, 1990–2021: a systematic analysis for the Global Burden of Disease Study 2021 (1552 citations)"
Baili Zhang,Southeast University,CN,"Radiomics and Machine Learning in Medical Imaging
Colorectal Cancer Treatments and Studies
Genetic factors in colorectal cancer","Truncating mutations of MAGEL2 cause Prader-Willi phenotypes and autism (309 citations)
Immune evolution from preneoplasia to invasive lung adenocarcinomas and underlying molecular features (144 citations)
Genome-Wide Hypomethylation in Head and Neck Cancer Is More Pronounced in HPV-Negative Tumors and Is Associated with Genomic Instability (137 citations)"
Barbara A. Boggs,Carilion Clinic,US,"Genomics and Chromatin Dynamics
Microtubule and mitosis dynamics
Epigenetics and DNA Methylation","Differentially methylated forms of histone H3 show unique association patterns with inactive human X chromosomes (370 citations)
20p12.3 microdeletion predisposes to Wolff–Parkinson–White syndrome with variable neurocognitive deficits (109 citations)
Molecular diagnosis of Duchenne/Becker muscular dystrophy: enhanced detection of dystrophin gene rearrangements by oligonucleotide array-comparative genomic hybridization (95 citations)"
Barbara Benoit,Andover Eye Associates,US,"Long-Term Effects of COVID-19
Genomics and Rare Diseases
Biomedical Text Mining and Ontologies","GWAS and enrichment analyses of non-alcoholic fatty liver disease identify new trait-associated genes and pathways across eMERGE Network (207 citations)
Development and validation of a trans-ancestry polygenic risk score for type 2 diabetes in diverse populations (180 citations)
Harmonizing Clinical Sequencing and Interpretation for the eMERGE III Network (116 citations)"
Barbara J. Klanderman,Mass General Brigham,US,"Asthma and respiratory diseases
Genetic Associations and Epidemiology
Chronic Obstructive Pulmonary Disease (COPD) Research","Variants in FAM13A are associated with chronic obstructive pulmonary disease (425 citations)
MMP12, Lung Function, and COPD in High-Risk Populations (377 citations)
Genomewide Association between GLCCI1 and Response to Glucocorticoid Therapy in Asthma (368 citations)"
Barbara Wiśniowiecka‐Kowalnik,,,"Genomic variations and chromosomal abnormalities
Congenital heart defects research
Genetics and Neurodevelopmental Disorders","Parental Somatic Mosaicism Is Underrecognized and Influences Recurrence Risk of Genomic Disorders (284 citations)
Genetics and epigenetics of autism spectrum disorder—current evidence in the field (255 citations)
Detection of clinically relevant exonic copy-number changes by array CGH (243 citations)"
Bart Dermaut,Ghent University,BE,"Alzheimer's disease research and treatments
Amyotrophic Lateral Sclerosis Research
Prion Diseases and Protein Misfolding","Null mutations in progranulin cause ubiquitin-positive frontotemporal dementia linked to chromosome 17q21 (1541 citations)
Mutation of POLG is associated with progressive external ophthalmoplegia characterized by mtDNA deletions (843 citations)
Increased expression of BIN1 mediates Alzheimer genetic risk by modulating tau pathology (443 citations)"
Beata Nowakowska,,,"Genomic variations and chromosomal abnormalities
Prenatal Screening and Diagnostics
Congenital heart defects research","Recurrent reciprocal 1q21.1 deletions and duplications associated with microcephaly or macrocephaly and developmental and behavioral abnormalities (638 citations)
Genetics and epigenetics of autism spectrum disorder—current evidence in the field (255 citations)
Heterozygous missense mutations in SMARCA2 cause Nicolaides-Baraitser syndrome (247 citations)"
Beggs Ah,Harvard University,US,"Genomics and Rare Diseases
Cardiac electrophysiology and arrhythmias
Genetic Associations and Epidemiology","A Syndromic Neurodevelopmental Disorder Caused by De Novo Variants in EBF3 (124 citations)
Phenotypic expansion of CACNA1C-associated disorders to include isolated neurological manifestations (51 citations)
Clinical sites of the Undiagnosed Diseases Network: unique contributions to genomic medicine and science (42 citations)"
Benjamin Cogné,,,"Genetics and Neurodevelopmental Disorders
Genomics and Rare Diseases
Genomic variations and chromosomal abnormalities","Pathogenic DDX3X Mutations Impair RNA Metabolism and Neurogenesis during Fetal Cortical Development (226 citations)
De Novo Mutations in Protein Kinase Genes CAMK2A and CAMK2B Cause Intellectual Disability (202 citations)
SpliceAI-visual: a free online tool to improve SpliceAI splicing variant interpretation (200 citations)"
Berta Almoguera,Universidad Autónoma de Madrid,ES,"Genomics and Rare Diseases
Genetic Associations and Epidemiology
Genomic variations and chromosomal abnormalities","Mendelian randomization of blood lipids for coronary heart disease (801 citations)
Large-Scale Gene-Centric Meta-analysis across 32 Studies Identifies Multiple Lipid Loci (273 citations)
Design and Anticipated Outcomes of the eMERGE-PGx Project: A Multicenter Pilot for Preemptive Pharmacogenomics in Electronic Health Record Systems (247 citations)"
Bertrand Isidor,Nantes Université,FR,"Genetics and Neurodevelopmental Disorders
Genomics and Rare Diseases
Genomic variations and chromosomal abnormalities","Characterization of human disease phenotypes associated with mutations in TREX1 , RNASEH2A , RNASEH2B , RNASEH2C , SAMHD1 , ADAR , and IFIH1 (616 citations)
Gain-of-function mutations in IFIH1 cause a spectrum of human disease phenotypes associated with upregulated type I interferon signaling (600 citations)
A new highly penetrant form of obesity due to deletions on chromosome 16p11.2 (563 citations)"
Beth L. Cobb,Cincinnati Children's Hospital Medical Center,US,"Systemic Lupus Erythematosus Research
Genomics and Rare Diseases
BRCA gene mutations in cancer","GWAS and enrichment analyses of non-alcoholic fatty liver disease identify new trait-associated genes and pathways across eMERGE Network (207 citations)
Identification of novel genetic susceptibility loci for Behçet's disease using a genome-wide association study (138 citations)
Harmonizing Clinical Sequencing and Interpretation for the eMERGE III Network (116 citations)"
Beverly N. Hay,UMass Memorial Medical Center,US,"Monoclonal and Polyclonal Antibodies Research
Immunodeficiency and Autoimmune Disorders
Bacteriophages and microbial interactions","Newborn Screening for Severe Combined Immunodeficiency in 11 Screening Programs in the United States (688 citations)
Cloning of the immunological repertoire in Escherichia coli for generation of monoclonal catalytic antibodies: construction of a heavy chain variable region-specific cDNA library. (199 citations)
The phenotypic spectrum of Schaaf-Yang syndrome: 18 new affected individuals from 14 families (121 citations)"
Birgit Funke,Icahn School of Medicine at Mount Sinai,US,"Genomics and Rare Diseases
Cardiomyopathy and Myosin Studies
Congenital heart defects research","TBX1 Is Responsible for Cardiovascular Defects in Velo-Cardio-Facial/DiGeorge Syndrome (994 citations)
ACMG clinical laboratory standards for next-generation sequencing (936 citations)
Genetic Misdiagnoses and the Potential for Health Disparities (858 citations)"
Yongbo Yuan,Northeastern University,CN,"Perovskite Materials and Applications
Conducting polymers and applications
Organic Electronics and Photovoltaics","Origin and elimination of photocurrent hysteresis by fullerene passivation in CH3NH3PbI3 planar heterojunction solar cells (3012 citations)
Imperfections and their passivation in halide perovskite solar cells (1954 citations)
Ion Migration in Organometal Trihalide Perovskite and Its Impact on Photovoltaic Efficiency and Stability (1838 citations)"
Bobbie‐Jo Webb‐Robertson,Government of the United States of America,US,"Methane Hydrates and Related Phenomena
Earthquake Detection and Analysis
Seismic Waves and Analysis","Normalization Approaches for Removing Systematic Biases Associated with Mass Spectrometry and Label-Free Proteomics (526 citations)
Review, Evaluation, and Discussion of the Challenges of Missing Value Imputation for Mass Spectrometry-Based Label-Free Global Proteomics (327 citations)
Pathogenic Influenza Viruses and Coronaviruses Utilize Similar and Contrasting Approaches To Control Interferon-Stimulated Gene Responses (326 citations)"
Braden Boone,,,"Genomics and Rare Diseases
Genetics and Neurodevelopmental Disorders
Cancer-related cognitive impairment studies","Patterns and rates of exonic de novo mutations in autism spectrum disorders (1812 citations)
Exome sequencing in amyotrophic lateral sclerosis identifies risk genes and pathways (996 citations)
Genome-wide Analyses Identify KIF5A as a Novel ALS Gene (725 citations)"
Braden Boone,,,"Genomics and Rare Diseases
Genetics and Neurodevelopmental Disorders
Cancer-related cognitive impairment studies","Patterns and rates of exonic de novo mutations in autism spectrum disorders (1812 citations)
Exome sequencing in amyotrophic lateral sclerosis identifies risk genes and pathways (996 citations)
Genome-wide Analyses Identify KIF5A as a Novel ALS Gene (725 citations)"
Brenda Iglesias,Bethel University,US,"Genomics and Rare Diseases
Sarcoma Diagnosis and Treatment
Genomics and Phylogenetic Studies","Newborn Sequencing in Genomic Medicine and Public Health (238 citations)
The Undiagnosed Diseases Network: Accelerating Discovery about Health and Disease (190 citations)
Blood transfusion rates and predictors following geriatric hip fracture surgery (96 citations)"
Brendan J. Keating,Philadelphia University,US,"Genetic Associations and Epidemiology
Renal Transplantation Outcomes and Treatments
Organ Transplantation Techniques and Outcomes","Mendelian randomization of blood lipids for coronary heart disease (801 citations)
HMG-coenzyme A reductase inhibition, type 2 diabetes, and bodyweight: evidence from genetic analysis and randomised trials (713 citations)
Association between alcohol and cardiovascular disease: Mendelian randomisation analysis based on individual participant data (688 citations)"
Brendan Lee,Baylor Genetics,US,"Connective tissue disorders research
Genomics and Rare Diseases
Metabolism and Genetic Disorders","Linkage of Marfan syndrome and a phenotypically related disorder to two different fibrillin genes (675 citations)
Missense mutations abolishing DNA binding of the osteoblast-specific transcription factor OSF2/CBFA1 in cleidocranial dysplasia (571 citations)
CRTAP Is Required for Prolyl 3- Hydroxylation and Mutations Cause Recessive Osteogenesis Imperfecta (533 citations)"
Brent L. Fogel,University of California System,US,"Genetic Neurodegenerative Diseases
Genomics and Rare Diseases
Mitochondrial Function and Pathology","Clinical Exome Sequencing for Genetic Identification of Rare Mendelian Disorders (997 citations)
Mutations in XPR1 cause primary familial brain calcification associated with altered phosphate export (320 citations)
Bioinformatics-Based Identification of Expanded Repeats: A Non-reference Intronic Pentamer Expansion in RFC1 Causes CANVAS (290 citations)"
Bret L. Bostwick,Baylor College of Medicine,US,"Genomics and Rare Diseases
Genomic variations and chromosomal abnormalities
Genetics and Neurodevelopmental Disorders","Use of Exome Sequencing for Infants in Intensive Care Units (439 citations)
C-Type Natriuretic Peptide Analogue Therapy in Children with Achondroplasia (227 citations)
Heterozygous Truncating Variants in POMP Escape Nonsense-Mediated Decay and Cause a Unique Immune Dysregulatory Syndrome (171 citations)"
Brett H. Graham,Indiana University – Purdue University Indianapolis,US,"Mitochondrial Function and Pathology
Metabolism and Genetic Disorders
Genomics and Rare Diseases","Glial Lipid Droplets and ROS Induced by Mitochondrial Defects Promote Neurodegeneration (917 citations)
Recurrent reciprocal 1q21.1 deletions and duplications associated with microcephaly or macrocephaly and developmental and behavioral abnormalities (638 citations)
Recurrent reciprocal 16p11.2 rearrangements associated with global developmental delay, behavioural problems, dysmorphism, epilepsy, and abnormal head size (604 citations)"
John M. Carey,Mater Misericordiae University Hospital,IE,"Electoral Systems and Political Participation
Politics and Society in Latin America
Judicial and Constitutional Studies","Incentives to cultivate a personal vote: A rank ordering of electoral formulas (2691 citations)
Presidents and Assemblies (1992 citations)
Presidents and assemblies: constitutional design and electoral dynamics (1645 citations)"
Brock A. Peters,Complete Genomics (United States),US,"Cancer Genomics and Diagnostics
Genomics and Phylogenetic Studies
Genomics and Rare Diseases","Human Genome Sequencing Using Unchained Base Reads on Self-Assembling DNA Nanoarrays (1258 citations)
Diverse somatic mutation patterns and pathway alterations in human cancers (1039 citations)
The PIK3CA gene is mutated with high frequency in human breast cancers (664 citations)"
Bruce Poppe,Ghent University Hospital,BE,"BRCA gene mutations in cancer
Acute Myeloid Leukemia Research
Acute Lymphoblastic Leukemia research","Accurate normalization of real-time quantitative RT-PCR data by geometric averaging of multiple internal control genes (20261 citations)
Breast-Cancer Risk in Families with Mutations in PALB2 (861 citations)
Revised diagnostic criteria for neurofibromatosis type 1 and Legius syndrome: an international consensus recommendation (824 citations)"
Burrage Lj,,,"Diversity and Career in Medicine
Primary Care and Health Outcomes
Genomics and Rare Diseases","A Syndromic Neurodevelopmental Disorder Caused by De Novo Variants in EBF3 (124 citations)
The Undiagnosed Diseases Network: Characteristics of solvable applicants and diagnostic suggestions for nonaccepted ones (0 citations)
Thoughts on ""crash"" courses in first aid. (0 citations)"
Christopher Lau,New York Institute of Technology,US,"Gene expression and cancer classification
Single-cell and spatial transcriptomics
Cell Image Analysis Techniques","Genome-wide atlas of gene expression in the adult mouse brain (6045 citations)
An anatomically comprehensive atlas of the adult human brain transcriptome (3396 citations)
Transcriptional landscape of the prenatal human brain (1445 citations)"
C. Thomas Caskey,Baylor Genetics,US,"Biochemical and Molecular Research
Genetics and Neurodevelopmental Disorders
Genetic Neurodegenerative Diseases","Identification of a gene (FMR-1) containing a CGG repeat coincident with a breakpoint cluster region exhibiting length variation in fragile X syndrome (3529 citations)
Variation of the CGG repeat at the fragile X site results in genetic instability: Resolution of the Sherman paradox (2101 citations)
Absence of expression of the FMR-1 gene in fragile X syndrome (1487 citations)"
Camille L. Birch,,,"Genomics and Rare Diseases
Cardiomyopathy and Myosin Studies
Genetics and Neurodevelopmental Disorders","MARRVEL: Integration of Human and Model Organism Genetic Resources to Facilitate Functional Annotation of the Human Genome (228 citations)
The Undiagnosed Diseases Network: Accelerating Discovery about Health and Disease (190 citations)
A Syndromic Neurodevelopmental Disorder Caused by De Novo Variants in EBF3 (124 citations)"
Camilo Toro,Office of the Director,US,"Genomics and Rare Diseases
Lysosomal Storage Disorders Research
Neurological disorders and treatments","Early-Onset Stroke and Vasculopathy Associated with Mutations in ADA2 (905 citations)
Event-related desynchronization and movement-related cortical potentials on the ECoG and EEG (316 citations)
GRIN2A mutation and early‐onset epileptic encephalopathy: personalized therapy with memantine (299 citations)"
Carlos A. Bacino,Baylor Genetics,US,"Genomic variations and chromosomal abnormalities
Genomics and Rare Diseases
Genetics and Neurodevelopmental Disorders","Mutations in ADAR1 cause Aicardi-Goutières syndrome associated with a type I interferon signature (967 citations)
Recurrent reciprocal 1q21.1 deletions and duplications associated with microcephaly or macrocephaly and developmental and behavioral abnormalities (638 citations)
Genetic Heterogeneity in Rubinstein-Taybi Syndrome: Mutations in Both the CBP and EP300 Genes Cause Disease (485 citations)"
Carlos E. Prada,Robert H. Lurie Comprehensive Cancer Center of Northwestern University,,"Lysosomal Storage Disorders Research
Genomics and Rare Diseases
Metabolism and Genetic Disorders","Endothelial dysfunction and preeclampsia: role of oxidative stress (445 citations)
Mutations in SLC25A46, encoding a UGO1-like protein, cause an optic atrophy spectrum disorder (208 citations)
Pediatric Plexiform Neurofibromas: Impact on Morbidity and Mortality in Neurofibromatosis Type 1 (174 citations)"
Carlos R. Ferreira,Eunice Kennedy Shriver National Institute of Child Health and Human Development,US,"Metabolism and Genetic Disorders
Connective tissue disorders research
Dermatological and Skeletal Disorders","The burden of rare diseases (535 citations)
Nosology of genetic skeletal disorders: 2023 revision (393 citations)
An international classification of inherited metabolic disorders ( ICIMD ) (353 citations)"
Liliana Orellana,Deakin University,AU,"Obesity, Physical Activity, Diet
Childhood Cancer Survivors' Quality of Life
Cancer survivorship and care","Sex differences in the Toll-like receptor–mediated response of plasmacytoid dendritic cells to HIV-1 (595 citations)
International Study to Evaluate PCR Methods for Detection of Trypanosoma cruzi DNA in Blood Samples from Chagas Disease Patients (479 citations)
Symptoms and Distress in Children With Advanced Cancer: Prospective Patient-Reported Outcomes From the PediQUEST Study (313 citations)"
Carolyn Horton,Ambry Genetics (United States),US,"BRCA gene mutations in cancer
Genomics and Rare Diseases
Genetic factors in colorectal cancer","Performance of ACMG-AMP Variant-Interpretation Guidelines among Nine Laboratories in the Clinical Sequencing Exploratory Research Consortium (590 citations)
A clinical guide to hereditary cancer panel testing: evaluation of gene-specific cancer associations and sensitivity of genetic testing criteria in a cohort of 165,000 high-risk patients (230 citations)
Genetic/Familial High-Risk Assessment: Breast and Ovarian, Version 1.2014 (211 citations)"
C. Sue Richards,,,"Genomics and Rare Diseases
Metabolism, Diabetes, and Cancer
Cystic Fibrosis Research Advances","Ashkenazi Jewish population frequencies for common mutations in BRCA1 and BRCA2 (779 citations)
Laboratory standards and guidelines for population-based cystic fibrosis carrier screening (461 citations)
Over‐expression of the EGF receptor is a hallmark of squamous cell carcinomas (326 citations)"
Carrie L. Blout Zawatsky,Brigham and Women's Hospital,US,"Genomics and Rare Diseases
BRCA gene mutations in cancer
Ethics in Clinical Research","The Impact of Whole-Genome Sequencing on the Primary Care and Outcomes of Healthy Adult Patients (172 citations)
Secondary findings from clinical genomic sequencing: prevalence, patient perspectives, family history assessment, and health-care costs from a multisite study (165 citations)
Clinical Sequencing Exploratory Research Consortium: Accelerating Evidence-Based Practice of Genomic Medicine (164 citations)"
Catherine A. Brownstein,Dana-Farber/Boston Children's Cancer and Blood Disorders Center,US,"Genomics and Rare Diseases
Genomic variations and chromosomal abnormalities
Genetics and Neurodevelopmental Disorders","Sharing Health Data for Better Outcomes on PatientsLikeMe (637 citations)
The Matchmaker Exchange: A Platform for Rare Disease Gene Discovery (497 citations)
An international effort towards developing standards for best practices in analysis, interpretation and reporting of clinical genome sequencing results in the CLARITY Challenge (433 citations)"
Catherine Groden,National Human Genome Research Institute,US,"Genomics and Rare Diseases
Lysosomal Storage Disorders Research
Cellular transport and secretion","Anti–Interleukin-12 Antibody for Active Crohn's Disease (857 citations)
NT5E Mutations and Arterial Calcifications (451 citations)
Both IL-12p70 and IL-23 are synthesized during active Crohnʼs disease and are down-regulated by treatment with anti-IL-12 p40 monoclonal antibody (328 citations)"
Catherine Paillard,Université de Strasbourg,FR,"Hematopoietic Stem Cell Transplantation
Acute Lymphoblastic Leukemia research
Acute Myeloid Leukemia Research","Coronavirus disease 2019 in patients with inborn errors of immunity: An international study (361 citations)
BRAF Mutation Correlates With High-Risk Langerhans Cell Histiocytosis and Increased Resistance to First-Line Therapy (345 citations)
Juvenile myelomonocytic leukemia displays mutations in components of the RAS pathway and the PRC2 network (194 citations)"
Cecilia Esteves,Harvard University,US,"Genomics and Rare Diseases
Genetics and Neurodevelopmental Disorders
Genomic variations and chromosomal abnormalities","Effect of Genetic Diagnosis on Patients with Previously Undiagnosed Disease (380 citations)
MARRVEL: Integration of Human and Model Organism Genetic Resources to Facilitate Functional Annotation of the Human Genome (228 citations)
The Undiagnosed Diseases Network: Accelerating Discovery about Health and Disease (190 citations)"
Chad A. Shaw,Texas Children's Hospital,US,"Genomic variations and chromosomal abnormalities
Genomics and Rare Diseases
Prenatal Screening and Diagnostics","MeCP2, a Key Contributor to Neurological Disease, Activates and Represses Transcription (1852 citations)
Multiple Recurrent De Novo CNVs, Including Duplications of the 7q11.23 Williams Syndrome Region, Are Strongly Associated with Autism (1304 citations)
Resolution of Disease Phenotypes Resulting from Multilocus Genomic Variation (803 citations)"
Charul Gijavanekar,Baylor College of Medicine,US,"Metabolism and Genetic Disorders
Mitochondrial Function and Pathology
Genomics and Rare Diseases","Reanalysis of Clinical Exome Sequencing Data (306 citations)
Comparison of Untargeted Metabolomic Profiling vs Traditional Metabolic Screening to Identify Inborn Errors of Metabolism (78 citations)
The clinical and molecular spectrum of the KDM6B-related neurodevelopmental disorder (35 citations)"
Cheng Yee Nixon,Neuroscience Research Australia,AU,"Genetics and Neurodevelopmental Disorders
earthquake and tectonic studies
Seismic Imaging and Inversion Techniques","Expanding the Spectrum of BAF-Related Disorders: De Novo Variants in SMARCC2 Cause a Syndrome with Intellectual Disability and Developmental Delay (94 citations)
The expanding LARS2 phenotypic spectrum: HLASA, Perrault syndrome with leukodystrophy, and mitochondrial myopathy (34 citations)
CDH1 Mutation Distribution and Type Suggests Genetic Differences between the Etiology of Orofacial Clefting and Gastric Cancer (16 citations)"
Chester Brown,Le Bonheur Children's Hospital,US,"International Arbitration and Investment Law
International Law and Human Rights
Genomics and Rare Diseases","Genetic Analysis of the Mammalian Transforming Growth Factor-β Superfamily (796 citations)
Mitochondrial dysfunction in obesity (478 citations)
Inflammasome-driven catecholamine catabolism in macrophages blunts lipolysis during ageing (459 citations)"
Chet Graham,Mass General Brigham,US,"Genomics and Rare Diseases
BRCA gene mutations in cancer
Prenatal Screening and Diagnostics","Interpretation of Genomic Sequencing Results in Healthy and Ill Newborns: Results from the BabySeq Project (315 citations)
Harmonizing Clinical Sequencing and Interpretation for the eMERGE III Network (116 citations)
Parental interest in genomic sequencing of newborns: enrollment experience from the BabySeq Project (103 citations)"
Chiara La Morgia,University of Bologna,IT,"Mitochondrial Function and Pathology
ATP Synthase and ATPases Research
Retinal Development and Disorders","OPA1 mutations induce mitochondrial DNA instability and optic atrophy 'plus' phenotypes (515 citations)
Melanopsin retinal ganglion cell loss in A lzheimer disease (405 citations)
Artificial Intelligence to Detect Papilledema from Ocular Fundus Photographs (374 citations)"
Chin-To Fong,University of Rochester Medicine,US,"Metabolism and Genetic Disorders
Genomic variations and chromosomal abnormalities
Genomics and Rare Diseases","Newborn Screening for Severe Combined Immunodeficiency in 11 Screening Programs in the United States (688 citations)
Recurrent reciprocal 1q21.1 deletions and duplications associated with microcephaly or macrocephaly and developmental and behavioral abnormalities (638 citations)
Speech delay and autism spectrum behaviors are frequently associated with duplication of the 7q11.23 Williams-Beuren syndrome region (194 citations)"
Christel Thauvin‐Robinet,Université Bourgogne Europe,FR,"Genomics and Rare Diseases
Genomic variations and chromosomal abnormalities
Genetics and Neurodevelopmental Disorders","Efficient strategy for the molecular diagnosis of intellectual disability using targeted high-throughput sequencing (275 citations)
KIF7 mutations cause fetal hydrolethalus and acrocallosal syndromes (245 citations)
Phenotypic spectrum of probable and genetically-confirmed idiopathic basal ganglia calcification (241 citations)"
Christian Kubisch,University Cancer Center Hamburg,DE,"Migraine and Headache Studies
Genomics and Rare Diseases
Ion channel regulation and function","Analysis of shared heritability in common disorders of the brain (2052 citations)
Hereditary parkinsonism with dementia is caused by mutations in ATP13A2, encoding a lysosomal type 5 P-type ATPase (1196 citations)
A Potassium Channel Mutation in Neonatal Human Epilepsy (1089 citations)"
Christian P. Schaaf,Institute of Human Genetics,PL,"Genomics and Rare Diseases
Genomic variations and chromosomal abnormalities
Genetics and Neurodevelopmental Disorders","Use of Exome Sequencing for Infants in Intensive Care Units (439 citations)
SHANK3 overexpression causes manic-like behaviour with unique pharmacogenetic properties (366 citations)
Truncating mutations of MAGEL2 cause Prader-Willi phenotypes and autism (309 citations)"
Christin Hoell,Northwestern University,US,"BRCA gene mutations in cancer
Genomics and Rare Diseases
Genetic Associations and Epidemiology","Returning integrated genomic risk and clinical recommendations: The eMERGE study (125 citations)
Harmonizing Clinical Sequencing and Interpretation for the eMERGE III Network (116 citations)
Returning Results in the Genomic Era: Initial Experiences of the eMERGE Network (51 citations)"
Christine M. Eng,Baylor Genetics,US,"Genomics and Rare Diseases
Genomic variations and chromosomal abnormalities
Genetics and Neurodevelopmental Disorders","Clinical Whole-Exome Sequencing for the Diagnosis of Mendelian Disorders (2013 citations)
Recommendations for reporting of secondary findings in clinical exome and genome sequencing, 2016 update (ACMG SF v2.0): a policy statement of the American College of Medical Genetics and Genomics (1719 citations)
Chromosomal Microarray versus Karyotyping for Prenatal Diagnosis (1438 citations)"
Christine M. Pak,University of Illinois Chicago,US,"Genomics and Rare Diseases
BRCA gene mutations in cancer
Genetic Associations and Epidemiology","Performance of ACMG-AMP Variant-Interpretation Guidelines among Nine Laboratories in the Clinical Sequencing Exploratory Research Consortium (590 citations)
Performance of ACMG-AMP Variant-Interpretation Guidelines among Nine Laboratories in the Clinical Sequencing Exploratory Research Consortium (141 citations)
Preconception Carrier Screening by Genome Sequencing: Results from the Clinical Laboratory (59 citations)"
Christine R. Beck,UConn Health,US,"Chromosomal and Genetic Variations
Genomic variations and chromosomal abnormalities
Genomics and Rare Diseases","LINE-1 Retrotransposition Activity in Human Genomes (660 citations)
Extrachromosomal DNA is associated with oncogene amplification and poor outcome across multiple cancers (658 citations)
LINE-1 Elements in Structural Variation and Disease (639 citations)"
Christopher A. Friedrich,Swiss Federal Institute of Aquatic Science and Technology,CH,"Cancer, Hypoxia, and Metabolism
BRCA gene mutations in cancer
Lipoproteins and Cardiovascular Health","Ideal Cardiovascular Health Is Inversely Associated With Incident Cancer (311 citations)
Expanding the clinical phenotype of the 3q29 microdeletion syndrome and characterization of the reciprocal microduplication (311 citations)
Splicing Mutations of 54-bp Exons in the COL11A1 Gene Cause Marshall Syndrome, but Other Mutations Cause Overlapping Marshall/Stickler Phenotypes (264 citations)"
Christopher G. Chute,Johns Hopkins Medicine,US,"Biomedical Text Mining and Ontologies
Semantic Web and Ontologies
Electronic Health Records Systems","Mayo clinical Text Analysis and Knowledge Extraction System (cTAKES): architecture, component evaluation and applications (2045 citations)
The Human Phenotype Ontology in 2021 (1276 citations)
Systematic comparison of phenome-wide association study of electronic medical record data and genome-wide association study data (1138 citations)"
Christopher J. Adams,Imperial College London,GB,"Organometallic Complex Synthesis and Catalysis
Magnetism in coordination complexes
Metal complexes synthesis and properties","Mechanochemistry: opportunities for new and cleaner synthesis (3061 citations)
Structure and Molecular Mechanism of ER Stress Signaling by the Unfolded Protein Response Signal Activator IRE1 (532 citations)
UPR proteins IRE1 and PERK switch BiP from chaperone to ER stress sensor (420 citations)"
Chunli Zhao,Jilin Agricultural University,CN,"Genomics and Rare Diseases
Perovskite Materials and Applications
Luminescence Properties of Advanced Materials","Preparation of porous chitosan gel beads for copper(II) ion adsorption (130 citations)
Biallelic Mutations in ATP5F1D, which Encodes a Subunit of ATP Synthase, Cause a Metabolic Disorder (108 citations)
Achieving Broadband NIR-I to NIR-II Emission in an All-Inorganic Halide Double-Perovskite Cs2NaYCl6:Cr3+ Phosphor for Night Vision Imaging (104 citations)"
Claudia Lengerke,University of Tübingen,DE,"CAR-T cell therapy research
Acute Myeloid Leukemia Research
Hematopoietic Stem Cell Transplantation","Prostaglandin E2 regulates vertebrate haematopoietic stem cell homeostasis (1106 citations)
Ruxolitinib in corticosteroid-refractory graft-versus-host disease after allogeneic stem cell transplantation: a multicenter survey (543 citations)
Absence of NKG2D ligands defines leukaemia stem cells and mediates their immune evasion (399 citations)"
Claudia Ruivenkamp,Leiden University Medical Center,NL,"Genomic variations and chromosomal abnormalities
Genomics and Rare Diseases
Genetics and Neurodevelopmental Disorders","Targeted sequencing identifies 91 neurodevelopmental-disorder risk genes with autism and developmental-disability biases (590 citations)
Compound inheritance of a low-frequency regulatory SNP and a rare null mutation in exon-junction complex subunit RBM8A causes TAR syndrome (432 citations)
Mutations in genes encoding subunits of RNA polymerases I and III cause Treacher Collins syndrome (375 citations)"
Claudia Schob,University Medical Center Hamburg-Eppendorf,DE,"RNA Research and Splicing
RNA and protein synthesis mechanisms
RNA modifications and cancer","De Novo Missense Mutations in DHX30 Impair Global Translation and Cause a Neurodevelopmental Disorder (114 citations)
Germline AGO2 mutations impair RNA interference and human neurological development (104 citations)
Shank3 Is Part of a Zinc-Sensitive Signaling System That Regulates Excitatory Synaptic Strength (65 citations)"
Claudia Zanna,University of Bologna,IT,"Mitochondrial Function and Pathology
ATP Synthase and ATPases Research
Metabolism and Genetic Disorders","OPA1 mutations induce mitochondrial DNA instability and optic atrophy 'plus' phenotypes (515 citations)
OPA1 mutations associated with dominant optic atrophy impair oxidative phosphorylation and mitochondrial fusion (329 citations)
pH difference across the outer mitochondrial membrane measured with a green fluorescent protein mutant (305 citations)"
Connie T. R. M. Stumpel,Maastricht University Medical Centre,NL,"Genetics and Neurodevelopmental Disorders
Genomics and Rare Diseases
Connective tissue disorders research","Mutations in DDX3X Are a Common Cause of Unexplained Intellectual Disability with Gender-Specific Effects on Wnt Signaling (345 citations)
Loss-of-function mutations in ADCY3 cause monogenic severe obesity (197 citations)
Disruption of POGZ Is Associated with Intellectual Disability and Autism Spectrum Disorders (170 citations)"
Conny M.A. van Ravenswaaij‐Arts,Lentis,NL,"Genomic variations and chromosomal abnormalities
Congenital Ear and Nasal Anomalies
Genomics and Rare Diseases","Heart Rate Variability (749 citations)
Diagnostic Genome Profiling in Mental Retardation (605 citations)
Array-Based Comparative Genomic Hybridization for the Genomewide Detection of Submicroscopic Chromosomal Abnormalities (473 citations)"
Consuelo Sebastia Sancho,Hôpitaux Universitaires de Strasbourg,FR,"Hernia repair and management
Hip disorders and treatments
Appendicitis Diagnosis and Management","Mutations in signal recognition particle SRP54 cause syndromic neutropenia with Shwachman-Diamond–like features (175 citations)
Twenty years' experience for reduction of ileocolic intussusceptions by saline enema under sonography control (98 citations)
When bone scan reveals appendicitis (0 citations)"
Coral G. Warr,La Trobe University,AU,"Neurobiology and Insect Physiology Research
Invertebrate Immune Response Mechanisms
Insect and Arachnid Ecology and Behavior","A Novel Family of Divergent Seven-Transmembrane Proteins (1166 citations)
Molecular evolution of the insect chemoreceptor gene superfamily in Drosophila melanogaster (827 citations)
Candidate Taste Receptors in Drosophila (624 citations)"
Crescenda L Uhles,Medical City Children's Hospital,US,"Genomics and Rare Diseases
BRCA gene mutations in cancer
Genomic variations and chromosomal abnormalities","Reanalysis of Clinical Exome Sequencing Data (306 citations)
Clinical, biochemical and genetic characteristics of MOGS-CDG: a rare congenital disorder of glycosylation (22 citations)
Clinical Exome Studies Have Inconsistent Coverage (14 citations)"
Cynthia A. Prows,Cincinnati Children's Hospital Medical Center,US,"BRCA gene mutations in cancer
Genomics and Rare Diseases
Pharmacogenetics and Drug Metabolism","Clinical Pharmacogenetics Implementation Consortium Guidelines for Cytochrome P450 2D6 Genotype and Codeine Therapy: 2014 Update (685 citations)
Clinical Pharmacogenetics Implementation Consortium Guideline for CYP2D6 , OPRM1 , and COMT Genotypes and Select Opioid Therapy (426 citations)
Design and Anticipated Outcomes of the eMERGE-PGx Project: A Multicenter Pilot for Preemptive Pharmacogenomics in Electronic Health Record Systems (247 citations)"
Cynthia J. Tifft,National Agricultural Technology Institute,AR,"Lysosomal Storage Disorders Research
Genomics and Rare Diseases
Glycosylation and Glycoproteins Research","Lysosomal storage diseases (1025 citations)
The GM1 and GM2 Gangliosidoses: Natural History and Progress toward Therapy. (662 citations)
Pompe disease diagnosis and management guideline (640 citations)"
Cynthia M. Cooper,United States Handcycle Federation,US,"Genomics and Rare Diseases
Orthopedic Surgery and Rehabilitation
Genetics and Neurodevelopmental Disorders","MARRVEL: Integration of Human and Model Organism Genetic Resources to Facilitate Functional Annotation of the Human Genome (228 citations)
The Undiagnosed Diseases Network: Accelerating Discovery about Health and Disease (190 citations)
A Syndromic Neurodevelopmental Disorder Caused by De Novo Variants in EBF3 (124 citations)"
Cécile Macquin,Université de Strasbourg,FR,"Immune Cell Function and Interaction
Cytomegalovirus and herpesvirus research
Inflammasome and immune disorders","The non-conventional MHC class I MR1 molecule controls infection by Klebsiella pneumoniae in mice (219 citations)
Mutations in signal recognition particle SRP54 cause syndromic neutropenia with Shwachman-Diamond–like features (175 citations)
Identification of driver genes for critical forms of COVID-19 in a deeply phenotyped young patient cohort (129 citations)"
Céline Belhumeur,Centre Hospitalier Universitaire Sainte-Justine,CA,"Child Welfare and Adoption
Child and Adolescent Psychosocial and Emotional Development
Child Abuse and Trauma","Mutations inSYNGAP1Cause Intellectual Disability, Autism, and a Specific Form of Epilepsy by Inducing Haploinsufficiency (283 citations)
Health status, cognitive and motor development of young children adopted from China, East Asia, and Russia across the first 6 months after adoption (112 citations)
Pre-Adoption Adversity and Self-Reported Behavior Problems in 7 Year-Old International Adoptees (39 citations)"
Damara Ortiz,University of Pittsburgh Medical Center,US,"Lysosomal Storage Disorders Research
Genomic variations and chromosomal abnormalities
Genomics and Rare Diseases","IRF2BPL Is Associated with Neurological Phenotypes (115 citations)
Long-term efficacy and safety of migalastat treatment in Fabry disease: 30-month results from the open-label extension of the randomized, phase 3 ATTRACT study (81 citations)
Newborn Screening for Pompe Disease: Pennsylvania Experience (51 citations)"
Dan C. Dorset,HudsonAlpha Institute for Biotechnology,US,"Genomics and Rare Diseases
Genetics and Neurodevelopmental Disorders
RNA Interference and Gene Delivery","A Syndromic Neurodevelopmental Disorder Caused by De Novo Variants in EBF3 (124 citations)
De Novo Truncating Variants in ASXL2 Are Associated with a Unique and Recognizable Clinical Phenotype (90 citations)
A Recurrent De Novo Variant in NACC1 Causes a Syndrome Characterized by Infantile Epilepsy, Cataracts, and Profound Developmental Delay (52 citations)"
Daniel C. Dorset,,,"Genomics and Rare Diseases
Mitochondrial Function and Pathology
RNA regulation and disease","MARRVEL: Integration of Human and Model Organism Genetic Resources to Facilitate Functional Annotation of the Human Genome (228 citations)
The Undiagnosed Diseases Network: Accelerating Discovery about Health and Disease (190 citations)
IRF2BPL Is Associated with Neurological Phenotypes (115 citations)"
Igal Brener,Center for Integrated Nanotechnologies,US,"Metamaterials and Metasurfaces Applications
Plasmonic and Surface Plasmon Research
Photonic and Optical Devices","High‐Efficiency Dielectric Huygens’ Surfaces (1325 citations)
Tailoring Directional Scattering through Magnetic and Electric Resonances in Subwavelength Silicon Nanodisks (1120 citations)
Enhanced Third-Harmonic Generation in Silicon Nanoparticles Driven by Magnetic Response (637 citations)"
Daniel Rochefort,McGill University,CA,"Genetic Neurodegenerative Diseases
Genetics and Neurodevelopmental Disorders
Amyotrophic Lateral Sclerosis Research","Short GCG expansions in the PABP2 gene cause oculopharyngeal muscular dystrophy (806 citations)
Gain and loss of function of ALS-related mutations of TARDBP (TDP-43) cause motor deficits in vivo (422 citations)
De novo mutations in the gene encoding the synaptic scaffolding protein SHANK3 in patients ascertained for schizophrenia (380 citations)"
Daniela del Gaudio,University of Chicago,US,"Genomics and Rare Diseases
Genomic variations and chromosomal abnormalities
Pancreatic function and diabetes","Reprogramming human T cell function and specificity with non-viral genome targeting (883 citations)
Prader-Willi phenotype caused by paternal deficiency for the HBII-85 C/D box small nucleolar RNA cluster (670 citations)
Increased MECP2 gene copy number as the result of genomic duplication in neurodevelopmentally delayed males (271 citations)"
Danielle Lemke,University of Colorado Denver,US,"Muscle Physiology and Disorders
Connective tissue disorders research
Genetic Syndromes and Imprinting","The phenotypic spectrum of Schaaf-Yang syndrome: 18 new affected individuals from 14 families (121 citations)
Perceptions of Equine-Assisted Activities and Therapies by Parents and Children With Spinal Muscular Atrophy (27 citations)"
Darren C. Ames,DNAnexus (United States),US,"Genomics and Rare Diseases
Chromosomal and Genetic Variations
Genomics and Phylogenetic Studies","Functional equivalence of genome sequencing analysis pipelines enables harmonized variant calling across human genetics projects (263 citations)
Analysis commons, a team approach to discovery in a big-data environment for genetic epidemiology (127 citations)
Harmonizing Clinical Sequencing and Interpretation for the eMERGE III Network (116 citations)"
Daryl Waggott,Stanford University,US,"Genomics and Rare Diseases
RNA modifications and cancer
Genetic Associations and Epidemiology","Genomic hallmarks of localized, non-indolent prostate cancer (643 citations)
Spatial genomic heterogeneity within localized, multifocal prostate cancer (497 citations)
Characterization of HPV and host genome interactions in primary head and neck cancers (400 citations)"
David B. Goldstein,Electronic BioSciences (United States),US,"Genomics and Rare Diseases
Genetic Associations and Epidemiology
Genomic variations and chromosomal abnormalities","Finding the missing heritability of complex diseases (8599 citations)
Genetic variation in IL28B predicts hepatitis C treatment-induced viral clearance (3527 citations)
Genome-wide association studies for complex traits: consensus, uncertainty and challenges (2969 citations)"
David Bick,Genomics (United Kingdom),GB,"Genomics and Rare Diseases
Genomic variations and chromosomal abnormalities
BRCA gene mutations in cancer","Standards and guidelines for the interpretation of sequence variants: a joint consensus recommendation of the American College of Medical Genetics and Genomics and the Association for Molecular Pathology (33278 citations)
A Mosaic Activating Mutation in AKT1 Associated with the Proteus Syndrome (895 citations)
Making a definitive diagnosis: Successful clinical application of whole exome sequencing in a child with intractable inflammatory bowel disease (717 citations)"
David Carrell,Kaiser Permanente Washington Health Research Institute,US,"Genetic Associations and Epidemiology
Genomics and Rare Diseases
Electronic Health Records Systems","Intimate Partner Violence (1309 citations)
Systematic comparison of phenome-wide association study of electronic medical record data and genome-wide association study data (1138 citations)
Rare coding variants in PLCG2, ABI3, and TREM2 implicate microglial-mediated innate immunity in Alzheimer's disease (1119 citations)"
David D. Draper,,,"Genomics and Rare Diseases
Biomedical Text Mining and Ontologies
Genetics and Neurodevelopmental Disorders","MARRVEL: Integration of Human and Model Organism Genetic Resources to Facilitate Functional Annotation of the Human Genome (228 citations)
The Undiagnosed Diseases Network: Accelerating Discovery about Health and Disease (190 citations)
IRF2BPL Is Associated with Neurological Phenotypes (115 citations)"
David B. Goldstein,Electronic BioSciences (United States),US,"Genomics and Rare Diseases
Genetic Associations and Epidemiology
Genomic variations and chromosomal abnormalities","Finding the missing heritability of complex diseases (8599 citations)
Genetic variation in IL28B predicts hepatitis C treatment-induced viral clearance (3527 citations)
Genome-wide association studies for complex traits: consensus, uncertainty and challenges (2969 citations)"
David J. Eckstein,Office of the Director,US,"Genomics and Rare Diseases
Genetics and Neurodevelopmental Disorders
RNA Research and Splicing","MARRVEL: Integration of Human and Model Organism Genetic Resources to Facilitate Functional Annotation of the Human Genome (228 citations)
The Undiagnosed Diseases Network: Accelerating Discovery about Health and Disease (190 citations)
A Syndromic Neurodevelopmental Disorder Caused by De Novo Variants in EBF3 (124 citations)"
David L. Bernick,"University of California, Santa Cruz",US,"Genomics and Phylogenetic Studies
RNA modifications and cancer
RNA and protein synthesis mechanisms","GA4GH: International policies and standards for data sharing across genomic research and healthcare (322 citations)
The Undiagnosed Diseases Network: Accelerating Discovery about Health and Disease (190 citations)
NonStop® Advanced Architecture (190 citations)"
David M. Koeller,Oregon Health & Science University,US,"Metabolism and Genetic Disorders
Mitochondrial Function and Pathology
Amino Acid Enzymes and Metabolism","Iron-Responsive Elements: Regulatory RNA Sequences That Control mRNA Levels and Translation (724 citations)
Mutation of a Putative Mitochondrial Iron Transporter Gene (ABC7) in X-Linked Sideroblastic Anemia and Ataxia (XLSA/A) (405 citations)
Oral pharmacological chaperone migalastat compared with enzyme replacement therapy in Fabry disease: 18-month results from the randomised phase III ATTRACT study (394 citations)"
David Bick,Genomics (United Kingdom),GB,"Genomics and Rare Diseases
Genomic variations and chromosomal abnormalities
BRCA gene mutations in cancer","Standards and guidelines for the interpretation of sequence variants: a joint consensus recommendation of the American College of Medical Genetics and Genomics and the Association for Molecular Pathology (33278 citations)
A Mosaic Activating Mutation in AKT1 Associated with the Proteus Syndrome (895 citations)
Making a definitive diagnosis: Successful clinical application of whole exome sequencing in a child with intractable inflammatory bowel disease (717 citations)"
David Adams,Icahn School of Medicine at Mount Sinai,US,"Liver physiology and pathology
Liver Diseases and Immunity
Liver Disease Diagnosis and Treatment","The gut microbiota and host health: a new clinical frontier (2349 citations)
EAE/ASE Recommendations for Image Acquisition and Display Using Three-Dimensional Echocardiography (1125 citations)
Generation of Gut-Homing IgA-Secreting B Cells by Intestinal Dendritic Cells (1003 citations)"
David R. Crosslin,Tula University,RU,"Genetic Associations and Epidemiology
Genomics and Rare Diseases
BRCA gene mutations in cancer","Systematic comparison of phenome-wide association study of electronic medical record data and genome-wide association study data (1138 citations)
The Electronic Medical Records and Genomics (eMERGE) Network: past, present, and future (745 citations)
Detectable clonal mosaicism from birth to old age and its relationship to cancer (607 citations)"
Davor Lessel,University of Regensburg,DE,"Genomics and Rare Diseases
Genetic Associations and Epidemiology
RNA Research and Splicing","Association analyses of more than 140,000 men identify 63 new prostate cancer susceptibility loci (1023 citations)
Trans-ancestry genome-wide association meta-analysis of prostate cancer identifies new susceptibility loci and informs genetic risk prediction (508 citations)
Integrated Molecular Characterization of Testicular Germ Cell Tumors (467 citations)"
Dayal Jp,National Institutes of Health,US,"Genomics and Rare Diseases
Cardiac electrophysiology and arrhythmias
Genetic Associations and Epidemiology","A Syndromic Neurodevelopmental Disorder Caused by De Novo Variants in EBF3 (124 citations)
Phenotypic expansion of CACNA1C-associated disorders to include isolated neurological manifestations (51 citations)
Clinical sites of the Undiagnosed Diseases Network: unique contributions to genomic medicine and science (42 citations)"
Deanna Erwin,Color (United States),US,"BRCA gene mutations in cancer
Genomics and Rare Diseases
Family and Disability Support Research","Reanalysis of Clinical Exome Sequencing Data (306 citations)
Disruptive mutations in TANC2 define a neurodevelopmental syndrome associated with psychiatric disorders (66 citations)
Financial barriers in a county genetics clinic: Problems and solutions (23 citations)"
Deborah L. Shardy,Children's Cancer Center,US,"Acute Myeloid Leukemia Research
Chronic Myeloid Leukemia Treatments
Advanced biosensing and bioanalysis techniques","Mutations in signal recognition particle SRP54 cause syndromic neutropenia with Shwachman-Diamond–like features (175 citations)
Syndromic thrombocytopenia and predisposition to acute myelogenous leukemia caused by constitutional microdeletions on chromosome 21q (82 citations)
Protooncogene c‐ski is expressed in both proliferating and postmitotic neuronal populations (56 citations)"
Debra Abrams,Children's Hospital of Philadelphia,US,"Testicular diseases and treatments
Genomic variations and chromosomal abnormalities
Inflammatory Bowel Disease","Common variants at five new loci associated with early-onset inflammatory bowel disease (488 citations)
Loci on 20q13 and 21q22 are associated with pediatric-onset inflammatory bowel disease (319 citations)
Meta-analysis of shared genetic architecture across ten pediatric autoimmune diseases (288 citations)"
Denise J. Levy,University of Alabama at Birmingham,US,"Genomics and Rare Diseases
melanin and skin pigmentation
Genetics and Neurodevelopmental Disorders","The Undiagnosed Diseases Network: Accelerating Discovery about Health and Disease (190 citations)
A Syndromic Neurodevelopmental Disorder Caused by De Novo Variants in EBF3 (124 citations)
De Novo Truncating Variants in ASXL2 Are Associated with a Unique and Recognizable Clinical Phenotype (90 citations)"
Dennis Bartholomew,Nationwide Children's Hospital,US,"Metabolism and Genetic Disorders
Genetics and Neurodevelopmental Disorders
Genomics and Rare Diseases","Assessment of 2q23.1 Microdeletion Syndrome Implicates MBD5 as a Single Causal Locus of Intellectual Disability, Epilepsy, and Autism Spectrum Disorder (249 citations)
Identification of a Recurrent Microdeletion at 17q23.1q23.2 Flanked by Segmental Duplications Associated with Heart Defects and Limb Abnormalities (170 citations)
Clinical course of sly syndrome (mucopolysaccharidosis type VII) (165 citations)"
Devon Bonner,Stanford University,US,"Genomics and Rare Diseases
BRCA gene mutations in cancer
Genetics and Neurodevelopmental Disorders","Identification of rare-disease genes using blood transcriptome sequencing and large control cohorts (365 citations)
Racial disparities in BRCA testing and cancer risk management across a population‐based sample of young breast cancer survivors (300 citations)
Beyond the exome: What’s next in diagnostic testing for Mendelian conditions (127 citations)"
Dianna G. Fisk,Stanford Health Care,US,"Genomics and Rare Diseases
Genomics and Phylogenetic Studies
Mitochondrial Function and Pathology","Saccharomyces genome database (677 citations)
The Reference Genome Sequence ofSaccharomyces cerevisiae: Then and Now (489 citations)
Identification of rare-disease genes using blood transcriptome sequencing and large control cohorts (365 citations)"
Dimitri Hemelsoet,Ghent University Hospital,BE,"Acute Ischemic Stroke Management
Cerebrovascular and Carotid Artery Diseases
Intracerebral and Subarachnoid Hemorrhage Research","Second asymptomatic carotid surgery trial (ACST-2): a randomised comparison of carotid artery stenting versus carotid endarterectomy (322 citations)
The genetic causes of basal ganglia calcification, dementia, and bone cysts (263 citations)
Early versus Later Anticoagulation for Stroke with Atrial Fibrillation (229 citations)"
Divya Kalra,Baylor College of Medicine,US,"Genomics and Rare Diseases
Genetic Associations and Epidemiology
Cancer Genomics and Diagnostics","A global reference for human genetic variation (20396 citations)
The Somatic Genomic Landscape of Chromophobe Renal Cell Carcinoma (872 citations)
Natural variation in genome architecture among 205 Drosophila melanogaster Genetic Reference Panel lines (716 citations)"
Dominique Bonneau,Université d'Angers,FR,"Mitochondrial Function and Pathology
Tribology and Lubrication Engineering
Gear and Bearing Dynamics Analysis","The putative forkhead transcription factor FOXL2 is mutated in blepharophimosis/ptosis/epicanthus inversus syndrome (985 citations)
Meta-analysis of SHANK Mutations in Autism Spectrum Disorders: A Gradient of Severity in Cognitive Impairments (674 citations)
Germline KRAS and BRAF mutations in cardio-facio-cutaneous syndrome (602 citations)"
Donald H. Mahoney,Texas Children's Hospital,US,"Acute Lymphoblastic Leukemia research
Hemoglobinopathies and Related Disorders
Childhood Cancer Survivors' Quality of Life","The genomic landscape of juvenile myelomonocytic leukemia (311 citations)
Acute neurotoxicity in children with B-precursor acute lymphoid leukemia: an association with intermediate-dose intravenous methotrexate and intrathecal triple therapy--a Pediatric Oncology Group study. (294 citations)
Poor prognosis of children with pre-B acute lymphoblastic leukemia is associated with the t(1;19)(q23;p13): a Pediatric Oncology Group study (258 citations)"
Donna M. Brown,University of Washington,US,"Genomics and Rare Diseases
Cystic Fibrosis Research Advances
Genomic variations and chromosomal abnormalities","The MicroArray Quality Control (MAQC) project shows inter- and intraplatform reproducibility of gene expression measurements (2177 citations)
A genetic linkage map of the laboratory rat, Rattus norvegicus (459 citations)
Renal disease susceptibility and hypertension are under independent genetic control in the fawn-hooded rat (242 citations)"
Donna M. Krasnewich,National Institute of General Medical Sciences,US,"Glycosylation and Glycoproteins Research
Lysosomal Storage Disorders Research
Genomics and Rare Diseases","Familial dementia caused by polymerization of mutant neuroserpin (354 citations)
Mutations in the Lysosomal Enzyme–Targeting Pathway and Persistent Stuttering (270 citations)
MARRVEL: Integration of Human and Model Organism Genetic Resources to Facilitate Functional Annotation of the Human Genome (228 citations)"
Donna M. Muzny,Baylor College of Medicine,US,"Cancer Genomics and Diagnostics
Genomics and Rare Diseases
Genomics and Phylogenetic Studies","A global reference for human genetic variation (20396 citations)
Structure, function and diversity of the healthy human microbiome (12146 citations)
The Genome Sequence of Drosophila melanogaster (6044 citations)"
Dustin Key,Kaiser Permanente Washington Health Research Institute,US,"BRCA gene mutations in cancer
Digital Mental Health Interventions
Genomics and Rare Diseases","Harmonizing Clinical Sequencing and Interpretation for the eMERGE III Network (116 citations)
Comparing sensitivity and specificity of screening mammography in the U nited S tates and D enmark (73 citations)
Study protocol for a factorial-randomized controlled trial evaluating the implementation, costs, effectiveness, and sustainment of digital therapeutics for substance use disorder in primary care (DIGITS Trial) (22 citations)"
Dwight D. Koeberl,Duke University,US,"Lysosomal Storage Disorders Research
Glycogen Storage Diseases and Myoclonus
Metabolism and Genetic Disorders","Diagnosis and management of glycogen storage disease type I: a practice guideline of the American College of Medical Genetics and Genomics (513 citations)
Cross-reactive immunologic material status affects treatment outcomes in Pompe disease infants (383 citations)
The tandem mass spectrometry newborn screening experience in North Carolina: 1997–2005 (246 citations)"
Allison E. Ashley‐Koch,Duke Medical Center,US,"Hemoglobinopathies and Related Disorders
Genetic Associations and Epidemiology
Epigenetics and DNA Methylation","Mapping genomic loci implicates genes and synaptic biology in schizophrenia (2886 citations)
Sequencing of 53,831 diverse genomes from the NHLBI TOPMed Program (2363 citations)
Transcriptome-wide isoform-level dysregulation in ASD, schizophrenia, and bipolar disorder (1375 citations)"
Marc Peeters,University of Antwerp,BE,"Colorectal Cancer Treatments and Studies
Cancer Genomics and Diagnostics
Lung Cancer Treatments and Mutations","Wild-Type KRAS Is Required for Panitumumab Efficacy in Patients With Metastatic Colorectal Cancer (3168 citations)
Open-Label Phase III Trial of Panitumumab Plus Best Supportive Care Compared With Best Supportive Care Alone in Patients With Chemotherapy-Refractory Metastatic Colorectal Cancer (2001 citations)
Randomized Trial of TAS-102 for Refractory Metastatic Colorectal Cancer (1453 citations)"
Edward C. Smith,North Carolina Clinical Research,US,"Muscle Physiology and Disorders
Aeroelasticity and Vibration Control
Vibration Control and Rheological Fluids","Onasemnogene abeparvovec gene therapy for symptomatic infantile-onset spinal muscular atrophy in patients with two copies of SMN2 (STR1VE): an open-label, single-arm, multicentre, phase 3 trial (490 citations)
Safety, Tolerability, and Efficacy of Viltolarsen in Boys With Duchenne Muscular Dystrophy Amenable to Exon 53 Skipping (271 citations)
Handbook of Analytical Derivatization Reactions (164 citations)"
Eimear E. Kenny,Icahn School of Medicine at Mount Sinai,US,"Genetic Associations and Epidemiology
Genomics and Rare Diseases
BRCA gene mutations in cancer","A global reference for human genetic variation (20396 citations)
An integrated map of genetic variation from 1,092 human genomes (8263 citations)
Sequencing of 53,831 diverse genomes from the NHLBI TOPMed Program (2363 citations)"
Elaine H. Zackai,University of Pennsylvania,US,"Congenital heart defects research
Genomic variations and chromosomal abnormalities
Congenital Heart Disease Studies","22q11.2 deletion syndrome (2269 citations)
Mutations in IRF6 cause Van der Woude and popliteal pterygium syndromes (909 citations)
A Mosaic Activating Mutation in AKT1 Associated with the Proteus Syndrome (895 citations)"
Elena Infante,Children's Hospital of Pittsburgh,US,"Genomics and Rare Diseases
Genomic variations and chromosomal abnormalities
Genetics and Neurodevelopmental Disorders","Clinical Presentation of a Complex Neurodevelopmental Disorder Caused by Mutations in ADNP (187 citations)
IRF2BPL Is Associated with Neurological Phenotypes (115 citations)
Phenotypic and molecular characterisation of CDK13-related congenital heart defects, dysmorphic facial features and intellectual developmental disorders (76 citations)"
Elisa Alghisi,University of Brescia,IT,"Zebrafish Biomedical Research Applications
Epigenetics and DNA Methylation
Acute Myeloid Leukemia Research","Mutations in signal recognition particle SRP54 cause syndromic neutropenia with Shwachman-Diamond–like features (175 citations)
Evi1 regulates Notch activation to induce zebrafish hematopoietic stem cell emergence (47 citations)
Targeting oncogene expression to endothelial cells induces proliferation of the myelo-erythroid lineage by repressing the notch pathway (32 citations)"
Elise Fiala,Memorial Sloan Kettering Cancer Center,US,"Cancer Genomics and Diagnostics
Hemoglobinopathies and Related Disorders
Hemoglobin structure and function","Prospective pan-cancer germline testing using MSK-IMPACT informs clinical translation in 751 patients with pediatric solid tumors (175 citations)
CHD3 helicase domain mutations cause a neurodevelopmental syndrome with macrocephaly and impaired speech and language (125 citations)
The Exome Clinic and the role of medical genetics expertise in the interpretation of exome sequencing results (125 citations)"
Elise G. Austin,Baylor College of Medicine,US,"Congenital heart defects research
Sexual Differentiation and Disorders
Mitochondrial Function and Pathology","State of the art review in gonadal dysgenesis: challenges in diagnosis and management (157 citations)
Mutations in PURA Cause Profound Neonatal Hypotonia, Seizures, and Encephalopathy in 5q31.3 Microdeletion Syndrome (115 citations)
De novo deletions and duplications of 17q25.3 cause susceptibility to cardiovascular malformations (53 citations)"
Elizabeth A. Burke,Mesoblast (United States),US,"Genomics and Rare Diseases
Genetics and Neurodevelopmental Disorders
Cellular transport and secretion","MARRVEL: Integration of Human and Model Organism Genetic Resources to Facilitate Functional Annotation of the Human Genome (228 citations)
The Undiagnosed Diseases Network: Accelerating Discovery about Health and Disease (190 citations)
A Syndromic Neurodevelopmental Disorder Caused by De Novo Variants in EBF3 (124 citations)"
Elizabeth A. Normand,GenVec,US,"Prenatal Screening and Diagnostics
Genomic variations and chromosomal abnormalities
Genomics and Rare Diseases","Reanalysis of Clinical Exome Sequencing Data (306 citations)
Clinical exome sequencing for fetuses with ultrasound abnormalities and a suspected Mendelian disorder (165 citations)
Evidence for feasibility of fetal trophoblastic cell‐based noninvasive prenatal testing (118 citations)"
Elizabeth Bhoj,University of Pennsylvania,US,"Genomics and Rare Diseases
Genomic variations and chromosomal abnormalities
Genetics and Neurodevelopmental Disorders","ARAF recurrent mutation causes central conducting lymphatic anomaly treatable with a MEK inhibitor (224 citations)
De Novo Mutations in Protein Kinase Genes CAMK2A and CAMK2B Cause Intellectual Disability (202 citations)
MAVS and MyD88 are essential for innate immunity but not cytotoxic T lymphocyte response against respiratory syncytial virus (147 citations)"
Elizabeth K. Schorry,Children's Hospital & Medical Center,US,"Neurofibromatosis and Schwannoma Cases
Meningioma and schwannoma management
Neuroblastoma Research and Treatments","Revised diagnostic criteria for neurofibromatosis type 1 and Legius syndrome: an international consensus recommendation (824 citations)
Activity of Selumetinib in Neurofibromatosis Type 1–Related Plexiform Neurofibromas (684 citations)
Updated diagnostic criteria and nomenclature for neurofibromatosis type 2 and schwannomatosis: An international consensus recommendation (295 citations)"
Joel B. Krier,Brigham and Women's Hospital,US,"Genomics and Rare Diseases
BRCA gene mutations in cancer
Cancer Genomics and Diagnostics","The Matchmaker Exchange: A Platform for Rare Disease Gene Discovery (497 citations)
Interpretation of Genomic Sequencing Results in Healthy and Ill Newborns: Results from the BabySeq Project (315 citations)
MARRVEL: Integration of Human and Model Organism Genetic Resources to Facilitate Functional Annotation of the Human Genome (228 citations)"
Elizabeth W. Karlson,Mass General Brigham,US,"Rheumatoid Arthritis Research and Therapies
Genetic Associations and Epidemiology
Systemic Lupus Erythematosus Research","Cardiovascular Morbidity and Mortality in Women Diagnosed With Rheumatoid Arthritis (1253 citations)
Pathologically expanded peripheral T helper cell subset drives B cells in rheumatoid arthritis (1155 citations)
Mapping the human genetic architecture of COVID-19 (1130 citations)"
Ellen M. Howerton,Johns Hopkins University,US,"Autism Spectrum Disorder Research
Epigenetics and DNA Methylation
Genomics and Rare Diseases","Prevalence and Early Identification of Autism Spectrum Disorder Among Children Aged 4 and 8 Years — Autism and Developmental Disabilities Monitoring Network, 16 Sites, United States, 2022 (735 citations)
MARRVEL: Integration of Human and Model Organism Genetic Resources to Facilitate Functional Annotation of the Human Genome (228 citations)
The Undiagnosed Diseases Network: Accelerating Discovery about Health and Disease (190 citations)"
Elodie Bottollier-Lemallaz,Hôpital d'Enfants,FR,"Neutrophil, Myeloperoxidase and Oxidative Mechanisms
Immunodeficiency and Autoimmune Disorders
Blood disorders and treatments",Mutations in signal recognition particle SRP54 cause syndromic neutropenia with Shwachman-Diamond–like features (175 citations)
Emilie D. Douine,,,"Genomics and Rare Diseases
Muscle Physiology and Disorders
Genetics and Neurodevelopmental Disorders","Diagnostic utility of transcriptome sequencing for rare Mendelian diseases (234 citations)
IRF2BPL Is Associated with Neurological Phenotypes (115 citations)
Next-generation mapping: a novel approach for detection of pathogenic structural variants with a potential utility in clinical diagnosis (114 citations)"
Emily Glanton,Harvard University,US,"Genomics and Rare Diseases
BRCA gene mutations in cancer
Ethics in Clinical Research","IRF2BPL Is Associated with Neurological Phenotypes (115 citations)
Biallelic Mutations in ATP5F1D, which Encodes a Subunit of ATP Synthase, Cause a Metabolic Disorder (108 citations)
Expanding the Spectrum of BAF-Related Disorders: De Novo Variants in SMARCC2 Cause a Syndrome with Intellectual Disability and Developmental Delay (94 citations)"
Emmelien Aten,Leiden University Medical Center,NL,"Genomics and Rare Diseases
Prenatal Screening and Diagnostics
Genetics and Neurodevelopmental Disorders","Targeted sequencing identifies 91 neurodevelopmental-disorder risk genes with autism and developmental-disability biases (590 citations)
High-Resolution Melting Analysis (HRMA)-More than just sequence variant screening (489 citations)
Mutations in SWI/SNF chromatin remodeling complex gene ARID1B cause Coffin-Siris syndrome (354 citations)"
Eric Boerwinkle,,,"Genetic Associations and Epidemiology
Genomics and Rare Diseases
Diabetes, Cardiovascular Risks, and Lipoproteins","A global reference for human genetic variation (20396 citations)
Genetic studies of body mass index yield new insights for obesity biology (4952 citations)
Meta-analysis of 74,046 individuals identifies 11 new susceptibility loci for Alzheimer's disease (4700 citations)"
J. Eric Schmitt,University of Pennsylvania,US,"Congenital heart defects research
Functional Brain Connectivity Studies
Williams Syndrome Research","Quantitative assessment of structural image quality (502 citations)
Genetic and Environmental Influences on Alcohol, Caffeine, Cannabis, and Nicotine Use From Early Adolescence to Middle Adulthood (494 citations)
Neuroanatomy of Down’s Syndrome: A High-Resolution MRI Study (459 citations)"
Eric Venner,Baylor Genetics,US,"Genomics and Rare Diseases
Genetic Associations and Epidemiology
BRCA gene mutations in cancer","A large-scale evaluation of computational protein function prediction (1120 citations)
Genomic data in the All of Us Research Program (824 citations)
Improving reporting standards for polygenic scores in risk prediction studies (513 citations)"
Eric W. Klee,Mayo Clinic in Florida,US,"Genomics and Rare Diseases
Cancer Genomics and Diagnostics
Genetics and Neurodevelopmental Disorders","Standards and Guidelines for Validating Next-Generation Sequencing Bioinformatics Pipelines (490 citations)
Integrated Genomic Characterization Reveals Novel, Therapeutically Relevant Drug Targets in FGFR and EGFR Pathways in Sporadic Intrahepatic Cholangiocarcinoma (345 citations)
Preemptive Genotyping for Personalized Medicine: Design of the Right Drug, Right Dose, Right Time—Using Genomic Data to Individualize Treatment Protocol (306 citations)"
Erica H. Gerkes,Radboud University Medical Center,NL,"Genomics and Rare Diseases
Genomic variations and chromosomal abnormalities
Genetics and Neurodevelopmental Disorders","High Rate of Recurrent De Novo Mutations in Developmental and Epileptic Encephalopathies (465 citations)
The Koolen-de Vries syndrome: a phenotypic comparison of patients with a 17q21.31 microdeletion versus a KANSL1 sequence variant (191 citations)
Identification of ANKRD11 and ZNF778 as candidate genes for autism and variable cognitive impairment in the novel 16q24.3 microdeletion syndrome (164 citations)"
Erika Zink,Pacific Northwest National Laboratory,US,"Methane Hydrates and Related Phenomena
Seismic Waves and Analysis
Earthquake Detection and Analysis","Human Gut Microbiota from Autism Spectrum Disorder Promote Behavioral Symptoms in Mice (1209 citations)
Proteogenomic and metabolomic characterization of human glioblastoma (716 citations)
Drought delays development of the sorghum root microbiome and enriches for monoderm bacteria (699 citations)"
Erin E. Cooney,Johns Hopkins University,US,"LGBTQ Health, Identity, and Policy
HIV/AIDS Research and Interventions
Sexuality, Behavior, and Technology","A Gap Between Willingness and Uptake: Findings From Mixed Methods Research on HIV Prevention Among Black and Latina Transgender Women (148 citations)
CWD After “the Fire”: Six Reasons Why Hunters Resisted Wisconsin's Eradication Effort (79 citations)
The transgender-specific intimate partner violence scale for research and practice: Validation in a sample of transgender women (65 citations)"
Erwin P. Böttinger,,,"Genetic Associations and Epidemiology
Chronic Kidney Disease and Diabetes
TGF-β signaling in diseases","The mutational constraint spectrum quantified from variation in 141,456 humans (10373 citations)
Genetic studies of body mass index yield new insights for obesity biology (4952 citations)
Defining the role of common variation in the genomic and biological architecture of adult human height (2113 citations)"
Esteban C. Dell’Angelica,,,"Cellular transport and secretion
melanin and skin pigmentation
Biochemical Analysis and Sensing Techniques","Altered Trafficking of Lysosomal Proteins in Hermansky-Pudlak Syndrome Due to Mutations in the β3A Subunit of the AP-3 Adaptor (674 citations)
Lysosome‐related organelles (473 citations)
Hermansky-Pudlak syndrome type 7 (HPS-7) results from mutant dysbindin, a member of the biogenesis of lysosome-related organelles complex 1 (BLOC-1) (435 citations)"
Esteban C. Dell’Angelica,,,"Cellular transport and secretion
melanin and skin pigmentation
Biochemical Analysis and Sensing Techniques","Altered Trafficking of Lysosomal Proteins in Hermansky-Pudlak Syndrome Due to Mutations in the β3A Subunit of the AP-3 Adaptor (674 citations)
Lysosome‐related organelles (473 citations)
Hermansky-Pudlak syndrome type 7 (HPS-7) results from mutant dysbindin, a member of the biogenesis of lysosome-related organelles complex 1 (BLOC-1) (435 citations)"
Estelle Colin,Université d'Angers,FR,"Genomics and Rare Diseases
Genetics and Neurodevelopmental Disorders
Genomic variations and chromosomal abnormalities","Efficient strategy for the molecular diagnosis of intellectual disability using targeted high-throughput sequencing (275 citations)
AMPA receptor GluA2 subunit defects are a cause of neurodevelopmental disorders (254 citations)
KIF7 mutations cause fetal hydrolethalus and acrocallosal syndromes (245 citations)"
Euan A. Ashley,Stanford University,US,"Cardiomyopathy and Myosin Studies
Cardiovascular Effects of Exercise
Genomics and Rare Diseases","Personal Omics Profiling Reveals Dynamic Molecular and Medical Phenotypes (1320 citations)
Guidelines for investigating causality of sequence variants in human disease (1291 citations)
Artificial Intelligence in Cardiology (1191 citations)"
Fabio Fernandez,Baylor College of Medicine,US,"Mitochondrial Function and Pathology
Herpesvirus Infections and Treatments
Neuroendocrine Tumor Research Advances","Mutations in PURA Cause Profound Neonatal Hypotonia, Seizures, and Encephalopathy in 5q31.3 Microdeletion Syndrome (115 citations)
Cerebral Infarction Associated with Mycoplasma pneumoniae (62 citations)
Spinocerebellar Ataxia Type 2 Presenting With Cognitive Regression in Childhood (19 citations)"
Fadi F. Hamdan,Université de Montréal,CA,"Genetics and Neurodevelopmental Disorders
Genomics and Rare Diseases
Genomic variations and chromosomal abnormalities","High Rate of Recurrent De Novo Mutations in Developmental and Epileptic Encephalopathies (465 citations)
De Novo Mutations in Moderate or Severe Intellectual Disability (430 citations)
De novo mutations in the gene encoding the synaptic scaffolding protein SHANK3 in patients ascertained for schizophrenia (380 citations)"
Fan Xia,FZU ‒ Institute of Physics of the Academy of Sciences of the Czech Republic,CZ,"Advanced biosensing and bioanalysis techniques
Nanopore and Nanochannel Transport Studies
Nanoplatforms for cancer theranostics","Petal Effect: A Superhydrophobic State with High Adhesive Force (1984 citations)
Bio‐Inspired, Smart, Multiscale Interfacial Materials (966 citations)
Colorimetric detection of DNA, small molecules, proteins, and ions using unmodified gold nanoparticles and conjugated polyelectrolytes (540 citations)"
Fanny Rialland,Hôtel-Dieu de Paris,FR,"Hematopoietic Stem Cell Transplantation
Acute Lymphoblastic Leukemia research
Acute Myeloid Leukemia Research","Mutations in signal recognition particle SRP54 cause syndromic neutropenia with Shwachman-Diamond–like features (175 citations)
Active Surveillance Program to Increase Awareness on Invasive Fungal Diseases: the French RESSIF Network (2012 to 2018) (105 citations)
Single- vs double-unit cord blood transplantation for children and young adults with acute leukemia or myelodysplastic syndrome (104 citations)"
Feifei Tao,Shaoxing University,CN,"Advanced Photocatalysis Techniques
Copper-based nanomaterials and applications
Gas Sensing Nanomaterials and Sensors","Boosted Inner Surface Charge Transfer in Perovskite Nanodots@Mesoporous Titania Frameworks for Efficient and Selective Photocatalytic CO 2 Reduction to Methane (199 citations)
Fabrication and electrochemical properties of carbon nanotube array electrode for supercapacitors (170 citations)
An Easy Way to Construct an Ordered Array of Nickel Nanotubes: The Triblock‐Copolymer‐Assisted Hard‐Template Method (114 citations)"
Fernando Scaglia,University of Hong Kong,HK,"Metabolism and Genetic Disorders
Mitochondrial Function and Pathology
Genomics and Rare Diseases","Recurrent reciprocal 1q21.1 deletions and duplications associated with microcephaly or macrocephaly and developmental and behavioral abnormalities (638 citations)
Diagnosis and management of mitochondrial disease: a consensus statement from the Mitochondrial Medicine Society (623 citations)
MELAS syndrome: Clinical manifestations, pathogenesis, and treatment options (610 citations)"
Fiorella Speziani,Dr. John T. Macdonald Foundation,US,"Hereditary Neurological Disorders
Neurological diseases and metabolism
Genetic Neurodegenerative Diseases","Mutations in SLC25A46, encoding a UGO1-like protein, cause an optic atrophy spectrum disorder (208 citations)
Mutations in BICD2 Cause Dominant Congenital Spinal Muscular Atrophy and Hereditary Spastic Paraplegia (191 citations)
Alteration of Ganglioside Biosynthesis Responsible for Complex Hereditary Spastic Paraplegia (185 citations)"
Flavia Fontanesi,Sylvester Comprehensive Cancer Center,US,"Mitochondrial Function and Pathology
ATP Synthase and ATPases Research
Photosynthetic Processes and Mechanisms","Mitochondrial Complex I Plays an Essential Role in Human Respirasome Assembly (262 citations)
Evaluation of the Mitochondrial Respiratory Chain and Oxidative Phosphorylation System Using Polarography and Spectrophotometric Enzyme Assays (254 citations)
Assembly of mitochondrial cytochrome c-oxidase, a complicated and highly regulated cellular process (251 citations)"
Floris C. Hofstede,,,"Metabolism and Genetic Disorders
Pharmacogenetics and Drug Metabolism
Muscle metabolism and nutrition","IDH2 Mutations in Patients with d -2-Hydroxyglutaric Aciduria (196 citations)
Phenotype and genotype in 101 males with X-linked creatine transporter deficiency (167 citations)
Expanding the Spectrum of BAF-Related Disorders: De Novo Variants in SMARCC2 Cause a Syndrome with Intellectual Disability and Developmental Delay (94 citations)"
Francesco Vetrini,Indiana University – Purdue University Indianapolis,US,"Genomics and Rare Diseases
Genomic variations and chromosomal abnormalities
Genetics and Neurodevelopmental Disorders","TFEB Links Autophagy to Lysosomal Biogenesis (3353 citations)
A lysosome‐to‐nucleus signalling mechanism senses and regulates the lysosome via mTOR and TFEB (1964 citations)
TFEB controls cellular lipid metabolism through a starvation-induced autoregulatory loop (1020 citations)"
Francisco Martı́nez,INCLIVA Health Research Institute,ES,"Genetics and Neurodevelopmental Disorders
Genomic variations and chromosomal abnormalities
Genomics and Rare Diseases","A systematic, large-scale resequencing screen of X-chromosome coding exons in mental retardation (621 citations)
X-linked spermine synthase gene (SMS) defect: the first polyamine deficiency syndrome (178 citations)
Phenotype Correlation and Intergenerational Dynamics of the Friedreich Ataxia GAA Trinucleotide Repeat (174 citations)"
Frank J. Probst,,,"Genomic variations and chromosomal abnormalities
Congenital heart defects research
Genetics and Neurodevelopmental Disorders","Recurrent reciprocal 16p11.2 rearrangements associated with global developmental delay, behavioural problems, dysmorphism, epilepsy, and abnormal head size (604 citations)
Association of Unconventional Myosin MYO15 Mutations with Human Nonsyndromic Deafness DFNB3 (442 citations)
Correction of Deafness in shaker-2 Mice by an Unconventional Myosin in a BAC Transgene (422 citations)"
G Derksen‐Lubsen,Juliana Kinderziekenhuis,NL,"Epilepsy research and treatment
Neonatal and fetal brain pathology
Bacterial Infections and Vaccines","External validation is necessary in prediction research: (720 citations)
Risk factors for seizure recurrence in children with febrile seizures: A pooled analysis of individual patient data from five studies (200 citations)
Neuropsychologic Development in Early Treated Congenital Hypothyroidism: Analysis of Literature Data (152 citations)"
Gabriel F. Batzli,,,"Genomics and Rare Diseases
Genetics and Neurodevelopmental Disorders
RNA regulation and disease","IRF2BPL Is Associated with Neurological Phenotypes (115 citations)
Biallelic Mutations in ATP5F1D, which Encodes a Subunit of ATP Synthase, Cause a Metabolic Disorder (108 citations)
Lysosomal Storage and Albinism Due to Effects of a De Novo CLCN7 Variant on Lysosomal Acidification (99 citations)"
Gabriela Purcarin,,,"Genomics and Rare Diseases
Genetics and Neurodevelopmental Disorders
Ubiquitin and proteasome pathways","High Rate of Recurrent De Novo Mutations in Developmental and Epileptic Encephalopathies (465 citations)
Mutations in PURA Cause Profound Neonatal Hypotonia, Seizures, and Encephalopathy in 5q31.3 Microdeletion Syndrome (115 citations)
Spatially clustering de novo variants in CYFIP2, encoding the cytoplasmic FMRP interacting protein 2, cause intellectual disability and seizures (73 citations)"
Gail A. Spiridigliozzi,Duke University Hospital,US,"Genetics and Neurodevelopmental Disorders
Autism Spectrum Disorder Research
Down syndrome and intellectual disability research","Evidence that methylation of the FMR-I locus is responsible for variable phenotypic expression of the fragile X syndrome. (169 citations)
Cholinergic therapy for Down's syndrome (122 citations)
IRF2BPL Is Associated with Neurological Phenotypes (115 citations)"
Gail P. Jarvik,University of Washington Medical Center,US,"Genetic Associations and Epidemiology
Genomics and Rare Diseases
BRCA gene mutations in cancer","Genetic meta-analysis of diagnosed Alzheimer’s disease identifies new risk loci and implicates Aβ, tau, immunity and lipid processing (3267 citations)
New insights into the genetic etiology of Alzheimer’s disease and related dementias (2597 citations)
Common variants at MS4A4/MS4A6E, CD2AP, CD33 and EPHA1 are associated with late-onset Alzheimer's disease (2023 citations)"
Garrett Gotway,The University of Texas Southwestern Medical Center,US,"Genomic variations and chromosomal abnormalities
Genomics and Rare Diseases
Metabolism and Genetic Disorders","Human and mouse homologs of Escherichia coli DinB (DNA polymerase IV), members of the UmuC/DinB superfamily (189 citations)
De Novo Mutations in CHD4 , an ATP-Dependent Chromatin Remodeler Gene, Cause an Intellectual Disability Syndrome with Distinctive Dysmorphisms (158 citations)
Chromosomal Localization of a Human Mucin Gene (MUC8) and Cloning of the cDNA Corresponding to the Carboxy Terminus (149 citations)"
Gary M. Clark,Dana-Farber Brigham Cancer Center,US,"Breast Cancer Treatment Studies
HER2/EGFR in Cancer Research
Estrogen and related hormone effects","Human Breast Cancer: Correlation of Relapse and Survival with Amplification of the HER-2/ neu Oncogene (11805 citations)
Erlotinib in Previously Treated Non–Small-Cell Lung Cancer (5468 citations)
Erlotinib Plus Gemcitabine Compared With Gemcitabine Alone in Patients With Advanced Pancreatic Cancer: A Phase III Trial of the National Cancer Institute of Canada Clinical Trials Group (3880 citations)"
Gauthami Chandanavelli,Baylor Genetics,US,"Genomics and Rare Diseases
BRCA gene mutations in cancer
Genetic Associations and Epidemiology","Harmonizing Clinical Sequencing and Interpretation for the eMERGE III Network (116 citations)
Implementation of preemptive DNA sequence–based pharmacogenomics testing across a large academic medical center: The Mayo-Baylor RIGHT 10K Study (71 citations)
Neptune: an environment for the delivery of genomic medicine (8 citations)"
Gayle Patel,Texas Oncology,US,"BRCA gene mutations in cancer
Genetics and Neurodevelopmental Disorders
Genomic variations and chromosomal abnormalities","A study of over 35,000 women with breast cancer tested with a 25‐gene panel of hereditary cancer genes (413 citations)
Mutations inSYNGAP1Cause Intellectual Disability, Autism, and a Specific Form of Epilepsy by Inducing Haploinsufficiency (283 citations)
A small recurrent deletion within 15q13.3 is associated with a range of neurodevelopmental phenotypes (185 citations)"
Gayle Patel,Texas Oncology,US,"BRCA gene mutations in cancer
Genetics and Neurodevelopmental Disorders
Genomic variations and chromosomal abnormalities","A study of over 35,000 women with breast cancer tested with a 25‐gene panel of hereditary cancer genes (413 citations)
Mutations inSYNGAP1Cause Intellectual Disability, Autism, and a Specific Form of Epilepsy by Inducing Haploinsufficiency (283 citations)
A small recurrent deletion within 15q13.3 is associated with a range of neurodevelopmental phenotypes (185 citations)"
George Hripcsak,Columbia University,US,"Biomedical Text Mining and Ontologies
Electronic Health Records Systems
Machine Learning in Healthcare","Observational Study of Hydroxychloroquine in Hospitalized Patients with Covid-19 (1734 citations)
Observational Health Data Sciences and Informatics (OHDSI): Opportunities for Observational Researchers (1168 citations)
Agreement, the F-Measure, and Reliability in Information Retrieval (970 citations)"
Ghada Alsaleh,NIHR Oxford Musculoskeletal Biomedical Research Centre,GB,"Rheumatoid Arthritis Research and Therapies
Autophagy in Disease and Therapy
Systemic Lupus Erythematosus Research","Polyamines Control eIF5A Hypusination, TFEB Translation, and Autophagy to Reverse B Cell Senescence (356 citations)
Mutations in signal recognition particle SRP54 cause syndromic neutropenia with Shwachman-Diamond–like features (175 citations)
TLR2 Expression Is Regulated by MicroRNA miR-19 in Rheumatoid Fibroblast-like Synoviocytes (172 citations)"
Ghayda Mirzaa,Brotman Baty Institute,US,"Genomics and Rare Diseases
Genetics and Neurodevelopmental Disorders
Genomic variations and chromosomal abnormalities","De novo germline and postzygotic mutations in AKT3, PIK3R2 and PIK3CA cause a spectrum of related megalencephaly syndromes (760 citations)
A Drosophila Genetic Resource of Mutants to Study Mechanisms Underlying Human Genetic Diseases (404 citations)
PI3K/AKT pathway mutations cause a spectrum of brain malformations from megalencephaly to focal cortical dysplasia (371 citations)"
Gijs W.E. Santen,Leiden University Medical Center,NL,"Genomics and Rare Diseases
Chromatin Remodeling and Cancer
Genetics and Neurodevelopmental Disorders","Digenic inheritance of an SMCHD1 mutation and an FSHD-permissive D4Z4 allele causes facioscapulohumeral muscular dystrophy type 2 (670 citations)
Targeted sequencing identifies 91 neurodevelopmental-disorder risk genes with autism and developmental-disability biases (590 citations)
Loss-of-function mutations in MICU1 cause a brain and muscle disorder linked to primary alterations in mitochondrial calcium signaling (385 citations)"
Gijs van Haaften,University Medical Center Utrecht,NL,"Ion channel regulation and function
Cardiac Ischemia and Reperfusion
Genomics and Rare Diseases","Somatic mutations of the histone H3K27 demethylase gene UTX in human cancer (794 citations)
Genome-wide RNA interference screen identifies previously undescribed regulators of polyglutamine aggregation (422 citations)
The Poly(A)-Binding Protein Nuclear 1 Suppresses Alternative Cleavage and Polyadenylation Sites (351 citations)"
Glen R. Monroe,,,"Genetic and Kidney Cyst Diseases
Neurological diseases and metabolism
Genomics and Rare Diseases","Effectiveness of whole-exome sequencing and costs of the traditional diagnostic trajectory in children with intellectual disability (189 citations)
Loss of Syntaxin 3 Causes Variant Microvillus Inclusion Disease (181 citations)
De Novo Mutations in CHD4 , an ATP-Dependent Chromatin Remodeler Gene, Cause an Intellectual Disability Syndrome with Distinctive Dysmorphisms (158 citations)"
Graziella Di Cristo,Université de Montréal,CA,"Neuroscience and Neuropharmacology Research
Neural dynamics and brain function
Neuroinflammation and Neurodegeneration Mechanisms","Experience and Activity-Dependent Maturation of Perisomatic GABAergic Innervation in Primary Visual Cortex during a Postnatal Critical Period (616 citations)
GAD67-Mediated GABA Synthesis and Signaling Regulate Inhibitory Synaptic Innervation in the Visual Cortex (327 citations)
Mutations inSYNGAP1Cause Intellectual Disability, Autism, and a Specific Form of Epilepsy by Inducing Haploinsufficiency (283 citations)"
Gregory M. Cooper,HudsonAlpha Institute for Biotechnology,US,"Genomics and Rare Diseases
Craniofacial Disorders and Treatments
Genomic variations and chromosomal abnormalities","A general framework for estimating the relative pathogenicity of human genetic variants (6677 citations)
Identification and analysis of functional elements in 1% of the human genome by the ENCODE pilot project (5287 citations)
CADD: predicting the deleteriousness of variants throughout the human genome (3989 citations)"
Gregory M. Enns,Stanford University,US,"Metabolism and Genetic Disorders
Mitochondrial Function and Pathology
Genomics and Rare Diseases","Diagnosis and management of mitochondrial disease: a consensus statement from the Mitochondrial Medicine Society (623 citations)
Clinical Interpretation and Implications of Whole-Genome Sequencing (466 citations)
Survival after Treatment with Phenylacetate and Benzoate for Urea-Cycle Disorders (357 citations)"
Gretchen Golas,National Institute of Mental Health,US,"Genomics and Rare Diseases
melanin and skin pigmentation
Lysosomal Storage Disorders Research","A Mosaic Activating Mutation in AKT1 Associated with the Proteus Syndrome (895 citations)
GRIN2A mutation and early‐onset epileptic encephalopathy: personalized therapy with memantine (299 citations)
The National Institutes of Health Undiagnosed Diseases Program: insights into rare diseases (296 citations)"
Guy A. Rouleau,McGill University,CA,"Amyotrophic Lateral Sclerosis Research
Genetic Neurodegenerative Diseases
Neurogenetic and Muscular Disorders Research","Mutations in Cu/Zn superoxide dismutase gene are associated with familial amyotrophic lateral sclerosis (7098 citations)
Identification of novel risk loci, causal insights, and heritable risk for Parkinson's disease: a meta-analysis of genome-wide association studies (2605 citations)
Mutations in the FUS/TLS Gene on Chromosome 16 Cause Familial Amyotrophic Lateral Sclerosis (2575 citations)"
Haley Streff,Ambry Genetics (United States),US,"Genomics and Rare Diseases
Genomic variations and chromosomal abnormalities
Genetics and Neurodevelopmental Disorders","Reanalysis of Clinical Exome Sequencing Data (306 citations)
Clinical spectrum of individuals with pathogenic N F1 missense variants affecting p.Met1149, p.Arg1276, and p.Lys1423: genotype–phenotype study in neurofibromatosis type 1 (138 citations)
De Novo Variants in the ATPase Module of MORC2 Cause a Neurodevelopmental Disorder with Growth Retardation and Variable Craniofacial Dysmorphism (115 citations)"
Han G. Brunner,Radboud Institute for Molecular Life Sciences,NL,"Genomics and Rare Diseases
Genomic variations and chromosomal abnormalities
Genetics and Neurodevelopmental Disorders","Mutations in PTPN11, encoding the protein tyrosine phosphatase SHP-2, cause Noonan syndrome (1745 citations)
Abnormal Behavior Associated with a Point Mutation in the Structural Gene for Monoamine Oxidase A (1656 citations)
Diagnostic Exome Sequencing in Persons with Severe Intellectual Disability (1599 citations)"
Hana Bangash,Mayo Clinic in Florida,US,"Lipoproteins and Cardiovascular Health
Genetic Associations and Epidemiology
BRCA gene mutations in cancer","Returning integrated genomic risk and clinical recommendations: The eMERGE study (125 citations)
Harmonizing Clinical Sequencing and Interpretation for the eMERGE III Network (116 citations)
New Case Detection by Cascade Testing in Familial Hypercholesterolemia (83 citations)"
Hana Zouk,Laboratory for Personalized Molecular Medicine,US,"Genomics and Rare Diseases
BRCA gene mutations in cancer
Genetic Associations and Epidemiology","Characterization of impulsivity in suicide completers: Clinical, behavioral and psychosocial dimensions (196 citations)
The landscape of reported VUS in multi-gene panel and genomic testing: Time for a change (133 citations)
Frequency of genomic secondary findings among 21,915 eMERGE network participants (123 citations)"
Hane Lee,SNP Genetics (South Korea),KR,"Genomics and Rare Diseases
Genetics and Neurodevelopmental Disorders
Genomic variations and chromosomal abnormalities","Melanomas acquire resistance to B-RAF(V600E) inhibition by RTK or N-RAS upregulation (2179 citations)
Clinical Exome Sequencing for Genetic Identification of Rare Mendelian Disorders (997 citations)
Melanoma whole-exome sequencing identifies V600EB-RAF amplification-mediated acquired B-RAF inhibitor resistance (629 citations)"
Hans‐Hilger Ropers,Max Planck Institute for Molecular Genetics,DE,"Genetics and Neurodevelopmental Disorders
Genomic variations and chromosomal abnormalities
Genetic and Clinical Aspects of Sex Determination and Chromosomal Abnormalities","Abnormal Behavior Associated with a Point Mutation in the Structural Gene for Monoamine Oxidase A (1656 citations)
Deep sequencing reveals 50 novel genes for recessive cognitive disorders (992 citations)
X-Linked Mental Retardation and Autism Are Associated with a Mutation in the NLGN4 Gene, a Member of the Neuroligin Family (766 citations)"
Hans‐Jürgen Kreienkamp,University Medical Center Hamburg-Eppendorf,DE,"Receptor Mechanisms and Signaling
Neuroscience and Neuropharmacology Research
Cellular transport and secretion","THE CONCISE GUIDE TO PHARMACOLOGY 2021/22: G protein‐coupled receptors (488 citations)
The Concise Guide to PHARMACOLOGY 2023/24: G protein-coupled receptors (393 citations)
Homo- and Heterodimerization of Somatostatin Receptor Subtypes (316 citations)"
Hanyin Cheng,,,"Ocular Oncology and Treatments
Retinal Development and Disorders
Microtubule and mitosis dynamics","Circulating Plasma MiR-141 Is a Novel Biomarker for Metastatic Colon Cancer and Predicts Poor Prognosis (437 citations)
Integrated Analyses Identify a Master MicroRNA Regulatory Network for the Mesenchymal Subtype in Serous Ovarian Cancer (401 citations)
Reanalysis of Clinical Exome Sequencing Data (306 citations)"
J. F. Hu,Tsinghua University,CN,"Particle physics theoretical and experimental studies
Quantum Chromodynamics and Particle Interactions
High-Energy Particle Collisions Research","Design and construction of the BESIII detector (1260 citations)
Observation of a Charged Charmoniumlike Structure in e+e−→π+π−J/ψ at s=4.26 GeV (934 citations)
Observation of a Narrow Pentaquark State, P c ( 4312 ) + , and of the Two-Peak Structure of the P c ( 4450 ) + (739 citations)"
Harris T. Bland,Vanderbilt University Medical Center,US,"BRCA gene mutations in cancer
Genomics and Rare Diseases
Genetic Associations and Epidemiology","Returning integrated genomic risk and clinical recommendations: The eMERGE study (125 citations)
Harmonizing Clinical Sequencing and Interpretation for the eMERGE III Network (116 citations)
LPA Variants Are Associated With Residual Cardiovascular Risk in Patients Receiving Statins (93 citations)"
Hayk Barseghyan,Children's National,US,"Genetic and Clinical Aspects of Sex Determination and Chromosomal Abnormalities
Genomic variations and chromosomal abnormalities
Sexual Differentiation and Disorders","Exome Sequencing for the Diagnosis of 46,XY Disorders of Sex Development (233 citations)
The Undiagnosed Diseases Network: Accelerating Discovery about Health and Disease (190 citations)
Optical Genome Mapping as a Next-Generation Cytogenomic Tool for Detection of Structural and Copy Number Variations for Prenatal Genomic Analyses (140 citations)"
Heather M. McLaughlin,,,"Genomics and Rare Diseases
Genetics and Neurodevelopmental Disorders
Cancer Genomics and Diagnostics","Performance of ACMG-AMP Variant-Interpretation Guidelines among Nine Laboratories in the Clinical Sequencing Exploratory Research Consortium (590 citations)
Results of clinical genetic testing of 2,912 probands with hypertrophic cardiomyopathy: expanded panels offer limited additional sensitivity (460 citations)
An international effort towards developing standards for best practices in analysis, interpretation and reporting of clinical genome sequencing results in the CLARITY Challenge (433 citations)"
Heather S. Hain,Children's Hospital of Philadelphia,US,"Pain Mechanisms and Treatments
BRCA gene mutations in cancer
Genomics and Rare Diseases","Heritability of nociception I: Responses of 11 inbred mouse strains on 12 measures of nociception (658 citations)
Heritability of nociception II. ‘Types’ of nociception revealed by genetic correlation analysis (235 citations)
Returning integrated genomic risk and clinical recommendations: The eMERGE study (125 citations)"
Heidi Cope,RTI International,US,"Genomics and Rare Diseases
Genetics and Neurodevelopmental Disorders
Metabolism and Genetic Disorders","De Novo Pathogenic Variants in CACNA1E Cause Developmental and Epileptic Encephalopathy with Contractures, Macrocephaly, and Dyskinesias (159 citations)
ClinPhen extracts and prioritizes patient phenotypes directly from medical records to expedite genetic disease diagnosis (116 citations)
IRF2BPL Is Associated with Neurological Phenotypes (115 citations)"
Heidi L. Rehm,Center for Systems Biology,US,"Genomics and Rare Diseases
Cancer Genomics and Diagnostics
BRCA gene mutations in cancer","Standards and guidelines for the interpretation of sequence variants: a joint consensus recommendation of the American College of Medical Genetics and Genomics and the Association for Molecular Pathology (33278 citations)
ACMG recommendations for reporting of incidental findings in clinical exome and genome sequencing (2567 citations)
ClinGen — The Clinical Genome Resource (1580 citations)"
Heino Heyman,Pacific Northwest National Laboratory,US,"Ionosphere and magnetosphere dynamics
Astrophysics and Cosmic Phenomena
Geophysics and Gravity Measurements","Listeria monocytogenes virulence factors, including listeriolysin O, are secreted in biologically active extracellular vesicles (165 citations)
Biallelic Mutations in ATP5F1D, which Encodes a Subunit of ATP Synthase, Cause a Metabolic Disorder (108 citations)
Multi-omics Signature of Candida auris , an Emerging and Multidrug-Resistant Pathogen (100 citations)"
Helle Hjalgrim,University of Southern Denmark,DK,"Genetics and Neurodevelopmental Disorders
Epilepsy research and treatment
Genomics and Rare Diseases","Analysis of shared heritability in common disorders of the brain (2052 citations)
Genetic and phenotypic heterogeneity suggest therapeutic implications in SCN2A-related disorders (600 citations)
15q13.3 microdeletions increase risk of idiopathic generalized epilepsy (560 citations)"
Henry J. Lin,Harbor–UCLA Medical Center,US,"Genetic Associations and Epidemiology
Cardiac electrophysiology and arrhythmias
Genomics and Rare Diseases","Sequencing of 53,831 diverse genomes from the NHLBI TOPMed Program (2363 citations)
A structural variation reference for medical and population genetics (1201 citations)
Structure-based discovery of opioid analgesics with reduced side effects (976 citations)"
Hilary J. Vernon,Johns Hopkins Medicine,US,"Mitochondrial Function and Pathology
Metabolism and Genetic Disorders
Genomics and Rare Diseases","Reanalysis of Clinical Exome Sequencing Data (306 citations)
Clinical whole exome sequencing in child neurology practice (292 citations)
Cardiolipin, Mitochondria, and Neurological Disease (281 citations)"
Thong M. Pham,The University of Adelaide,AU,"Structural Behavior of Reinforced Concrete
Innovative concrete reinforcement materials
Structural Response to Dynamic Loads","Towards next generation design of sustainable, durable, multi-hazard resistant, resilient, and smart civil engineering structures (300 citations)
Energy absorption characteristics of bio-inspired hierarchical multi-cell square tubes under axial crushing (261 citations)
Mechanical properties and energy absorption of bio-inspired hierarchical circular honeycomb (249 citations)"
Holly H. Zimmerman,Clemson University,US,"Congenital heart defects research
Mitochondrial Function and Pathology
Cellular transport and secretion","Mutations in SLC25A46, encoding a UGO1-like protein, cause an optic atrophy spectrum disorder (208 citations)
De novo mutation screening in childhood-onset cerebellar atrophy identifies gain-of-function mutations in the CACNA1G calcium channel gene (110 citations)
Chiari I malformation, delayed gross motor skills, severe speech delay, and epileptiform discharges in a child with FOXP1 haploinsufficiency (92 citations)"
Hongzheng Dai,Baylor Genetics,US,"Genomics and Rare Diseases
Genomic variations and chromosomal abnormalities
Genetics and Neurodevelopmental Disorders","Use of Exome Sequencing for Infants in Intensive Care Units (439 citations)
Reanalysis of Clinical Exome Sequencing Data (306 citations)
Non-invasive prenatal sequencing for multiple Mendelian monogenic disorders using circulating cell-free fetal DNA (274 citations)"
Hope Northrup,The University of Texas Health Science Center at Houston,US,"Tuberous Sclerosis Complex Research
Spinal Dysraphism and Malformations
Folate and B Vitamins Research","Tuberous Sclerosis Complex Diagnostic Criteria Update: Recommendations of the 2012 International Tuberous Sclerosis Complex Consensus Conference (1524 citations)
Tuberous Sclerosis Complex Consensus Conference: Revised Clinical Diagnostic Criteria (1086 citations)
Tuberous Sclerosis Complex Surveillance and Management: Recommendations of the 2012 International Tuberous Sclerosis Complex Consensus Conference (866 citations)"
Howard J. Jacob,AbbVie (United States),US,"Renin-Angiotensin System Studies
Genetic Associations and Epidemiology
Hormonal Regulation and Hypertension","FinnGen provides genetic insights from a well-phenotyped isolated population (4329 citations)
New insights into the genetic etiology of Alzheimer’s disease and related dementias (2597 citations)
Characterization of human plasma-derived exosomal RNAs by deep sequencing (1079 citations)"
Hsiao‐Tuan Chao,Texas Children's Hospital,US,"Genomics and Rare Diseases
Genomic variations and chromosomal abnormalities
Genetics and Neurodevelopmental Disorders","MeCP2 Controls Excitatory Synaptic Strength by Regulating Glutamatergic Synapse Number (512 citations)
Distinct domains of complexin I differentially regulate neurotransmitter release (238 citations)
MARRVEL: Integration of Human and Model Organism Genetic Resources to Facilitate Functional Annotation of the Human Genome (228 citations)"
Hyung-Lok Chung,Methodist Hospital,US,"Genetics and Neurodevelopmental Disorders
Genomics and Rare Diseases
CRISPR and Genetic Engineering","An efficient CRISPR-based strategy to insert small and large fragments of DNA using short homology arms (182 citations)
Loss- or Gain-of-Function Mutations in ACOX1 Cause Axonal Loss via Different Mechanisms (168 citations)
Mutations in ANKLE2, a ZIKA Virus Target, Disrupt an Asymmetric Cell Division Pathway in Drosophila Neuroblasts to Cause Microcephaly (117 citations)"
Håkon Håkonarson,University of Pennsylvania,US,"Genetic Associations and Epidemiology
Genomics and Rare Diseases
Genomic variations and chromosomal abnormalities","ANNOVAR: functional annotation of genetic variants from high-throughput sequencing data (15898 citations)
Host–microbe interactions have shaped the genetic architecture of inflammatory bowel disease (4922 citations)
Meta-analysis of 74,046 individuals identifies 11 new susceptibility loci for Alzheimer's disease (4700 citations)"
Ian D. Krantz,North Shore Diabetes and Endocrine Associates,US,"Genomics and Chromatin Dynamics
Genomic variations and chromosomal abnormalities
Pediatric Hepatobiliary Diseases and Treatments","Consensus Statement: Chromosomal Microarray Is a First-Tier Clinical Diagnostic Test for Individuals with Developmental Disabilities or Congenital Anomalies (2928 citations)
Mutations in the human Jagged1 gene are responsible for Alagille syndrome (1169 citations)
KILLER/DR5 is a DNA damage–inducible p53–regulated death receptor gene (1083 citations)"
Inge B. Mathijssen,Phoenix Contact (United States),US,"Prenatal Screening and Diagnostics
Genomic variations and chromosomal abnormalities
Congenital Heart Disease Studies","A Gain-of-Function TBX5 Mutation Is Associated With Atypical Holt–Oram Syndrome and Paroxysmal Atrial Fibrillation (194 citations)
Prenatal diagnostic testing of the Noonan syndrome genes in fetuses with abnormal ultrasound findings (148 citations)
Phenotype and genotype in 103 patients with tricho-rhino-phalangeal syndrome (122 citations)"
Ingrid A. Holm,Harvard University,US,"Genomics and Rare Diseases
BRCA gene mutations in cancer
Ethics in Clinical Research","Points to Consider: Ethical, Legal, and Psychosocial Implications of Genetic Testing in Children and Adolescents (904 citations)
A clinician's guide to X-linked hypophosphatemia (622 citations)
The Matchmaker Exchange: A Platform for Rare Disease Gene Discovery (497 citations)"
Ion John Campeanu,Sierra View Medical Center,US,"Cancer-related gene regulation
Epigenetics and DNA Methylation
RNA modifications and cancer","Mutations in SLC25A46, encoding a UGO1-like protein, cause an optic atrophy spectrum disorder (208 citations)
Multi-omics integration of methyltransferase-like protein family reveals clinical outcomes and functional signatures in human cancer (60 citations)
Insights into the genotype-phenotype correlation and molecular function of SLC25A46 (36 citations)"
Isaac S. Kohane,Massachusetts Medical Society,US,"Genomics and Rare Diseases
Biomedical Text Mining and Ontologies
Electronic Health Records Systems","Comprehensive genomic characterization defines human glioblastoma genes and core pathways (7864 citations)
Machine Learning in Medicine (4432 citations)
Genome-wide association analyses identify 44 risk variants and refine the genetic architecture of major depression (3341 citations)"
Isabel Hardee,Boston Children's Museum,US,"Respiratory viral infections research
Asthma and respiratory diseases
Genomics and Rare Diseases","MARRVEL: Integration of Human and Model Organism Genetic Resources to Facilitate Functional Annotation of the Human Genome (228 citations)
The Undiagnosed Diseases Network: Accelerating Discovery about Health and Disease (190 citations)
At-home self-collection of saliva, oropharyngeal swabs and dried blood spots for SARS-CoV-2 diagnosis and serology: Post-collection acceptability of specimen collection process and patient confidence in specimens (96 citations)"
Jacek Majewski,McGill University,CA,"RNA modifications and cancer
Epigenetics and DNA Methylation
RNA Research and Splicing","Driver mutations in histone H3.3 and chromatin remodelling genes in paediatric glioblastoma (2716 citations)
Hotspot Mutations in H3F3A and IDH1 Define Distinct Epigenetic and Biological Subgroups of Glioblastoma (1876 citations)
K27M mutation in histone H3.3 defines clinically and biologically distinct subgroups of pediatric diffuse intrinsic pontine gliomas (1035 citations)"
Jacky G. Goetz,Université de Strasbourg,FR,"Cancer Cells and Metastasis
Caveolin-1 and cellular processes
Cellular Mechanics and Interactions","Biomechanical Remodeling of the Microenvironment by Stromal Caveolin-1 Favors Tumor Invasion and Metastasis (723 citations)
Fluids and their mechanics in tumour transit: shaping metastasis (420 citations)
Lattices, rafts, and scaffolds: domain regulation of receptor signaling at the plasma membrane (352 citations)"
Jacques L. Michaud,Université de Montréal,CA,"Genetics and Neurodevelopmental Disorders
Genomics and Rare Diseases
Genomic variations and chromosomal abnormalities","Mutations in the gene encoding the 3′-5′ DNA exonuclease TREX1 cause Aicardi-Goutières syndrome at the AGS1 locus (911 citations)
Specific and redundant functions of Gli2 and Gli3 zinc finger genes in skeletal patterning and development (613 citations)
G Protein-Coupled Receptor-Dependent Development of Human Frontal Cortex (524 citations)"
James B. Gibson,The University of Texas at Austin,US,"Metabolism and Genetic Disorders
Liver Disease Diagnosis and Treatment
Lysosomal Storage Disorders Research","Abnormal folate metabolism and mutation in the methylenetetrahydrofolate reductase gene may be maternal risk factors for Down syndrome (452 citations)
Reanalysis of Clinical Exome Sequencing Data (306 citations)
Detection of clinically relevant exonic copy-number changes by array CGH (243 citations)"
James R. Lupski,Texas Children's Hospital,US,"Genomic variations and chromosomal abnormalities
Genomics and Rare Diseases
Hereditary Neurological Disorders","Clinical Whole-Exome Sequencing for the Diagnosis of Mendelian Disorders (2013 citations)
The complete genome of an individual by massively parallel DNA sequencing (1847 citations)
A photoreceptor cell-specific ATP-binding transporter gene (ABCR) is mutated in recessive Starqardt macular dystrophy (1442 citations)"
Jane Juusola,,,"Genomics and Rare Diseases
Genomic variations and chromosomal abnormalities
Genetics and Neurodevelopmental Disorders","Clinical application of whole-exome sequencing across clinical indications (1093 citations)
Evidence for 28 genetic disorders discovered by combining healthcare and research data (696 citations)
Multiplex mRNA profiling for the identification of body fluids (361 citations)"
Janice M. Baker,,,"Education Systems and Policy
Diverse Educational Innovations Studies
Disability Education and Employment","Are Regular Education Classes Equipped to Accommodate Students with Learning Disabilities? (285 citations)
Psychrotrophic Bacillus spp. in Fluid Milk Products: A Review (259 citations)
The Meaning and Practice of Inclusion for Students with Learning Disabilities (220 citations)"
Janson J. White,University of Washington,US,"Genomics and Rare Diseases
Wnt/β-catenin signaling in development and cancer
Cancer-related gene regulation","Identifying Genes Whose Mutant Transcripts Cause Dominant Disease Traits by Potential Gain-of-Function Alleles (241 citations)
Insights into genetics, human biology and disease gleaned from family based genomic studies (216 citations)
DVL1 Frameshift Mutations Clustering in the Penultimate Exon Cause Autosomal-Dominant Robinow Syndrome (145 citations)"
Jason Hom,Stanford University,US,"Genomics and Rare Diseases
Artificial Intelligence in Healthcare and Education
Electronic Health Records Systems","Adapted large language models can outperform medical experts in clinical text summarization (748 citations)
Large Language Model Influence on Diagnostic Reasoning (653 citations)
Reperfusion Is a More Accurate Predictor of Follow-Up Infarct Volume Than Recanalization (184 citations)"
Jean M. Davidson,California Polytechnic State University,US,"Diversity and Career in Medicine
Medical Education and Admissions
Genomics and Chromatin Dynamics","The Encyclopedia of DNA elements (ENCODE): data portal update (2024 citations)
ENCODE data at the ENCODE portal (645 citations)
Endoreplication: polyploidy with purpose (605 citations)"
Jean M. Johnston,National Human Genome Research Institute,US,"Lysosomal Storage Disorders Research
Glycosylation and Glycoproteins Research
Cellular transport and secretion","MARRVEL: Integration of Human and Model Organism Genetic Resources to Facilitate Functional Annotation of the Human Genome (228 citations)
The Undiagnosed Diseases Network: Accelerating Discovery about Health and Disease (190 citations)
A Syndromic Neurodevelopmental Disorder Caused by De Novo Variants in EBF3 (124 citations)"
Jean-Philippe F. Gourdine,Lewis & Clark College,US,"Biomedical Text Mining and Ontologies
Genomics and Rare Diseases
Bioinformatics and Genomic Networks","Expansion of the Human Phenotype Ontology (HPO) knowledge base and resources (742 citations)
The Monarch Initiative: an integrative data and analytic platform connecting phenotypes to genotypes across species (494 citations)
Innate immune lectins kill bacteria expressing blood group antigen (338 citations)"
Jean‐Claude Lacaille,Université de Montréal,CA,"Neuroscience and Neuropharmacology Research
Memory and Neural Mechanisms
Neural dynamics and brain function","Astrocytes Are Endogenous Regulators of Basal Transmission at Central Synapses (651 citations)
Autism-related deficits via dysregulated eIF4E-dependent translational control (539 citations)
eIF2α Phosphorylation Bidirectionally Regulates the Switch from Short- to Long-Term Synaptic Plasticity and Memory (514 citations)"
Jeffery Prince,University of Miami,US,"Mitochondrial Function and Pathology
Cellular transport and secretion
Retinal Development and Disorders","Mutations in SLC25A46, encoding a UGO1-like protein, cause an optic atrophy spectrum disorder (208 citations)
Abstract 5864: Targeting brain cancer stem cells by potentiating radiation-induced ER stress (0 citations)
An Ugo1-like protein is associated with optic atrophy ‘plus’ disorders (0 citations)"
Jeffrey G. Reid,Regeneron (United States),US,"Genetic Associations and Epidemiology
Genomics and Rare Diseases
Cancer Genomics and Diagnostics","A global reference for human genetic variation (20396 citations)
Structure, function and diversity of the healthy human microbiome (12146 citations)
A framework for human microbiome research (2783 citations)"
Jeffrey Ou,Seattle Children's Hospital,US,"Genomics and Rare Diseases
Cancer Genomics and Diagnostics
BRCA gene mutations in cancer","Performance of ACMG-AMP Variant-Interpretation Guidelines among Nine Laboratories in the Clinical Sequencing Exploratory Research Consortium (590 citations)
The Clinical Sequencing Evidence-Generating Research Consortium: Integrating Genomic Sequencing in Diverse and Medically Underserved Populations (167 citations)
Secondary findings from clinical genomic sequencing: prevalence, patient perspectives, family history assessment, and health-care costs from a multisite study (165 citations)"
Jennefer N. Kohler,,,"Genomics and Rare Diseases
BRCA gene mutations in cancer
Genetics and Neurodevelopmental Disorders","Dynamic landscape and regulation of RNA editing in mammals (690 citations)
Identification of rare-disease genes using blood transcriptome sequencing and large control cohorts (365 citations)
The Undiagnosed Diseases Network: Accelerating Discovery about Health and Disease (190 citations)"
Jennifer A. Bowers,Vanderbilt University,US,"Chromosomal and Genetic Variations
Genomic variations and chromosomal abnormalities
Congenital heart defects research",Detection of clinically relevant exonic copy-number changes by array CGH (243 citations)
Jennifer A. Lee,Greenwood Genetic Center,US,"Genomics and Rare Diseases
Genomic variations and chromosomal abnormalities
Genetics and Neurodevelopmental Disorders","A DNA Replication Mechanism for Generating Nonrecurrent Rearrangements Associated with Genomic Disorders (920 citations)
Electronic Properties of Transparent Conductive Films of PEDOT:PSS on Stretchable Substrates (577 citations)
Characterization of Potocki-Lupski Syndrome (dup(17)(p11.2p11.2)) and Delineation of a Dosage-Sensitive Critical Interval That Can Convey an Autism Phenotype (432 citations)"
Kathleen E. Sullivan,University of Pennsylvania,US,"Immunodeficiency and Autoimmune Disorders
Congenital heart defects research
Immune Cell Function and Interaction","22q11.2 deletion syndrome (2269 citations)
New insights into the immunopathogenesis of systemic lupus erythematosus (1262 citations)
Human Inborn Errors of Immunity: 2019 Update on the Classification from the International Union of Immunological Societies Expert Committee (1232 citations)"
Jennifer Kyle,Pacific Northwest National Laboratory,US,"Methane Hydrates and Related Phenomena
Earthquake Detection and Analysis
Seismic Waves and Analysis","Sharing and community curation of mass spectrometry data with Global Natural Products Social Molecular Networking (4780 citations)
Proteogenomic and metabolomic characterization of human glioblastoma (716 citations)
MPLEx: a Robust and Universal Protocol for Single-Sample Integrative Proteomic, Metabolomic, and Lipidomic Analyses (256 citations)"
Jennifer E. Posey,Columbia University,US,"Genomics and Rare Diseases
Genomic variations and chromosomal abnormalities
Genetics and Neurodevelopmental Disorders","Resolution of Disease Phenotypes Resulting from Multilocus Genomic Variation (803 citations)
Reanalysis of Clinical Exome Sequencing Data (306 citations)
Molecular diagnostic experience of whole-exome sequencing in adult patients (250 citations)"
Jennifer J. Johnston,National Human Genome Research Institute,US,"Genomics and Rare Diseases
Hedgehog Signaling Pathway Studies
Genetic Associations and Epidemiology","Renal abnormalities and an altered inflammatory response in mice lacking cyclooxygenase II (973 citations)
Performance of ACMG-AMP Variant-Interpretation Guidelines among Nine Laboratories in the Clinical Sequencing Exploratory Research Consortium (590 citations)
Leptin Expression in Human Mammary Epithelial Cells and Breast Milk (412 citations)"
Jennifer Kyle,Pacific Northwest National Laboratory,US,"Methane Hydrates and Related Phenomena
Earthquake Detection and Analysis
Seismic Waves and Analysis","Sharing and community curation of mass spectrometry data with Global Natural Products Social Molecular Networking (4780 citations)
Proteogenomic and metabolomic characterization of human glioblastoma (716 citations)
MPLEx: a Robust and Universal Protocol for Single-Sample Integrative Proteomic, Metabolomic, and Lipidomic Analyses (256 citations)"
Jennifer Scull,Texas Children's Hospital,US,"Genomics and Rare Diseases
Cancer Genomics and Diagnostics
Genetic factors in colorectal cancer","Clinical Whole-Exome Sequencing for the Diagnosis of Mendelian Disorders (2013 citations)
Molecular Findings Among Patients Referred for Clinical Whole-Exome Sequencing (1422 citations)
An Organismal CNV Mutator Phenotype Restricted to Early Human Development (117 citations)"
Jennifer Tarpinian,Children's Hospital of Philadelphia,US,"Genomics and Rare Diseases
Genomic variations and chromosomal abnormalities
Genetics and Neurodevelopmental Disorders","Expanding the Spectrum of BAF-Related Disorders: De Novo Variants in SMARCC2 Cause a Syndrome with Intellectual Disability and Developmental Delay (94 citations)
Automated Clinical Exome Reanalysis Reveals Novel Diagnoses (93 citations)
A Recurrent De Novo PACS2 Heterozygous Missense Variant Causes Neonatal-Onset Developmental Epileptic Encephalopathy, Facial Dysmorphism, and Cerebellar Dysgenesis (78 citations)"
Jenny Morton,Birmingham Women’s and Children’s NHS Foundation Trust,GB,"Genomics and Rare Diseases
Genetics and Neurodevelopmental Disorders
Genomic variations and chromosomal abnormalities","Evidence for 28 genetic disorders discovered by combining healthcare and research data (696 citations)
Hyperphagia, Severe Obesity, Impaired Cognitive Function, and Hyperactivity Associated With Functional Loss of One Copy of the Brain-Derived Neurotrophic Factor (BDNF) Gene (513 citations)
Mutations in the Transmembrane Natriuretic Peptide Receptor NPR-B Impair Skeletal Growth and Cause Acromesomelic Dysplasia, Type Maroteaux (371 citations)"
Jeremy Schwartzentruber,Open Targets,GB,"Genetic Associations and Epidemiology
Genomics and Rare Diseases
Bioinformatics and Genomic Networks","Driver mutations in histone H3.3 and chromatin remodelling genes in paediatric glioblastoma (2716 citations)
Hotspot Mutations in H3F3A and IDH1 Define Distinct Epigenetic and Biological Subgroups of Glioblastoma (1876 citations)
Mapping the human genetic architecture of COVID-19 (1130 citations)"
Jessica De La Cruz,"Rutgers, The State University of New Jersey",US,"Vitamin D Research Studies
Digestive system and related health
Parathyroid Disorders and Treatments","New developments in our understanding of vitamin D metabolism, action and treatment (101 citations)
Vitamin D and the intestine: Review and update (71 citations)
Analysis of 1,25-Dihydroxyvitamin D 3 Genomic Action Reveals Calcium-Regulating and Calcium-Independent Effects in Mouse Intestine and Human Enteroids (20 citations)"
Jessica Goehringer,Geisinger College of Health Sciences,US,"BRCA gene mutations in cancer
Genomics and Rare Diseases
Pancreatic function and diabetes","Harmonizing Clinical Sequencing and Interpretation for the eMERGE III Network (116 citations)
Reduced penetrance of MODY-associated HNF1A/HNF4A variants but not GCK variants in clinically unselected cohorts (103 citations)
De novo and inherited mutations in the X-linked gene CLCN4 are associated with syndromic intellectual disability and behavior and seizure disorders in males and females (73 citations)"
Jessica Sebastian,Children's Hospital of Pittsburgh,US,"Genetics and Neurodevelopmental Disorders
Genomic variations and chromosomal abnormalities
Genomics and Rare Diseases","Pathogenetics of alveolar capillary dysplasia with misalignment of pulmonary veins (173 citations)
Rare deleterious mutations of HNRNP genes result in shared neurodevelopmental disorders (119 citations)
Expanding the Spectrum of BAF-Related Disorders: De Novo Variants in SMARCC2 Cause a Syndrome with Intellectual Disability and Developmental Delay (94 citations)"
Hai Hu,China National Petroleum Corporation (China),CN,"Cancer Genomics and Diagnostics
RNA modifications and cancer
Breast Cancer Treatment Studies","An Integrated TCGA Pan-Cancer Clinical Data Resource to Drive High-Quality Survival Outcome Analytics (4045 citations)
Oncogenic Signaling Pathways in The Cancer Genome Atlas (3444 citations)
Cell-of-Origin Patterns Dominate the Molecular Classification of 10,000 Tumors from 33 Types of Cancer (2773 citations)"
Jie Dong,Peking University First Hospital,CN,"Dialysis and Renal Disease Management
Nutrition and Health in Aging
Parathyroid Disorders and Treatments","Global surveillance of trends in cancer survival 2000–14 (CONCORD-3): analysis of individual records for 37 513 025 patients diagnosed with one of 18 cancers from 322 population-based registries in 71 countries (6310 citations)
International Society for Peritoneal Dialysis practice recommendations: Prescribing high-quality goal-directed peritoneal dialysis (337 citations)
ISPD Catheter-Related Infection Recommendations: 2017 Update (324 citations)"
Jill A. Rosenfeld,Baylor Genetics,US,"Genomic variations and chromosomal abnormalities
Genomics and Rare Diseases
Genetics and Neurodevelopmental Disorders","A copy number variation morbidity map of developmental delay (1426 citations)
Disruptive CHD8 Mutations Define a Subtype of Autism Early in Development (840 citations)
Resolution of Disease Phenotypes Resulting from Multilocus Genomic Variation (803 citations)"
Jing Zhang,Heilongjiang University,CN,"Single-cell and spatial transcriptomics
Genomics and Chromatin Dynamics
Bioinformatics and Genomic Networks","A global reference for human genetic variation (20396 citations)
The repertoire of mutational signatures in human cancer (3843 citations)
Analyses of non-coding somatic drivers in 2,658 cancer whole genomes (674 citations)"
Joan Jasien,Duke University Hospital,US,"Cerebral Palsy and Movement Disorders
Ion Transport and Channel Regulation
Down syndrome and intellectual disability research","Co‐occurring medical conditions in adults with Down syndrome: A systematic review toward the development of health care guidelines. Part II (117 citations)
IRF2BPL Is Associated with Neurological Phenotypes (115 citations)
Opportunities, barriers, and recommendations in Down syndrome research (102 citations)"
Joanna Wiszniewska,Logifact (Poland),PL,"Genomic variations and chromosomal abnormalities
Chromosomal and Genetic Variations
Genetics and Neurodevelopmental Disorders","Genomic and Genic Deletions of the FOX Gene Cluster on 16q24.1 and Inactivating Mutations of FOXF1 Cause Alveolar Capillary Dysplasia and Other Malformations (545 citations)
Chromosome Catastrophes Involve Replication Mechanisms Generating Complex Genomic Rearrangements (470 citations)
Detection of clinically relevant exonic copy-number changes by array CGH (243 citations)"
Joel B. Krier,Brigham and Women's Hospital,US,"Genomics and Rare Diseases
BRCA gene mutations in cancer
Cancer Genomics and Diagnostics","The Matchmaker Exchange: A Platform for Rare Disease Gene Discovery (497 citations)
Interpretation of Genomic Sequencing Results in Healthy and Ill Newborns: Results from the BabySeq Project (315 citations)
MARRVEL: Integration of Human and Model Organism Genetic Resources to Facilitate Functional Annotation of the Human Genome (228 citations)"
John B. Harley,Cincinnati Foundation for Biomedical Research and Education,US,"Systemic Lupus Erythematosus Research
T-cell and B-cell Immunology
Monoclonal and Polyclonal Antibodies Research","Development of Autoantibodies before the Clinical Onset of Systemic Lupus Erythematosus (2605 citations)
Genome-wide association scan in women with systemic lupus erythematosus identifies susceptibility variants in ITGAM, PXK, KIAA1542 and other loci (1316 citations)
A regulatory polymorphism in PDCD1 is associated with susceptibility to systemic lupus erythematosus in humans (767 citations)"
John J. Connolly,University of Pennsylvania,US,"Genomics and Rare Diseases
Genetic Associations and Epidemiology
BRCA gene mutations in cancer","The Electronic Medical Records and Genomics (eMERGE) Network: past, present, and future (745 citations)
Age group and sex differences in performance on a computerized neurocognitive battery in children age 8−21. (523 citations)
The Philadelphia Neurodevelopmental Cohort: A publicly available resource for the study of normal and abnormal brain development in youth (390 citations)"
John J. Mulvihill,University of Limerick,IE,"BRCA gene mutations in cancer
Genomics and Rare Diseases
Childhood Cancer Survivors' Quality of Life","Projecting Individualized Probabilities of Developing Breast Cancer for White Females Who Are Being Examined Annually (3397 citations)
Study design and cohort characteristics of the childhood cancer survivor study: A multi‐institutional collaborative project (705 citations)
Localization of the gene for Cowden disease to chromosome 10q22–23 (672 citations)"
John M. Graham,Cedars-Sinai Medical Center,US,"Craniofacial Disorders and Treatments
Fluid Dynamics and Vibration Analysis
Genomic variations and chromosomal abnormalities","Coloboma, congenital heart disease, and choanal atresia with multiple anomalies: CHARGE association (845 citations)
Incidence of fetal alcohol syndrome and prevalence of alcohol-related neurodevelopmental disorder (828 citations)
De novo germline and postzygotic mutations in AKT3, PIK3R2 and PIK3CA cause a spectrum of related megalencephaly syndromes (760 citations)"
John Pappas,,,"Genomics and Rare Diseases
Genetics and Neurodevelopmental Disorders
Genomic variations and chromosomal abnormalities","Genotype-Phenotype Correlation in NF1: Evidence for a More Severe Phenotype Associated with Missense Mutations Affecting NF1 Codons 844–848 (223 citations)
UPD detection using homozygosity profiling with a SNP genotyping microarray (202 citations)
Loss-of-function HDAC8 mutations cause a phenotypic spectrum of Cornelia de Lange syndrome-like features, ocular hypertelorism, large fontanelle and X-linked inheritance (154 citations)"
Joke Beuten,,,"Nicotinic Acetylcholine Receptors Study
Smoking Behavior and Cessation
Genetic Associations and Epidemiology","Clinical Whole-Exome Sequencing for the Diagnosis of Mendelian Disorders (2013 citations)
Molecular Findings Among Patients Referred for Clinical Whole-Exome Sequencing (1422 citations)
Ethnic- and gender-specific association of the nicotinic acetylcholine receptor α4 subunit gene (CHRNA4) with nicotine dependence (186 citations)"
Jolanda Schieving,Amalia Kinderziekenhuis,NL,"Genomics and Rare Diseases
Brain Metastases and Treatment
Genetics and Neurodevelopmental Disorders","Mutations in DDX3X Are a Common Cause of Unexplained Intellectual Disability with Gender-Specific Effects on Wnt Signaling (345 citations)
A clinical utility study of exome sequencing versus conventional genetic testing in pediatric neurology (289 citations)
GRIN2A -related disorders: genotype and functional consequence predict phenotype (232 citations)"
Jonas Denecke,,,"Metabolism and Genetic Disorders
Genomics and Rare Diseases
Neurogenetic and Muscular Disorders Research","Congenital disorders of glycosylation: review of their molecular bases, clinical presentations and specific therapies (293 citations)
Mutations affecting the secretory COPII coat component SEC23B cause congenital dyserythropoietic anemia type II (287 citations)
Lessons learned from additional research analyses of unsolved clinical exome cases (240 citations)"
Jonathan A. Bernstein,University of Cincinnati Medical Center,US,"Coagulation, Bradykinin, Polyphosphates, and Angioedema
Asthma and respiratory diseases
Allergic Rhinitis and Sensitization","The EAACI/GA²LEN/EDF/WAO guideline for the definition, classification, diagnosis and management of urticaria (1456 citations)
The international EAACI/GA²LEN/EuroGuiDerm/APAAACI guideline for the definition, classification, diagnosis, and management of urticaria (1248 citations)
Health effects of air pollution (932 citations)"
Jonathan S. Berg,University of North Carolina Health Care,US,"Genomics and Rare Diseases
BRCA gene mutations in cancer
Cancer Genomics and Diagnostics","ACMG recommendations for reporting of incidental findings in clinical exome and genome sequencing (2567 citations)
ClinGen — The Clinical Genome Resource (1580 citations)
Dnmt3a is essential for hematopoietic stem cell differentiation (1120 citations)"
Joseph Glessner,University of Pennsylvania,US,"Genomic variations and chromosomal abnormalities
Genetic Associations and Epidemiology
Genomics and Rare Diseases","Genetic risk and a primary role for cell-mediated immune mechanisms in multiple sclerosis (2765 citations)
Functional impact of global rare copy number variation in autism spectrum disorders (2073 citations)
PennCNV: An integrated hidden Markov model designed for high-resolution copy number variation detection in whole-genome SNP genotyping data (1918 citations)"
Joseph Loscalzo,Integrated Cardio Metabolic Centre,SE,"Nitric Oxide and Endothelin Effects
Bioinformatics and Genomic Networks
Pulmonary Hypertension Research and Treatments","Network medicine: a network-based approach to human disease (5202 citations)
Biochemistry of Nitric Oxide and Its Redox-Activated Forms (2748 citations)
A redox-based mechanism for the neuroprotective and neurodestructive effects of nitric oxide and related nitroso-compounds (2448 citations)"
Joseph S Salama,,,"Global Maternal and Child Health
Genomics and Rare Diseases
Insurance, Mortality, Demography, Risk Management","Global, regional, and national incidence, prevalence, and years lived with disability for 354 diseases and injuries for 195 countries and territories, 1990–2017: a systematic analysis for the Global Burden of Disease Study 2017 (14231 citations)
Global, regional, and national incidence, prevalence, and years lived with disability for 328 diseases and injuries for 195 countries, 1990–2016: a systematic analysis for the Global Burden of Disease Study 2016 (13633 citations)
Global, regional, and national age-sex-specific mortality for 282 causes of death in 195 countries and territories, 1980–2017: a systematic analysis for the Global Burden of Disease Study 2017 (8769 citations)"
Joseph W. Ray,The University of Texas Medical Branch at Galveston,US,"Genetic Syndromes and Imprinting
Prenatal Screening and Diagnostics
Folate and B Vitamins Research","The phenotypic spectrum of Schaaf-Yang syndrome: 18 new affected individuals from 14 families (121 citations)
Mutations in a BTB-Kelch Protein, KLHL7, Cause Autosomal-Dominant Retinitis Pigmentosa (101 citations)
Natural history and genotype‐phenotype correlations in 72 individuals with SATB2 ‐associated syndrome (77 citations)"
Joshua C. Denny,deCODE Genetics (Iceland),IS,"Genetic Associations and Epidemiology
Biomedical Text Mining and Ontologies
Genomics and Rare Diseases","Genetics of rheumatoid arthritis contributes to biology and drug discovery (2498 citations)
A gene-based association method for mapping traits using reference transcriptome data (2142 citations)
Defining the role of common variation in the genomic and biological architecture of adult human height (2113 citations)"
Joshua S. Rotenberg,,,"Pesticide Exposure and Toxicity
Poisoning and overdose treatments
Epilepsy research and treatment","Nerve Agent Attacks on Children: Diagnosis and Management (89 citations)
Levetiracetam for the Treatment of Neonatal Seizures (85 citations)
Cyanide as a Weapon of Terror (30 citations)"
José Brás,Regeneron (United States),US,"Parkinson's Disease Mechanisms and Treatments
Alzheimer's disease research and treatments
Neurological diseases and metabolism","Diagnosis and management of dementia with Lewy bodies (4564 citations)
Genetic meta-analysis of diagnosed Alzheimer’s disease identifies new risk loci and implicates Aβ, tau, immunity and lipid processing (3267 citations)
TREM2 Variants in Alzheimer's Disease (3107 citations)"
Joy C. Jayaseelan,Baylor College of Medicine,US,"Cancer Genomics and Diagnostics
Genetic factors in colorectal cancer
Genomics and Rare Diseases","The repertoire of mutational signatures in human cancer (3843 citations)
Pan-cancer analysis of whole genomes (3351 citations)
The Drosophila melanogaster Genetic Reference Panel (1918 citations)"
Joy D. Cogan,Vanderbilt University Medical Center,US,"Genomics and Rare Diseases
Pulmonary Hypertension Research and Treatments
Interstitial Lung Diseases and Idiopathic Pulmonary Fibrosis","Telomerase Mutations in Families with Idiopathic Pulmonary Fibrosis (1363 citations)
Short telomeres are a risk factor for idiopathic pulmonary fibrosis (810 citations)
Mutations in PROP1 cause familial combined pituitary hormone deficiency (572 citations)"
Jozef Lazar,,,"Renin-Angiotensin System Studies
Genetic Associations and Epidemiology
Birth, Development, and Health","Genome sequence of the Brown Norway rat yields insights into mammalian evolution (2223 citations)
MARRVEL: Integration of Human and Model Organism Genetic Resources to Facilitate Functional Annotation of the Human Genome (228 citations)
The Undiagnosed Diseases Network: Accelerating Discovery about Health and Disease (190 citations)"
Joëlle S. Müller,University Hospital of Basel,CH,"Zebrafish Biomedical Research Applications
Blood disorders and treatments
Cancer, Hypoxia, and Metabolism","Mutations in signal recognition particle SRP54 cause syndromic neutropenia with Shwachman-Diamond–like features (175 citations)
Evi1 regulates Notch activation to induce zebrafish hematopoietic stem cell emergence (47 citations)
Modeling hematopoietic disorders in zebrafish (33 citations)"
Judith E. Fan,Stanford University,US,"Visual Attention and Saliency Detection
Child and Animal Learning Development
Face Recognition and Perception","Drawing as a versatile cognitive tool (97 citations)
Using games to understand the mind (77 citations)
Common Object Representations for Visual Production and Recognition (64 citations)"
Julia E. Dallman,University of Miami,US,"Zebrafish Biomedical Research Applications
Autism Spectrum Disorder Research
Congenital heart defects research","CoREST: A functional corepressor required for regulation of neural-specific gene expression (497 citations)
Mutations in SLC25A46, encoding a UGO1-like protein, cause an optic atrophy spectrum disorder (208 citations)
Biallelic mutations in SORD cause a common and potentially treatable hereditary neuropathy with implications for diabetes (178 citations)"
Julia Wang,Florida College,US,"Lymphoma Diagnosis and Treatment
Genomics and Rare Diseases
Metabolism and Genetic Disorders","The Immunological Synapse Balances T Cell Receptor Signaling and Degradation (537 citations)
SenNet recommendations for detecting senescent cells in different tissues (382 citations)
MARRVEL: Integration of Human and Model Organism Genetic Resources to Facilitate Functional Annotation of the Human Genome (228 citations)"
Julien Guy,University of Göttingen,DE,"Galaxies: Formation, Evolution, Phenomena
Acute Lymphoblastic Leukemia research
CAR-T cell therapy research","Sloan Digital Sky Survey IV: Mapping the Milky Way, Nearby Galaxies, and the Distant Universe (1631 citations)
Completed SDSS-IV extended Baryon Oscillation Spectroscopic Survey: Cosmological implications from two decades of spectroscopic surveys at the Apache Point Observatory (1420 citations)
The 16th Data Release of the Sloan Digital Sky Surveys: First Release from the APOGEE-2 Southern Survey and Full Release of eBOSS Spectra (1391 citations)"
Julien Thévenon,Université Grenoble Alpes,FR,"Genomics and Rare Diseases
Genomic variations and chromosomal abnormalities
Genetics and Neurodevelopmental Disorders","Efficient strategy for the molecular diagnosis of intellectual disability using targeted high-throughput sequencing (275 citations)
Diagnostic odyssey in severe neurodevelopmental disorders: toward clinical whole‐exome sequencing as a first‐line diagnostic test (273 citations)
The landscape of epilepsy-related GATOR1 variants (241 citations)"
Julián A. Martínez-Agosto,"University of California, Los Angeles",US,"Genomics and Rare Diseases
Genetics and Neurodevelopmental Disorders
Genomic variations and chromosomal abnormalities","Clinical Exome Sequencing for Genetic Identification of Rare Mendelian Disorders (997 citations)
A Hedgehog- and Antennapedia-dependent niche maintains Drosophila haematopoietic precursors (319 citations)
Somatic overgrowth disorders of the PI3K/AKT/mTOR pathway & therapeutic strategies (270 citations)"
Justin H. Gundelach,WinnMed,US,"Ubiquitin and proteasome pathways
Histone Deacetylase Inhibitors Research
Hedgehog Signaling Pathway Studies","Harmonizing Clinical Sequencing and Interpretation for the eMERGE III Network (116 citations)
Inhibition of RAS-Mediated Transformation and Tumorigenesis by Targeting the Downstream E3 Ubiquitin Ligase Seven in Absentia Homologue (73 citations)
Cycloheximide promotes paraptosis induced by inhibition of cyclophilins in glioblastoma multiforme (49 citations)"
Justine Rousseau,Centre Hospitalier Universitaire Sainte-Justine,CA,"Genetics and Neurodevelopmental Disorders
Genomics and Rare Diseases
Genomics and Chromatin Dynamics","Evaluation of DNA Methylation Episignatures for Diagnosis and Phenotype Correlations in 42 Mendelian Neurodevelopmental Disorders (344 citations)
Microdeletion 15q13.3: a locus with incomplete penetrance for autism, mental retardation, and psychiatric disorders (266 citations)
Novel diagnostic DNA methylation episignatures expand and refine the epigenetic landscapes of Mendelian disorders (162 citations)"
Jyoti G. Dayal,National Human Genome Research Institute,US,"Genomics and Rare Diseases
Genetics and Neurodevelopmental Disorders
Cellular transport and secretion","Single-molecule sequencing to track plasmid diversity of hospital-associated carbapenemase-producing Enterobacteriaceae (360 citations)
Strategic vision for improving human health at The Forefront of Genomics (353 citations)
MARRVEL: Integration of Human and Model Organism Genetic Resources to Facilitate Functional Annotation of the Human Genome (228 citations)"
Kacie Riley,Duke University Health System,US,"Genetics and Neurodevelopmental Disorders
Ion Transport and Channel Regulation
RNA modifications and cancer","IRF2BPL Is Associated with Neurological Phenotypes (115 citations)
IRF2BPL Is Associated with Neurological Phenotypes (25 citations)
Expanding allelic and phenotypic spectrum of ZC4H2‐related disorder: A novel hypomorphic variant and high prevalence of tethered cord (12 citations)"
Karen W. Gripp,University of Manitoba,CA,"Protein Tyrosine Phosphatases
Genomics and Rare Diseases
Genomic variations and chromosomal abnormalities","Identifying facial phenotypes of genetic disorders using deep learning (762 citations)
De novo germline and postzygotic mutations in AKT3, PIK3R2 and PIK3CA cause a spectrum of related megalencephaly syndromes (760 citations)
Ribosome Levels Selectively Regulate Translation and Lineage Commitment in Human Hematopoiesis (444 citations)"
Karin Weiss,Rambam Health Care Campus,IL,"Genomics and Rare Diseases
Genetics and Neurodevelopmental Disorders
Genomic variations and chromosomal abnormalities","De Novo Mutations in CHD4 , an ATP-Dependent Chromatin Remodeler Gene, Cause an Intellectual Disability Syndrome with Distinctive Dysmorphisms (158 citations)
The clinical management of type 2 Gaucher disease (139 citations)
De Novo Variants in the ATPase Module of MORC2 Cause a Neurodevelopmental Disorder with Growth Retardation and Variable Craniofacial Dysmorphism (115 citations)"
Kasiani C. Myers,University of Cincinnati Medical Center,US,"Hematopoietic Stem Cell Transplantation
Acute Myeloid Leukemia Research
Blood disorders and treatments","Diagnostic and risk criteria for HSCT-associated thrombotic microangiopathy: a study in children and young adults (419 citations)
A new paradigm: Diagnosis and management of HSCT-associated thrombotic microangiopathy as multi-system endothelial injury (352 citations)
On-chip recapitulation of clinical bone marrow toxicities and patient-specific pathophysiology (301 citations)"
Katarzyna Derwińska,University of Łódź,PL,"Genomic variations and chromosomal abnormalities
Congenital heart defects research
Chromosomal and Genetic Variations","Detection of clinically relevant exonic copy-number changes by array CGH (243 citations)
Rare pathogenic microdeletions and tandem duplications are microhomology-mediated and stimulated by local genomic architecture (194 citations)
Application of array comparative genomic hybridization in 102 patients with epilepsy and additional neurodevelopmental disorders (59 citations)"
Kate Frost,,,"Genomics and Rare Diseases
Genetics and Neurodevelopmental Disorders
RNA and protein synthesis mechanisms","MARRVEL: Integration of Human and Model Organism Genetic Resources to Facilitate Functional Annotation of the Human Genome (228 citations)
The Undiagnosed Diseases Network: Accelerating Discovery about Health and Disease (190 citations)
A Syndromic Neurodevelopmental Disorder Caused by De Novo Variants in EBF3 (124 citations)"
Katherine D. Crew,Columbia University Irving Medical Center,US,"BRCA gene mutations in cancer
Cancer Genomics and Diagnostics
Breast Cancer Treatment Studies","Epidemiology of gastric cancer (2126 citations)
Prevalence of Joint Symptoms in Postmenopausal Women Taking Aromatase Inhibitors for Early-Stage Breast Cancer (483 citations)
Epidemiology of upper gastrointestinal malignancies (328 citations)"
Katherine L. Helbig,Children's Hospital of Philadelphia,US,"Genomics and Rare Diseases
Genetics and Neurodevelopmental Disorders
Epilepsy research and treatment","Genetic and phenotypic heterogeneity suggest therapeutic implications in SCN2A-related disorders (600 citations)
Recurrent microdeletions at 15q11.2 and 16p13.11 predispose to idiopathic generalized epilepsies (452 citations)
Diagnostic exome sequencing provides a molecular diagnosis for a significant proportion of patients with epilepsy (368 citations)"
Katherine Lachlan,University of Southampton,GB,"Genomics and Rare Diseases
Genetics and Neurodevelopmental Disorders
Genomic variations and chromosomal abnormalities","Evidence for 28 genetic disorders discovered by combining healthcare and research data (696 citations)
Distinct genetic architectures for syndromic and nonsyndromic congenital heart defects identified by exome sequencing (474 citations)
Glucose transporter-1 deficiency syndrome: the expanding clinical and genetic spectrum of a treatable disorder (419 citations)"
Katherine R. Chao,Broad Institute,US,"Genomics and Rare Diseases
Muscle Physiology and Disorders
Neurogenetic and Muscular Disorders Research","A genomic mutational constraint map using variation in 76,156 human genomes (1426 citations)
Systematic single-variant and gene-based association testing of thousands of phenotypes in 394,841 UK Biobank exomes (305 citations)
The Genetic Landscape of Diamond-Blackfan Anemia (273 citations)"
Kati J. Mason,,,"Wnt/β-catenin signaling in development and cancer
Ion Transport and Channel Regulation
Genomic variations and chromosomal abnormalities","POGZ truncating alleles cause syndromic intellectual disability (109 citations)
Novel pathogenic variants and quantitative phenotypic analyses of Robinow syndrome: WNT signaling perturbation and phenotypic variability (40 citations)
Additional de novo missense genetic variants in NALCN associated with CLIFAHDD syndrome (17 citations)"
Katie Bergstrom,Center for Cancer and Blood Disorders,US,"Genomics and Rare Diseases
Cancer Genomics and Diagnostics
BRCA gene mutations in cancer","Diagnostic Yield of Clinical Tumor and Germline Whole-Exome Sequencing for Children With Solid Tumors (507 citations)
Mutations in signal recognition particle SRP54 cause syndromic neutropenia with Shwachman-Diamond–like features (175 citations)
Secondary findings from clinical genomic sequencing: prevalence, patient perspectives, family history assessment, and health-care costs from a multisite study (165 citations)"
Katie Golden‐Grant,,,"Genomics and Rare Diseases
BRCA gene mutations in cancer
Cancer Genomics and Diagnostics","Complex Compound Inheritance of Lethal Lung Developmental Disorders Due to Disruption of the TBX-FGF Pathway (187 citations)
IRF2BPL Is Associated with Neurological Phenotypes (115 citations)
Variant Classification Concordance using the ACMG-AMP Variant Interpretation Guidelines across Nine Genomic Implementation Research Studies (114 citations)"
Katrina Haude,MRC Mitochondrial Biology Unit,GB,"Mitochondrial Function and Pathology
RNA modifications and cancer
Metabolism and Genetic Disorders","Mutations in DDX3X Are a Common Cause of Unexplained Intellectual Disability with Gender-Specific Effects on Wnt Signaling (345 citations)
A dominant autoinflammatory disease caused by non-cleavable variants of RIPK1 (278 citations)
De Novo Mutations in CHD4 , an ATP-Dependent Chromatin Remodeler Gene, Cause an Intellectual Disability Syndrome with Distinctive Dysmorphisms (158 citations)"
Katrina M. Dipple,Brotman Baty Institute,US,"Genomics and Rare Diseases
Genomic variations and chromosomal abnormalities
Metabolism, Diabetes, and Cancer","Clinical Exome Sequencing for Genetic Identification of Rare Mendelian Disorders (997 citations)
Phenotypes of Patients with “Simple” Mendelian Disorders Are Complex Traits: Thresholds, Modifiers, and Systems Dynamics (419 citations)
Validation of candidate causal genes for obesity that affect shared metabolic pathways and networks (298 citations)"
Kayla M. Howell,Vanderbilt University Medical Center,US,"Genomics and Rare Diseases
Electronic Health Records Systems
BRCA gene mutations in cancer","Harmonizing Clinical Sequencing and Interpretation for the eMERGE III Network (116 citations)
The eMERGE genotype set of 83,717 subjects imputed to ~40 million variants genome wide and association with the herpes zoster medical record phenotype. (86 citations)
Facilitating phenotype transfer using a common data model (78 citations)"
Kelly D. Farwell,Ambry Genetics (United States),US,"Genomics and Rare Diseases
Genomic variations and chromosomal abnormalities
Genetics and Neurodevelopmental Disorders","Enhanced utility of family-centered diagnostic exome sequencing with inheritance model–based analysis: results from 500 unselected families with undiagnosed genetic conditions (476 citations)
Functional Dysregulation of CDC42 Causes Diverse Developmental Phenotypes (193 citations)
The additive effect of neurotransmitter genes in pathological gambling (182 citations)"
Kelly G. Stratton,Environmental Molecular Sciences Laboratory,US,"Metabolomics and Mass Spectrometry Studies
Advanced Proteomics Techniques and Applications
Bioinformatics and Genomic Networks","Proteogenomic and metabolomic characterization of human glioblastoma (716 citations)
Automated mass spectrometry imaging of over 2000 proteins from tissue sections at 100-μm spatial resolution (272 citations)
MERS-CoV and H5N1 influenza virus antagonize antigen presentation by altering the epigenetic landscape (198 citations)"
Kelsey Zegar,Child & Family Service,US,"RNA and protein synthesis mechanisms
RNA Research and Splicing
RNA modifications and cancer","De Novo Missense Mutations in DHX30 Impair Global Translation and Cause a Neurodevelopmental Disorder (114 citations)
De Novo Missense Mutations in DHX30 Impair Global Translation and Cause a Neurodevelopmental Disorder (14 citations)
Barriers to Genetic Testing in Pediatric Retinis Pigmentosa (3 citations)"
Kenneth M. Borthwick,Geisinger Health System,US,"Antimicrobial Resistance in Staphylococcus
Genetic Associations and Epidemiology
Pharmacovigilance and Adverse Drug Reactions","Meta-Analysis of Genome-Wide Association Studies for Abdominal Aortic Aneurysm Identifies Four New Disease-Specific Risk Loci (232 citations)
Desiderata for computable representations of electronic health records-driven phenotype algorithms (141 citations)
Harmonizing Clinical Sequencing and Interpretation for the eMERGE III Network (116 citations)"
Keren Machol,Baylor Genetics,US,"Metabolism and Genetic Disorders
Mitochondrial Function and Pathology
Connective tissue disorders research","De Novo Mutations in CHD4 , an ATP-Dependent Chromatin Remodeler Gene, Cause an Intellectual Disability Syndrome with Distinctive Dysmorphisms (158 citations)
The Proto-Oncogene ERG in Megakaryoblastic Leukemias (127 citations)
Deficient histone H3 propionylation by BRPF1-KAT6 complexes in neurodevelopmental disorders and cancer (109 citations)"
Keri Ramsey,Mayo Clinic in Arizona,US,"Genetics and Neurodevelopmental Disorders
Genomics and Rare Diseases
RNA modifications and cancer","STXBP1 encephalopathy (331 citations)
Altered neuronal gene expression in brain regions differentially affected by Alzheimer's disease: a reference data set (310 citations)
KCNQ2 encephalopathy (246 citations)"
Kevin M. Bowling,Washington University in St. Louis,US,"Genomics and Rare Diseases
BRCA gene mutations in cancer
Genomic variations and chromosomal abnormalities","An integrated encyclopedia of DNA elements in the human genome (19663 citations)
An integrated encyclopedia of DNA elements in the human genome (2783 citations)
Dynamic DNA methylation across diverse human cell lines and tissues (739 citations)"
Jaeyeon Kim,Stanford University,US,"CAR-T cell therapy research
Astrophysics and Star Formation Studies
Galaxies: Formation, Evolution, Phenomena","Detection of Circulating Tumor DNA in Early- and Late-Stage Human Malignancies (5197 citations)
Long-term safety and activity of axicabtagene ciloleucel in refractory large B-cell lymphoma (ZUMA-1): a single-arm, multicentre, phase 1–2 trial (2301 citations)
Randomized, Open-Label Phase II Study Evaluating the Efficacy and Safety of Talimogene Laherparepvec in Combination With Ipilimumab Versus Ipilimumab Alone in Patients With Advanced, Unresectable Melanoma (630 citations)"
Klaas J. Wierenga,Mayo Clinic in Florida,US,"Genomics and Rare Diseases
Genetics and Neurodevelopmental Disorders
Metabolism and Genetic Disorders","High Rate of Recurrent De Novo Mutations in Developmental and Epileptic Encephalopathies (465 citations)
Activating mutations in STIM1 and ORAI1 cause overlapping syndromes of tubular myopathy and congenital miosis (250 citations)
Mutations in KEOPS-complex genes cause nephrotic syndrome with primary microcephaly (225 citations)"
Klaus Scheffzek,Universität Innsbruck,AT,"Enzyme Structure and Function
Protein Kinase Regulation and GTPase Signaling
Neurofibromatosis and Schwannoma Cases","The Ras-RasGAP Complex: Structural Basis for GTPase Activation and Its Loss in Oncogenic Ras Mutants (1569 citations)
Structural Basis for the Autoinhibition of c-Abl Tyrosine Kinase (890 citations)
GTPase-activating proteins: helping hands to complement an active site (413 citations)"
Koen L.I. van Gassen,University Medical Center Utrecht,NL,"Genomics and Rare Diseases
Genetics and Neurodevelopmental Disorders
Genomic variations and chromosomal abnormalities","Mutations in DDX3X Are a Common Cause of Unexplained Intellectual Disability with Gender-Specific Effects on Wnt Signaling (345 citations)
A Post-Hoc Comparison of the Utility of Sanger Sequencing and Exome Sequencing for the Diagnosis of Heterogeneous Diseases (341 citations)
Autosomal recessive Noonan syndrome associated with biallelic LZTR1 variants (229 citations)"
Kory Keller,Oregon Health & Science University,US,"Genetics and Neurodevelopmental Disorders
Genomic variations and chromosomal abnormalities
Immunodeficiency and Autoimmune Disorders","Clinical spectrum of individuals with pathogenic N F1 missense variants affecting p.Met1149, p.Arg1276, and p.Lys1423: genotype–phenotype study in neurofibromatosis type 1 (138 citations)
Rare deleterious mutations of HNRNP genes result in shared neurodevelopmental disorders (119 citations)
Mutations in PURA Cause Profound Neonatal Hypotonia, Seizures, and Encephalopathy in 5q31.3 Microdeletion Syndrome (115 citations)"
Kristen L. Sund,ID Genomics (United States),US,"Genomics and Rare Diseases
BRCA gene mutations in cancer
Genomic variations and chromosomal abnormalities","Mutations in SLC25A46, encoding a UGO1-like protein, cause an optic atrophy spectrum disorder (208 citations)
A Recurrent Missense Variant in AP2M1 Impairs Clathrin-Mediated Endocytosis and Causes Developmental and Epileptic Encephalopathy (134 citations)
Regions of homozygosity identified by SNP microarray analysis aid in the diagnosis of autosomal recessive disease and incidentally detect parental blood relationships (92 citations)"
Krzysztof Kiryluk,Columbia University,US,"Renal Diseases and Glomerulopathies
Genetic Associations and Epidemiology
Chronic Kidney Disease and Diabetes","Mapping the human genetic architecture of COVID-19 (1130 citations)
The Pathophysiology of IgA Nephropathy (915 citations)
Diagnostic Utility of Exome Sequencing for Kidney Disease (800 citations)"
Kurt D. Christensen,Harvard Pilgrim Health Care,US,"BRCA gene mutations in cancer
Genomics and Rare Diseases
Genetic Associations and Epidemiology","Isolation and Characterization of MC3T3-E1 Preosteoblast Subclones with Distinct In Vitro and In Vivo Differentiation/Mineralization Potential (663 citations)
Interpretation of Genomic Sequencing Results in Healthy and Ill Newborns: Results from the BabySeq Project (315 citations)
Fractional Processing of Sequential Bronchoalveolar Lavage to Separate Bronchial and Alveolar Samples (205 citations)"
Kyle Thompson,Newcastle University,GB,"Mitochondrial Function and Pathology
Metabolism and Genetic Disorders
RNA modifications and cancer","Mitochondrial OXPHOS Biogenesis: Co-Regulation of Protein Synthesis, Import, and Assembly Pathways (192 citations)
Recent advances in understanding the molecular genetic basis of mitochondrial disease (174 citations)
Recurrent De Novo Dominant Mutations in SLC25A4 Cause Severe Early-Onset Mitochondrial Disease and Loss of Mitochondrial DNA Copy Number (132 citations)"
Kévin Contrepois,Stanford University,US,"Metabolomics and Mass Spectrometry Studies
Cancer, Lipids, and Metabolism
Pregnancy and preeclampsia studies","The NASA Twins Study: A multidimensional analysis of a year-long human spaceflight (1150 citations)
Mass spectrometry-based metabolomics: a guide for annotation, quantification and best reporting practices (1134 citations)
The Human Tumor Atlas Network: Charting Tumor Transitions across Space and Time at Single-Cell Resolution (622 citations)"
LaDonna Immken,,,"Genetics and Neurodevelopmental Disorders
Genomic variations and chromosomal abnormalities
RNA modifications and cancer","Chromosome Catastrophes Involve Replication Mechanisms Generating Complex Genomic Rearrangements (470 citations)
Mutations inSYNGAP1Cause Intellectual Disability, Autism, and a Specific Form of Epilepsy by Inducing Haploinsufficiency (283 citations)
A small recurrent deletion within 15q13.3 is associated with a range of neurodevelopmental phenotypes (185 citations)"
LaKeesha Minor,The University of Texas Health Science Center,US,"Metabolism and Genetic Disorders
Genomic variations and chromosomal abnormalities
Genomics and Rare Diseases","Reanalysis of Clinical Exome Sequencing Data (306 citations)
Authentication of Human Cell Lines by STR DNA Profiling Analysis -- Assay Guidance Manual (6 citations)"
Ladia Albertson‐Junkans,Kaiser Permanente Washington Health Research Institute,US,"Prenatal Substance Exposure Effects
COVID-19 Clinical Research Studies
Electronic Health Records Systems","Harmonizing Clinical Sequencing and Interpretation for the eMERGE III Network (116 citations)
Increased COVID-19 Infection Risk Drives Racial and Ethnic Disparities in Severe COVID-19 Outcomes (45 citations)
Renin–Angiotensin–Aldosterone System Inhibitors and COVID-19 Infection or Hospitalization: A Cohort Study (35 citations)"
Laura A. Krueger,University of Kentucky,US,"Retinal Development and Disorders
Mitochondrial Function and Pathology
Zebrafish Biomedical Research Applications","Mutations in SLC25A46, encoding a UGO1-like protein, cause an optic atrophy spectrum disorder (208 citations)
Neuropathy target esterase impairments cause Oliver–McFarlane and Laurence–Moon syndromes (125 citations)
Arabidopsis thaliana WAPL Is Essential for the Prophase Removal of Cohesin during Meiosis (61 citations)"
Laura Fairbrother,Vanderbilt University Medical Center,US,"Genomic variations and chromosomal abnormalities
Genetics and Neurodevelopmental Disorders
Epigenetics and DNA Methylation","POGZ truncating alleles cause syndromic intellectual disability (109 citations)
Mutations in GPAA1 , Encoding a GPI Transamidase Complex Protein, Cause Developmental Delay, Epilepsy, Cerebellar Atrophy, and Osteopenia (66 citations)
Mild Angelman syndrome phenotype due to a mosaic methylation imprinting defect (20 citations)"
Laura K. Conlin,University of Pennsylvania,US,"Genomics and Rare Diseases
Genomic variations and chromosomal abnormalities
Prenatal Screening and Diagnostics","Performance of ACMG-AMP Variant-Interpretation Guidelines among Nine Laboratories in the Clinical Sequencing Exploratory Research Consortium (590 citations)
Natural variation in human gene expression assessed in lymphoblastoid cells (558 citations)
Mechanisms of mosaicism, chimerism and uniparental disomy identified by single nucleotide polymorphism array analysis (502 citations)"
Laura L. Klitten,University of Copenhagen,DK,"Genetics and Neurodevelopmental Disorders
Genomic variations and chromosomal abnormalities
Epilepsy research and treatment","Mutations inSYNGAP1Cause Intellectual Disability, Autism, and a Specific Form of Epilepsy by Inducing Haploinsufficiency (283 citations)
Mutations inNRXN1in a family multiply affected with brain disorders:NRXN1mutations and brain disorders (82 citations)
Reduction of seizure frequency after epilepsy surgery in a patient with STXBP1 encephalopathy and clinical description of six novel mutation carriers (73 citations)"
Laura M. Amendola,Ambry Genetics (United States),US,"Genomics and Rare Diseases
BRCA gene mutations in cancer
Cancer Genomics and Diagnostics","Performance of ACMG-AMP Variant-Interpretation Guidelines among Nine Laboratories in the Clinical Sequencing Exploratory Research Consortium (590 citations)
ACMG SF v3.0 list for reporting of secondary findings in clinical exome and genome sequencing: a policy statement of the American College of Medical Genetics and Genomics (ACMG) (569 citations)
ACMG SF v3.2 list for reporting of secondary findings in clinical exome and genome sequencing: A policy statement of the American College of Medical Genetics and Genomics (ACMG) (444 citations)"
Laura K. Stewart,University of Northern Colorado,US,"Exercise and Physiological Responses
Adipokines, Inflammation, and Metabolic Diseases
Adipose Tissue and Metabolism","A Linear Recognition Algorithm for Cographs (642 citations)
The Influence of Exercise Training on Inflammatory Cytokines and C-Reactive Protein (282 citations)
Dietary methionine restriction enhances metabolic flexibility and increases uncoupled respiration in both fed and fasted states (227 citations)"
Laure Frésard,LabCorp (United States),US,"Genomics and Rare Diseases
RNA Research and Splicing
Genetic Associations and Epidemiology","The GTEx Consortium atlas of genetic regulatory effects across human tissues (6141 citations)
Genetic effects on gene expression across human tissues (4742 citations)
Exploring the phenotypic consequences of tissue specific gene expression variation inferred from GWAS summary statistics (1261 citations)"
Laurel A. Donnell‐Fink,,,"Total Knee Arthroplasty Outcomes
HIV/AIDS Research and Interventions
Osteoarthritis Treatment and Mechanisms","Surgery versus Physical Therapy for a Meniscal Tear and Osteoarthritis (658 citations)
MARRVEL: Integration of Human and Model Organism Genetic Resources to Facilitate Functional Annotation of the Human Genome (228 citations)
The Undiagnosed Diseases Network: Accelerating Discovery about Health and Disease (190 citations)"
Lauren C. Briere,Massachusetts General Hospital,US,"Genomics and Rare Diseases
Genetics and Neurodevelopmental Disorders
Cellular transport and secretion","MARRVEL: Integration of Human and Model Organism Genetic Resources to Facilitate Functional Annotation of the Human Genome (228 citations)
The Undiagnosed Diseases Network: Accelerating Discovery about Health and Disease (190 citations)
A Syndromic Neurodevelopmental Disorder Caused by De Novo Variants in EBF3 (124 citations)"
Laurence Faivre,CHU Dijon Bourgogne,FR,"Genomics and Rare Diseases
Genetics and Neurodevelopmental Disorders
Genomic variations and chromosomal abnormalities","Autoantibodies against type I IFNs in patients with life-threatening COVID-19 (2877 citations)
Inborn errors of type I IFN immunity in patients with life-threatening COVID-19 (2419 citations)
The revised Ghent nosology for the Marfan syndrome: Table 1 (2244 citations)"
Laurie B. Griffin,Women & Infants Hospital of Rhode Island,US,"RNA and protein synthesis mechanisms
RNA Research and Splicing
Hereditary Neurological Disorders","Exome Sequence Analysis Suggests that Genetic Burden Contributes to Phenotypic Variability and Complex Neuropathy (252 citations)
Mutations in SLC25A46, encoding a UGO1-like protein, cause an optic atrophy spectrum disorder (208 citations)
Identification of an Inhibitor of the EWS-FLI1 Oncogenic Transcription Factor by High-Throughput Screening (207 citations)"
Lawrence Babb,Broad Institute,US,"Genomics and Rare Diseases
Cancer Genomics and Diagnostics
Biomedical Text Mining and Ontologies","GA4GH: International policies and standards for data sharing across genomic research and healthcare (322 citations)
The Gene Curation Coalition: A global effort to harmonize gene–disease evidence resources (169 citations)
seqr : A web‐based analysis and collaboration tool for rare disease genomics (116 citations)"
Lea Latham,,,"Organ Transplantation Techniques and Outcomes
Prostate Cancer Treatment and Research
Genomics and Rare Diseases","MARRVEL: Integration of Human and Model Organism Genetic Resources to Facilitate Functional Annotation of the Human Genome (228 citations)
The Undiagnosed Diseases Network: Accelerating Discovery about Health and Disease (190 citations)
Prospective phenotyping of NGLY1-CDDG, the first congenital disorder of deglycosylation (149 citations)"
Leonardo Caporali,Istituto delle Scienze Neurologiche di Bologna,IT,"Mitochondrial Function and Pathology
ATP Synthase and ATPases Research
Metabolism and Genetic Disorders","Multi-system neurological disease is common in patients with OPA1 mutations (449 citations)
Efficient mitochondrial biogenesis drives incomplete penetrance in Leber’s hereditary optic neuropathy (290 citations)
OPA1 Isoforms in the Hierarchical Organization of Mitochondrial Functions (249 citations)"
Leslie G. Biesecker,National Human Genome Research Institute,US,"Genomics and Rare Diseases
BRCA gene mutations in cancer
Vascular Malformations and Hemangiomas","Consensus Statement: Chromosomal Microarray Is a First-Tier Clinical Diagnostic Test for Individuals with Developmental Disabilities or Congenital Anomalies (2928 citations)
ACMG recommendations for reporting of incidental findings in clinical exome and genome sequencing (2567 citations)
Guidelines for investigating causality of sequence variants in human disease (1291 citations)"
Levinus A. Bok,Máxima Medisch Centrum,NL,"Metabolism and Genetic Disorders
Down syndrome and intellectual disability research
Epilepsy research and treatment","GRIN2B encephalopathy: novel findings on phenotype, variant clustering, functional consequences and treatment aspects (260 citations)
The Spectrum of Cranial Ultrasound and Magnetic Resonance Imaging Abnormalities in Congenital Cytomegalovirus Infection (231 citations)
Functional convergence of histone methyltransferases EHMT1 and KMT2C involved in intellectual disability and autism spectrum disorder (169 citations)"
Liliana Fernández,Stanford Medicine,US,"Genomics and Rare Diseases
RNA Research and Splicing
Genetic Associations and Epidemiology","Both Rare and De Novo Copy Number Variants Are Prevalent in Agenesis of the Corpus Callosum but Not in Cerebellar Hypoplasia or Polymicrogyria (112 citations)
Biallelic Mutations in ATP5F1D, which Encodes a Subunit of ATP Synthase, Cause a Metabolic Disorder (108 citations)
Lysosomal Storage and Albinism Due to Effects of a De Novo CLCN7 Variant on Lysosomal Acidification (99 citations)"
Lina Basel‐Vanagaite,Rabin Medical Center,IL,"Genomic variations and chromosomal abnormalities
Prenatal Screening and Diagnostics
Genetics and Neurodevelopmental Disorders","Positional cloning uncovers mutations in PLCE1 responsible for a nephrotic syndrome variant that may be reversible (568 citations)
G Protein-Coupled Receptor-Dependent Development of Human Frontal Cortex (524 citations)
tRNA splicing endonuclease mutations cause pontocerebellar hypoplasia (258 citations)"
Lindsay C. Burrage,Texas Children's Hospital,US,"Metabolism and Genetic Disorders
Genomics and Rare Diseases
RNA modifications and cancer","Use of Exome Sequencing for Infants in Intensive Care Units (439 citations)
Genetic Dissection of Complex Traits with Chromosome Substitution Strains of Mice (356 citations)
Genetic architecture of complex traits: Large phenotypic effects and pervasive epistasis (270 citations)"
Linyan Meng,Baylor Genetics,US,"Genomics and Rare Diseases
Genomic variations and chromosomal abnormalities
Genetics and Neurodevelopmental Disorders","Towards a therapy for Angelman syndrome by targeting a long non-coding RNA (534 citations)
Use of Exome Sequencing for Infants in Intensive Care Units (439 citations)
Reanalysis of Clinical Exome Sequencing Data (306 citations)"
Lionel Carmant,Centre Hospitalier Universitaire Sainte-Justine,CA,"Epilepsy research and treatment
Neuroscience and Neuropharmacology Research
Pharmacological Effects and Toxicity Studies","Seizures and Epilepsy: An Overview for Neuroscientists (921 citations)
Mutation of GABRA1 in an autosomal dominant form of juvenile myoclonic epilepsy (658 citations)
High Rate of Recurrent De Novo Mutations in Developmental and Epileptic Encephalopathies (465 citations)"
Lior Cohen,Universitat de Barcelona,ES,"Genomics and Rare Diseases
Advanced Chemical Physics Studies
Mitochondrial Function and Pathology","Primitive model electrolytes. I. Grand canonical Monte Carlo computations (283 citations)
De Novo Mutations in CHD4 , an ATP-Dependent Chromatin Remodeler Gene, Cause an Intellectual Disability Syndrome with Distinctive Dysmorphisms (158 citations)
Primitive model electrolytes. II. The symmetrical electrolyte (127 citations)"
Lisa Abreu,University College London,GB,"Hereditary Neurological Disorders
Neurological diseases and metabolism
Genetic Neurodegenerative Diseases","Mutations in SLC25A46, encoding a UGO1-like protein, cause an optic atrophy spectrum disorder (208 citations)
Biallelic mutations in SORD cause a common and potentially treatable hereditary neuropathy with implications for diabetes (178 citations)
Hereditary spastic paraplegia type 5: natural history, biomarkers and a randomized controlled trial (110 citations)"
Lisa Bastarache,Vanderbilt University Medical Center,US,"Genetic Associations and Epidemiology
Genomics and Rare Diseases
Bioinformatics and Genomic Networks","PheWAS: demonstrating the feasibility of a phenome-wide scan to discover gene–disease associations (1370 citations)
Cardiovascular toxicities associated with immune checkpoint inhibitors: an observational, retrospective, pharmacovigilance study (1255 citations)
Systematic comparison of phenome-wide association study of electronic medical record data and genome-wide association study data (1138 citations)"
Lisa Dellefave‐Castillo,Research Institute for Genetic and Human Therapy,US,"Cardiomyopathy and Myosin Studies
Genomics and Rare Diseases
Cardiac electrophysiology and arrhythmias","Desmoplakin Cardiomyopathy, a Fibrotic and Inflammatory Form of Cardiomyopathy Distinct From Typical Dilated or Arrhythmogenic Right Ventricular Cardiomyopathy (494 citations)
Population-Based Variation in Cardiomyopathy Genes (158 citations)
Assessment of the Diagnostic Yield of Combined Cardiomyopathy and Arrhythmia Genetic Testing (88 citations)"
Lisa Emrick,Texas Children's Hospital,US,"Genomics and Rare Diseases
Mitochondrial Function and Pathology
Metabolism and Genetic Disorders","Autosomal recessive Noonan syndrome associated with biallelic LZTR1 variants (229 citations)
MARRVEL: Integration of Human and Model Organism Genetic Resources to Facilitate Functional Annotation of the Human Genome (228 citations)
The Undiagnosed Diseases Network: Accelerating Discovery about Health and Disease (190 citations)"
Loren D.M. Peña,University of Cincinnati Medical Center,US,"Genomics and Rare Diseases
Neurogenetic and Muscular Disorders Research
Genetics and Neurodevelopmental Disorders","Onasemnogene abeparvovec gene therapy for symptomatic infantile-onset spinal muscular atrophy in patients with two copies of SMN2 (STR1VE): an open-label, single-arm, multicentre, phase 3 trial (490 citations)
MARRVEL: Integration of Human and Model Organism Genetic Resources to Facilitate Functional Annotation of the Human Genome (228 citations)
The Undiagnosed Diseases Network: Accelerating Discovery about Health and Disease (190 citations)"
Lori H. Handley,HudsonAlpha Institute for Biotechnology,US,"Genomics and Rare Diseases
Genomics and Phylogenetic Studies
Genomic variations and chromosomal abnormalities","MARRVEL: Integration of Human and Model Organism Genetic Resources to Facilitate Functional Annotation of the Human Genome (228 citations)
The Undiagnosed Diseases Network: Accelerating Discovery about Health and Disease (190 citations)
IRF2BPL Is Associated with Neurological Phenotypes (115 citations)"
Lorraine Potocki,Texas Children's Hospital,US,"Genomic variations and chromosomal abnormalities
Genomics and Rare Diseases
Genetics and Neurodevelopmental Disorders","A Systematic Analysis of Human Disease-Associated Gene Sequences In Drosophila melanogaster (990 citations)
Use of Exome Sequencing for Infants in Intensive Care Units (439 citations)
Characterization of Potocki-Lupski Syndrome (dup(17)(p11.2p11.2)) and Delineation of a Dosage-Sensitive Critical Interval That Can Convey an Autism Phenotype (432 citations)"
Loïc Sauteur,Department of Biomedicine Basel,CH,"Angiogenesis and VEGF in Cancer
Cellular Mechanics and Interactions
Zebrafish Biomedical Research Applications","Cdh5/VE-cadherin Promotes Endothelial Cell Interface Elongation via Cortical Actin Polymerization during Angiogenic Sprouting (183 citations)
Mutations in signal recognition particle SRP54 cause syndromic neutropenia with Shwachman-Diamond–like features (175 citations)
In Vivo Analysis Reveals a Highly Stereotypic Morphogenetic Pathway of Vascular Anastomosis (167 citations)"
Luciana Musante,IRCCS Materno Infantile Burlo Garofolo,IT,"Genetics and Neurodevelopmental Disorders
Genomics and Rare Diseases
RNA modifications and cancer","Deep sequencing reveals 50 novel genes for recessive cognitive disorders (992 citations)
Germline KRAS mutations cause Noonan syndrome (741 citations)
Genetics of intellectual disability in consanguineous families (226 citations)"
Luis E. Escobar,Virginia Tech,US,"Zoonotic diseases and public health
Viral Infections and Vectors
Species Distribution and Climate Change","The 2020 report of The Lancet Countdown on health and climate change: responding to converging crises (1933 citations)
The 2022 report of the Lancet Countdown on health and climate change: health at the mercy of fossil fuels (1663 citations)
The 2021 report of the Lancet Countdown on health and climate change: code red for a healthy future (1597 citations)"
Lydie Naegely,Université de Strasbourg,FR,"Genetics and Neurodevelopmental Disorders
T-cell and B-cell Immunology
Lymphoma Diagnosis and Treatment","Mutations in signal recognition particle SRP54 cause syndromic neutropenia with Shwachman-Diamond–like features (175 citations)
ZMIZ1 Variants Cause a Syndromic Neurodevelopmental Disorder (69 citations)
A new MHC-linked susceptibility locus for primary Sjögren’s syndrome: MICA (35 citations)"
Lynda Pollack,Arnold Palmer Hospital for Children,US,"Genomics and Rare Diseases
Wnt/β-catenin signaling in development and cancer
Genomic variations and chromosomal abnormalities","POGZ truncating alleles cause syndromic intellectual disability (109 citations)
Sporadic occurrence of Duchenne Muscular Dystrophy: evidence for new mutation (44 citations)
Novel pathogenic variants and quantitative phenotypic analyses of Robinow syndrome: WNT signaling perturbation and phenotypic variability (40 citations)"
Lynne A. Wolfe,National Human Genome Research Institute,US,"Genomics and Rare Diseases
Glycosylation and Glycoproteins Research
Genetics and Neurodevelopmental Disorders","Diagnosis and management of mitochondrial disease: a consensus statement from the Mitochondrial Medicine Society (623 citations)
Gain-of-function mutations in IFIH1 cause a spectrum of human disease phenotypes associated with upregulated type I interferon signaling (600 citations)
Patient care standards for primary mitochondrial disease: a consensus statement from the Mitochondrial Medicine Society (300 citations)"
Lysanne Patry,Université de Montréal,CA,"Mitochondrial Function and Pathology
Genetics and Neurodevelopmental Disorders
RNA and protein synthesis mechanisms","De Novo Mutations in Moderate or Severe Intellectual Disability (430 citations)
Mutations inSYNGAP1Cause Intellectual Disability, Autism, and a Specific Form of Epilepsy by Inducing Haploinsufficiency (283 citations)
SYN1 loss-of-function mutations in autism and partial epilepsy cause impaired synaptic function (240 citations)"
M. E. Suzanne Lewis,Queen's University,CA,"Genetics and Neurodevelopmental Disorders
Genomic variations and chromosomal abnormalities
Autism Spectrum Disorder Research","Autoradiographic differentiation of mu, delta and kappa opioid receptors in the rat forebrain and midbrain (982 citations)
Beyond the Imitation Game: Quantifying and extrapolating the capabilities of language models (564 citations)
Mirror extreme BMI phenotypes associated with gene dosage at the chromosome 16p11.2 locus (484 citations)"
M. Geoffrey Hayes,Brigham and Women's Hospital,US,"Genetic Associations and Epidemiology
Birth, Development, and Health
Gestational Diabetes Research and Management","Defining the role of common variation in the genomic and biological architecture of adult human height (2113 citations)
The power of genetic diversity in genome-wide association studies of lipids (1090 citations)
Genome partitioning of genetic variation for complex traits using common SNPs (962 citations)"
Maciej Sykulski,Medical University of Warsaw,PL,"Genomic variations and chromosomal abnormalities
Gene expression and cancer classification
Genomics and Phylogenetic Studies","Detection of clinically relevant exonic copy-number changes by array CGH (243 citations)
Gene Expression Profile of the Clinically Aggressive Micropapillary Variant of Bladder Cancer (159 citations)
Spaced seeds improve k -mer-based metagenomic classification (107 citations)"
Maegan Harden,,,"Genetic Associations and Epidemiology
BRCA gene mutations in cancer
Genomics and Rare Diseases","An immunogenic personal neoantigen vaccine for patients with melanoma (3006 citations)
Neoantigen vaccine generates intratumoral T cell responses in phase Ib glioblastoma trial (1477 citations)
Interpretation of Genomic Sequencing Results in Healthy and Ill Newborns: Results from the BabySeq Project (315 citations)"
Magalie Barth,Université d'Angers,FR,"Metabolism and Genetic Disorders
Mitochondrial Function and Pathology
Genomics and Rare Diseases","Characterization of human disease phenotypes associated with mutations in TREX1 , RNASEH2A , RNASEH2B , RNASEH2C , SAMHD1 , ADAR , and IFIH1 (616 citations)
Mutations in TUBG1, DYNC1H1, KIF5C and KIF2A cause malformations of cortical development and microcephaly (504 citations)
Mirror extreme BMI phenotypes associated with gene dosage at the chromosome 16p11.2 locus (484 citations)"
Magalie S. Leduc,Baylor College of Medicine,US,"Genomics and Rare Diseases
Genomic variations and chromosomal abnormalities
Genetics and Neurodevelopmental Disorders","Clinical Whole-Exome Sequencing for the Diagnosis of Mendelian Disorders (2013 citations)
Molecular Findings Among Patients Referred for Clinical Whole-Exome Sequencing (1422 citations)
Use of Exome Sequencing for Infants in Intensive Care Units (439 citations)"
Magdalena Bartnik,Pomeranian Medical University,PL,"Genomic variations and chromosomal abnormalities
Congenital heart defects research
Prenatal Screening and Diagnostics","Parental Somatic Mosaicism Is Underrecognized and Influences Recurrence Risk of Genomic Disorders (284 citations)
Detection of clinically relevant exonic copy-number changes by array CGH (243 citations)
Recurrent Distal 7q11.23 Deletion Including HIP1 and YWHAG Identified in Patients with Intellectual Disabilities, Epilepsy, and Neurobehavioral Problems (99 citations)"
Magdalena Walkiewicz,National Institute of Allergy and Infectious Diseases,US,"Genomics and Rare Diseases
Immunodeficiency and Autoimmune Disorders
Genomic variations and chromosomal abnormalities","Molecular Findings Among Patients Referred for Clinical Whole-Exome Sequencing (1422 citations)
Resolution of Disease Phenotypes Resulting from Multilocus Genomic Variation (803 citations)
Use of Exome Sequencing for Infants in Intensive Care Units (439 citations)"
Mahim Jain,Nemours Children's Health System,US,"Connective tissue disorders research
RNA regulation and disease
Genomics and Rare Diseases","Genome-wide association study of CNVs in 16,000 cases of eight common diseases and 3,000 shared controls (820 citations)
Asprosin, a Fasting-Induced Glucogenic Protein Hormone (595 citations)
Asprosin is a centrally acting orexigenic hormone (359 citations)"
Mahshid S. Azamian,Baylor Genetics,US,"Congenital heart defects research
Genomics and Rare Diseases
Genetics and Neurodevelopmental Disorders","Use of Exome Sequencing for Infants in Intensive Care Units (439 citations)
Recurrent Muscle Weakness with Rhabdomyolysis, Metabolic Crises, and Cardiac Arrhythmia Due to Bi-allelic TANGO2 Mutations (155 citations)
IRF2BPL Is Associated with Neurological Phenotypes (115 citations)"
Manuel L. Gonzalez‐Garay,City of Hope,US,"Microtubule and mitosis dynamics
Interstitial Lung Diseases and Idiopathic Pulmonary Fibrosis
Genomic variations and chromosomal abnormalities","Comprehensive genomic characterization defines human glioblastoma genes and core pathways (7864 citations)
Somatic mutations affect key pathways in lung adenocarcinoma (2754 citations)
Genome sequence of the Brown Norway rat yields insights into mammalian evolution (2223 citations)"
Marcia P. Martins,Unidade Local de Saúde de Trás-os-Montes e Alto Douro,PT,"Connective tissue disorders research
Genetic Syndromes and Imprinting
Williams Syndrome Research",The phenotypic spectrum of Schaaf-Yang syndrome: 18 new affected individuals from 14 families (121 citations)
Marcia Willing,Washington University in St. Louis,US,"Connective tissue disorders research
Bone health and osteoporosis research
Aortic Disease and Treatment Approaches","Mutations in smooth muscle α-actin (ACTA2) lead to thoracic aortic aneurysms and dissections (856 citations)
Mutations in Smooth Muscle Alpha-Actin (ACTA2) Cause Coronary Artery Disease, Stroke, and Moyamoya Disease, Along with Thoracic Aortic Disease (578 citations)
Mutations in Transforming Growth Factor-β Receptor Type II Cause Familial Thoracic Aortic Aneurysms and Dissections (368 citations)"
Margaret Harr,Children's Hospital of Philadelphia,US,"Genomics and Rare Diseases
BRCA gene mutations in cancer
Genetics and Neurodevelopmental Disorders","Mutations in DDX3X Are a Common Cause of Unexplained Intellectual Disability with Gender-Specific Effects on Wnt Signaling (345 citations)
Autosomal recessive Noonan syndrome associated with biallelic LZTR1 variants (229 citations)
Selection, optimization and validation of ten chronic disease polygenic risk scores for clinical implementation in diverse US populations (209 citations)"
Margot R.F. Reijnders,Radboud Institute for Molecular Life Sciences,NL,"Genomics and Rare Diseases
Genetics and Neurodevelopmental Disorders
Genomic variations and chromosomal abnormalities","Refining analyses of copy number variation identifies specific genes associated with developmental delay (778 citations)
Evidence for 28 genetic disorders discovered by combining healthcare and research data (696 citations)
Meta-analysis of 2,104 trios provides support for 10 new genes for intellectual disability (472 citations)"
Marianne McGuire,Magee-Womens Hospital,US,"Genomic variations and chromosomal abnormalities
Genomics and Rare Diseases
Genetics and Neurodevelopmental Disorders","Phenotypic Heterogeneity of Genomic Disorders and Rare Copy-Number Variants (643 citations)
Clinical Presentation of a Complex Neurodevelopmental Disorder Caused by Mutations in ADNP (187 citations)
High-resolution array CGH defines critical regions and candidate genes for microcephaly, abnormalities of the corpus callosum, and seizure phenotypes in patients with microdeletions of 1q43q44 (151 citations)"
Marie C. Béné,Nantes Université,FR,"Acute Myeloid Leukemia Research
Acute Lymphoblastic Leukemia research
Chronic Lymphocytic Leukemia Research","Minimal/measurable residual disease in AML: a consensus document from the European LeukemiaNet MRD Working Party (1050 citations)
Bortezomib, thalidomide, and dexamethasone with or without daratumumab before and after autologous stem-cell transplantation for newly diagnosed multiple myeloma (CASSIOPEIA): a randomised, open-label, phase 3 study (968 citations)
2021 Update on MRD in acute myeloid leukemia: a consensus document from the European LeukemiaNet MRD Working Party (767 citations)"
Marie Vincent,,,"Genomics and Rare Diseases
Genetics and Neurodevelopmental Disorders
Genomic variations and chromosomal abnormalities","Pathogenic DDX3X Mutations Impair RNA Metabolism and Neurogenesis during Fetal Cortical Development (226 citations)
Rare variants in the genetic background modulate cognitive and developmental phenotypes in individuals carrying disease-associated variants (221 citations)
De Novo Mutations in Protein Kinase Genes CAMK2A and CAMK2B Cause Intellectual Disability (202 citations)"
Marie‐Pierre Chenard,Université de Strasbourg,FR,"Cell Adhesion Molecules Research
Glioma Diagnosis and Treatment
Protease and Inhibitor Mechanisms","A novel metalloproteinase gene specifically expressed in stromal cells of breast carcinomas (1134 citations)
Membrane-type matrix metalloproteinase (MT-MMP) gene is expressed in stromal cells of human colon, breast, and head and neck carcinomas. (500 citations)
Gastric Mucosa Abnormalities and Tumorigenesis in Mice Lacking the pS2 Trefoil Protein (499 citations)"
Marine Tessarech,Université d'Angers,FR,"RNA modifications and cancer
Genomics and Rare Diseases
RNA and protein synthesis mechanisms","De Novo Missense Mutations in DHX30 Impair Global Translation and Cause a Neurodevelopmental Disorder (114 citations)
A New Case of PCSK1 Pathogenic Variant With Congenital Proprotein Convertase 1/3 Deficiency and Literature Review (58 citations)
SOX11 variants cause a neurodevelopmental disorder with infrequent ocular malformations and hypogonadotropic hypogonadism and with distinct DNA methylation profile (37 citations)"
Marion Eveillard,Nantes Université,FR,"Acute Myeloid Leukemia Research
Acute Lymphoblastic Leukemia research
Multiple Myeloma Research and Treatments","Mutations in signal recognition particle SRP54 cause syndromic neutropenia with Shwachman-Diamond–like features (175 citations)
Mutations in TP53 are exclusively associated with del(17p) in multiple myeloma (148 citations)
CAR+ T-Cell Lymphoma after Cilta-cel Therapy for Relapsed or Refractory Myeloma (60 citations)"
Mariska Davids,Sanford Health,US,"Genomics and Rare Diseases
Nitric Oxide and Endothelin Effects
Genetics and Neurodevelopmental Disorders","MARRVEL: Integration of Human and Model Organism Genetic Resources to Facilitate Functional Annotation of the Human Genome (228 citations)
The Undiagnosed Diseases Network: Accelerating Discovery about Health and Disease (190 citations)
Prospective phenotyping of NGLY1-CDDG, the first congenital disorder of deglycosylation (149 citations)"
Mariza de Andrade,,,"Genetic Associations and Epidemiology
RNA modifications and cancer
Lung Cancer Treatments and Mutations","Sequencing of 53,831 diverse genomes from the NHLBI TOPMed Program (2363 citations)
Genome partitioning of genetic variation for complex traits using common SNPs (962 citations)
GWAS of 126,559 Individuals Identifies Genetic Variants Associated with Educational Attainment (917 citations)"
Marjan M. Weiss,Radboud University Medical Center,NL,"Genomic variations and chromosomal abnormalities
Cancer Genomics and Diagnostics
Genomics and Rare Diseases","Guidelines for diagnostic next-generation sequencing (525 citations)
Genome-wide association study identifies three loci associated with melanoma risk (469 citations)
Erratum: Guidelines for diagnostic next-generation sequencing (430 citations)"
Marjon A. van Slegtenhorst,Erasmus MC,NL,"Cardiomyopathy and Myosin Studies
Congenital heart defects research
Cardiovascular Effects of Exercise","Genetics, Clinical Features, and Long-Term Outcome of Noncompaction Cardiomyopathy (319 citations)
Shared genetic pathways contribute to risk of hypertrophic and dilated cardiomyopathies with opposite directions of effect (301 citations)
Perturbed Length-Dependent Activation in Human Hypertrophic Cardiomyopathy With Missense Sarcomeric Gene Mutations (200 citations)"
Mark A. McElwain,,,"Cancer Genomics and Diagnostics
Acute Myeloid Leukemia Research
Genomic variations and chromosomal abnormalities","Truncating mutations of MAGEL2 cause Prader-Willi phenotypes and autism (309 citations)
Detection and phasing of single base de novo mutations in biopsies from human in vitro fertilized embryos by advanced whole-genome sequencing (58 citations)
A Suppressor/Enhancer Screen in Drosophila Reveals a Role for Wnt-Mediated Lipid Metabolism in Primordial Germ Cell Migration (26 citations)"
Mark A. Tarnopolsky,McMaster University,CA,"Muscle metabolism and nutrition
Mitochondrial Function and Pathology
Exercise and Physiological Responses","Gender differences in strength and muscle fiber characteristics (1101 citations)
Short‐term sprint interval versus traditional endurance training: similar initial adaptations in human skeletal muscle and exercise performance (1075 citations)
Ingestion of whey hydrolysate, casein, or soy protein isolate: effects on mixed muscle protein synthesis at rest and following resistance exercise in young men (992 citations)"
Mark Bowser,Woman's Hospital,US,"Genomics and Rare Diseases
Endoplasmic Reticulum Stress and Disease
Cancer Research and Treatments","The landscape of genetic variation in dilated cardiomyopathy as surveyed by clinical DNA sequencing (381 citations)
Navigating highly homologous genes in a molecular diagnostic setting: a resource for clinical next-generation sequencing (256 citations)
EGFR-induced cell migration is mediated predominantly by the JAK-STAT pathway in primary esophageal keratinocytes (147 citations)"
Mark D. Fleming,Boston Children's Museum,US,"Iron Metabolism and Disorders
Hemoglobinopathies and Related Disorders
Trace Elements in Health","The M2 splice isoform of pyruvate kinase is important for cancer metabolism and tumour growth (2848 citations)
p63, a p53 Homolog at 3q27–29, Encodes Multiple Products with Transactivating, Death-Inducing, and Dominant-Negative Activities (2081 citations)
Positional cloning of zebrafish ferroportin1 identifies a conserved vertebrate iron exporter (1669 citations)"
Martin H. Berryer,Montreal Neurological Institute and Hospital,CA,"Genetics and Neurodevelopmental Disorders
CRISPR and Genetic Engineering
Cellular transport and secretion","Mutations inSYNGAP1Cause Intellectual Disability, Autism, and a Specific Form of Epilepsy by Inducing Haploinsufficiency (283 citations)
Antenatal Suppression of IL-1 Protects against Inflammation-Induced Fetal Injury and Improves Neonatal and Developmental Outcomes in Mice (120 citations)
Decrease of SYNGAP1 in GABAergic cells impairs inhibitory synapse connectivity, synaptic inhibition and cognitive function (99 citations)"
Martina Konantz,,,"Acute Myeloid Leukemia Research
Zebrafish Biomedical Research Applications
RNA modifications and cancer","The zebrafish reference genome sequence and its relationship to the human genome (5243 citations)
Absence of NKG2D ligands defines leukaemia stem cells and mediates their immune evasion (399 citations)
Zebrafish xenografts as a tool for in vivo studies on human cancer (206 citations)"
Marvin R. Natowicz,Case Western Reserve University,US,"Lysosomal Storage Disorders Research
Autism Spectrum Disorder Research
Carbohydrate Chemistry and Synthesis","Evaluation, Diagnosis, and Treatment of Gastrointestinal Disorders in Individuals With ASDs: A Consensus Report (874 citations)
Early Intervention for Children With Autism Spectrum Disorder Under 3 Years of Age: Recommendations for Practice and Research (858 citations)
Early Identification of Autism Spectrum Disorder: Recommendations for Practice and Research (496 citations)"
Mary E. Hackbarth,University of Maryland Medical Center,US,"Glycosylation and Glycoproteins Research
Lysosomal Storage Disorders Research
Genomics and Rare Diseases","MARRVEL: Integration of Human and Model Organism Genetic Resources to Facilitate Functional Annotation of the Human Genome (228 citations)
The Undiagnosed Diseases Network: Accelerating Discovery about Health and Disease (190 citations)
A Syndromic Neurodevelopmental Disorder Caused by De Novo Variants in EBF3 (124 citations)"
Mary K. Kukolich,Cook Children's Medical Center,US,"Genomic variations and chromosomal abnormalities
Prenatal Screening and Diagnostics
Genetics and Neurodevelopmental Disorders","Mutation Analysis of UBE3A in Angelman Syndrome Patients (219 citations)
The Koolen-de Vries syndrome: a phenotypic comparison of patients with a 17q21.31 microdeletion versus a KANSL1 sequence variant (191 citations)
The phenotypic spectrum of Schaaf-Yang syndrome: 18 new affected individuals from 14 families (121 citations)"
Mary Kay Koenig,The University of Texas Health Science Center at Houston,US,"Mitochondrial Function and Pathology
Metabolism and Genetic Disorders
Tuberous Sclerosis Complex Research","Tuberous Sclerosis Complex Diagnostic Criteria Update: Recommendations of the 2012 International Tuberous Sclerosis Complex Consensus Conference (1524 citations)
Tuberous Sclerosis Complex Surveillance and Management: Recommendations of the 2012 International Tuberous Sclerosis Complex Consensus Conference (866 citations)
Updated International Tuberous Sclerosis Complex Diagnostic Criteria and Surveillance and Management Recommendations (748 citations)"
Mary “Gracie” G. Gordon,,,"Genomics and Rare Diseases
Genetics and Neurodevelopmental Disorders
Ethics in Clinical Research","MARRVEL: Integration of Human and Model Organism Genetic Resources to Facilitate Functional Annotation of the Human Genome (228 citations)
The Undiagnosed Diseases Network: Accelerating Discovery about Health and Disease (190 citations)
A Syndromic Neurodevelopmental Disorder Caused by De Novo Variants in EBF3 (124 citations)"
Azamian S. Mashid,Columbia University,US,"Genomics and Rare Diseases
Genetics and Neurodevelopmental Disorders
Genomic variations and chromosomal abnormalities","A Syndromic Neurodevelopmental Disorder Caused by De Novo Variants in EBF3 (124 citations)
De Novo Truncating Variants in ASXL2 Are Associated with a Unique and Recognizable Clinical Phenotype (90 citations)
A Recurrent De Novo Variant in NACC1 Causes a Syndrome Characterized by Infantile Epilepsy, Cataracts, and Profound Developmental Delay (52 citations)"
Mathilde Neugnot-Cerioli,Université de Montréal,CA,"Genetics and Neurodevelopmental Disorders
Folate and B Vitamins Research
Attention Deficit Hyperactivity Disorder","Mutations inSYNGAP1Cause Intellectual Disability, Autism, and a Specific Form of Epilepsy by Inducing Haploinsufficiency (283 citations)
A Highly Diverse Portrait: Heterogeneity of Neuropsychological Profiles in cblC Defect (12 citations)
Training of fluid and crystallized intelligence: A game-based approach in adolescents presenting with below average IQ (7 citations)"
Matthew Brush,University of North Carolina at Chapel Hill,US,"Biomedical Text Mining and Ontologies
Genomics and Rare Diseases
Cancer Genomics and Diagnostics","The Monarch Initiative: an integrative data and analytic platform connecting phenotypes to genotypes across species (494 citations)
The Ontology for Biomedical Investigations (400 citations)
Growth Arrest and DNA Damage-Inducible Protein GADD34 Targets Protein Phosphatase 1α to the Endoplasmic Reticulum and Promotes Dephosphorylation of the α Subunit of Eukaryotic Translation Initiation Factor 2 (386 citations)"
Matthew C. Dulik,Children's Hospital of Philadelphia,US,"Genomics and Rare Diseases
Forensic and Genetic Research
Genomic variations and chromosomal abnormalities","Performance of ACMG-AMP Variant-Interpretation Guidelines among Nine Laboratories in the Clinical Sequencing Exploratory Research Consortium (590 citations)
Return of Genomic Results to Research Participants: The Floor, the Ceiling, and the Choices In Between (379 citations)
Actionable exomic incidental findings in 6503 participants: challenges of variant classification (375 citations)"
Matthew Herzog,Jeonbuk National University,KR,"Genomics and Rare Diseases
Genetics and Neurodevelopmental Disorders
Genomic variations and chromosomal abnormalities","MARRVEL: Integration of Human and Model Organism Genetic Resources to Facilitate Functional Annotation of the Human Genome (228 citations)
The Undiagnosed Diseases Network: Accelerating Discovery about Health and Disease (190 citations)
A Syndromic Neurodevelopmental Disorder Caused by De Novo Variants in EBF3 (124 citations)"
William M. Holmes,University of Glasgow,GB,"Advanced MRI Techniques and Applications
Advanced Neuroimaging Techniques and Applications
Glioma Diagnosis and Treatment","Interleukin-33 Induces Protective Effects in Adipose Tissue Inflammation During Obesity in Mice (326 citations)
Crystal Structure and Mutational Analysis of the Human CDK2 Kinase Complex with Cell Cycle–Regulatory Protein CksHs1 (239 citations)
Shear Banding Fluctuations and Nematic Order in Wormlike Micelles (122 citations)"
Matthew J. Huentelman,Arizona Alzheimer’s Consortium,,"Alzheimer's disease research and treatments
Dementia and Cognitive Impairment Research
Genetic Associations and Epidemiology","Meta-analysis of 74,046 individuals identifies 11 new susceptibility loci for Alzheimer's disease (4700 citations)
Genetic meta-analysis of diagnosed Alzheimer’s disease identifies new risk loci and implicates Aβ, tau, immunity and lipid processing (3267 citations)
New insights into the genetic etiology of Alzheimer’s disease and related dementias (2597 citations)"
Matthew N. Bainbridge,Children’s Institute,US,"Genomics and Rare Diseases
Genetic factors in colorectal cancer
Genomic variations and chromosomal abnormalities","A global reference for human genetic variation (20396 citations)
Clinical Whole-Exome Sequencing for the Diagnosis of Mendelian Disorders (2013 citations)
Genome-wide profiles of STAT1 DNA association using chromatin immunoprecipitation and massively parallel sequencing (1512 citations)"
Κ. Peters,Sapienza University of Rome,IT,"Particle physics theoretical and experimental studies
High-Energy Particle Collisions Research
Quantum Chromodynamics and Particle Interactions","Observation of a new particle in the search for the Standard Model Higgs boson with the ATLAS detector at the LHC (10846 citations)
Heavy quarkonium: progress, puzzles, and opportunities (1794 citations)
The BABAR detector (1362 citations)"
Matthew S. Lebo,Mass General Brigham,US,"Genomics and Rare Diseases
BRCA gene mutations in cancer
Genetic Associations and Epidemiology","Polygenic Prediction of Weight and Obesity Trajectories from Birth to Adulthood (848 citations)
Genomic data in the All of Us Research Program (824 citations)
Distribution and clinical impact of functional variants in 50,726 whole-exome sequences from the DiscovEHR study (607 citations)"
Matthew T. Hardison,AEgis Technologies (United States),US,"Peptidase Inhibition and Analysis
Protease and Inhibitor Mechanisms
Chronic Obstructive Pulmonary Disease (COPD) Research","Clinical Whole-Exome Sequencing for the Diagnosis of Mendelian Disorders (2013 citations)
A Critical Role for LTA 4 H in Limiting Chronic Pulmonary Neutrophilic Inflammation (249 citations)
A Self-Propagating Matrix Metalloprotease-9 (MMP-9) Dependent Cycle of Chronic Neutrophilic Inflammation (126 citations)"
Mauricio R. Delgado,"University Hospital, Newark",US,"Neural and Behavioral Psychology Studies
Functional Brain Connectivity Studies
Memory and Neural Mechanisms","Extinction Learning in Humans (1780 citations)
The Role of the Dorsal Striatum in Reward and Decision-Making: Figure 1. (1430 citations)
Variability in the analysis of a single neuroimaging dataset by many teams (1222 citations)"
Maximilian Muenke,National Human Genome Research Institute,US,"Hedgehog Signaling Pathway Studies
Cleft Lip and Palate Research
Craniofacial Disorders and Treatments","Mutations in the human Sonic Hedgehog gene cause holoprosencephaly (1162 citations)
Identification of Sonic hedgehog as a candidate gene responsible for holoprosencephaly (648 citations)
A common mutation in the fibroblast growth factor receptor 1 gene in Pfeiffer syndrome (624 citations)"
May Christine V. Malicdan,National Human Genome Research Institute,US,"Inflammatory Myopathies and Dermatomyositis
Muscle Physiology and Disorders
Genomics and Rare Diseases","Guidelines for the use and interpretation of assays for monitoring autophagy (4066 citations)
Somatic Mutations in UBA1 and Severe Adult-Onset Autoinflammatory Disease (1210 citations)
Automated, high-throughput derivation, characterization and differentiation of induced pluripotent stem cells (271 citations)"
Mays El-Dairi,Duke University Hospital,US,"Glaucoma and retinal disorders
Retinopathy of Prematurity Studies
Cerebral Venous Sinus Thrombosis","Subretinal Hyperreflective Material in the Comparison of Age-Related Macular Degeneration Treatments Trials (219 citations)
Optical Coherence Tomography in the Eyes of Normal Children (182 citations)
Quality of life in idiopathic intracranial hypertension at diagnosis (109 citations)"
Meckenzie Behr,Children's Hospital of Philadelphia,US,"BRCA gene mutations in cancer
Genomics and Rare Diseases
Childhood Cancer Survivors' Quality of Life","The Philadelphia Neurodevelopmental Cohort: A publicly available resource for the study of normal and abnormal brain development in youth (390 citations)
The Philadelphia Neurodevelopmental Cohort: constructing a deep phenotyping collaborative (277 citations)
Harmonizing Clinical Sequencing and Interpretation for the eMERGE III Network (116 citations)"
Megan E. Grove,Stanford University,US,"Genomics and Rare Diseases
Cardiomyopathy and Myosin Studies
BRCA gene mutations in cancer","Clinical Interpretation and Implications of Whole-Genome Sequencing (466 citations)
Identification of rare-disease genes using blood transcriptome sequencing and large control cohorts (365 citations)
Long-read genome sequencing identifies causal structural variation in a Mendelian disease (281 citations)"
Megan T. Cho,National Human Genome Research Institute,US,"Genetics and Neurodevelopmental Disorders
Genomics and Rare Diseases
Genomic variations and chromosomal abnormalities","Clinical application of whole-exome sequencing across clinical indications (1093 citations)
High Rate of Recurrent De Novo Mutations in Developmental and Epileptic Encephalopathies (465 citations)
Mutations in DDX3X Are a Common Cause of Unexplained Intellectual Disability with Gender-Specific Effects on Wnt Signaling (345 citations)"
Melissa Basford,Vanderbilt University Medical Center,US,"Genetic Associations and Epidemiology
Genomics and Rare Diseases
Machine Learning in Healthcare","PheWAS: demonstrating the feasibility of a phenome-wide scan to discover gene–disease associations (1370 citations)
Systematic comparison of phenome-wide association study of electronic medical record data and genome-wide association study data (1138 citations)
Genomic data in the All of Us Research Program (824 citations)"
Melissa Haendel,University of North Carolina at Chapel Hill,US,"Biomedical Text Mining and Ontologies
Genomics and Rare Diseases
Semantic Web and Ontologies","The Human Phenotype Ontology in 2021 (1276 citations)
Development of a Definition of Postacute Sequelae of SARS-CoV-2 Infection (872 citations)
The Human Phenotype Ontology project: linking molecular biology and disease through phenotype data (844 citations)"
Melissa Hall,Meta (United States),US,"Multimodal Machine Learning Applications
Topic Modeling
Generative Adversarial Networks and Image Synthesis","“I’m sorry to hear that”: Finding New Biases in Language Models with a Holistic Descriptor Dataset (66 citations)
An Introduction to Vision-Language Modeling (37 citations)
FACET: Fairness in Computer Vision Evaluation Benchmark (32 citations)"
Melissa Kelly,American Society for Clinical Pathology,US,"Genomics and Rare Diseases
BRCA gene mutations in cancer
Cardiomyopathy and Myosin Studies","Results of clinical genetic testing of 2,912 probands with hypertrophic cardiomyopathy: expanded panels offer limited additional sensitivity (460 citations)
Adaptation and validation of the ACMG/AMP variant classification framework for MYH7-associated inherited cardiomyopathies: recommendations by ClinGen’s Inherited Cardiomyopathy Expert Panel (381 citations)
The landscape of genetic variation in dilated cardiomyopathy as surveyed by clinical DNA sequencing (381 citations)"
Melita Irving,Guy's and St Thomas' NHS Foundation Trust,GB,"Connective tissue disorders research
Genomics and Rare Diseases
Genomic variations and chromosomal abnormalities","Evidence for 28 genetic disorders discovered by combining healthcare and research data (696 citations)
Whole-genome sequencing of patients with rare diseases in a national health system (586 citations)
The genomic landscape of balanced cytogenetic abnormalities associated with human congenital anomalies (361 citations)"
Members of the UDN,Office of the Director,US,"Lysosomal Storage Disorders Research
Neurogenetic and Muscular Disorders Research
Neurological diseases and metabolism",Homozygous splice-variants in human ARV1 cause GPI-anchor synthesis deficiency (25 citations)
Meng C. Wang,Janelia Research Campus,US,"Genetics, Aging, and Longevity in Model Organisms
Mitochondrial Function and Pathology
Adipose Tissue and Metabolism","JNK Extends Life Span and Limits Growth by Antagonizing Cellular and Organism-Wide Responses to Insulin Signaling (548 citations)
Determinants of telomere length across human tissues (509 citations)
Live-cell imaging of alkyne-tagged small biomolecules by stimulated Raman scattering (508 citations)"
Mercedes E. Alejandro,,,"Genomics and Rare Diseases
Genetics and Neurodevelopmental Disorders
RNA regulation and disease","MARRVEL: Integration of Human and Model Organism Genetic Resources to Facilitate Functional Annotation of the Human Genome (228 citations)
The Undiagnosed Diseases Network: Accelerating Discovery about Health and Disease (190 citations)
A Syndromic Neurodevelopmental Disorder Caused by De Novo Variants in EBF3 (124 citations)"
Michael Bruccoleri,,,"Genomics and Chromatin Dynamics
Bone Metabolism and Diseases
Developmental Biology and Gene Regulation","De Novo Mutations in CHD4 , an ATP-Dependent Chromatin Remodeler Gene, Cause an Intellectual Disability Syndrome with Distinctive Dysmorphisms (158 citations)
Lysine acetyltransferase 8 is involved in cerebral development and syndromic intellectual disability (72 citations)
Missense substitutions at a conserved 14-3-3 binding site in HDAC4 cause a novel intellectual disability syndrome (22 citations)"
Michael C. Leo,Ospedali Riuniti Umberto I,IT,"Colorectal Cancer Screening and Detection
Genomics and Rare Diseases
Breast Cancer Treatment Studies","Performance of ACMG-AMP Variant-Interpretation Guidelines among Nine Laboratories in the Clinical Sequencing Exploratory Research Consortium (590 citations)
Accuracy and reliability of buccal bone height and thickness measurements from cone-beam computed tomography imaging (303 citations)
Effects of a Standardized Bacopa monnieri Extract on Cognitive Performance, Anxiety, and Depression in the Elderly: A Randomized, Double-Blind, Placebo-Controlled Trial (282 citations)"
Michael D. Fountain,,,"MicroRNA in disease regulation
Circular RNAs in diseases
Cancer-related molecular mechanisms research","Molecular Profiling Uncovers a p53-Associated Role for MicroRNA-31 in Inhibiting the Proliferation of Serous Ovarian Carcinomas and Other Cancers (267 citations)
USP7 Acts as a Molecular Rheostat to Promote WASH-Dependent Endosomal Protein Recycling and Is Mutated in a Human Neurodevelopmental Disorder (211 citations)
The phenotypic spectrum of Schaaf-Yang syndrome: 18 new affected individuals from 14 families (121 citations)"
Michael F. Buckley,Prince of Wales Hospital,AU,"Genomics and Rare Diseases
Genomic variations and chromosomal abnormalities
Genetics and Neurodevelopmental Disorders","Next‐generation genetic testing for retinitis pigmentosa (288 citations)
Feasibility of Ultra-Rapid Exome Sequencing in Critically Ill Infants and Children With Suspected Monogenic Conditions in the Australian Public Health Care System (244 citations)
Mutations in ISPD cause Walker-Warburg syndrome and defective glycosylation of α-dystroglycan (214 citations)"
Michael F. Wangler,Texas Children's Hospital,US,"Genomics and Rare Diseases
Genetics and Neurodevelopmental Disorders
Peroxisome Proliferator-Activated Receptors","Use of Exome Sequencing for Infants in Intensive Care Units (439 citations)
A Drosophila Genetic Resource of Mutants to Study Mechanisms Underlying Human Genetic Diseases (404 citations)
Effect of Genetic Diagnosis on Patients with Previously Undiagnosed Disease (380 citations)"
Michael Gonzalez,California University of Pennsylvania,US,"Hereditary Neurological Disorders
Neurological diseases and metabolism
Genetic Neurodegenerative Diseases","The Matchmaker Exchange: A Platform for Rare Disease Gene Discovery (497 citations)
De novo loss- or gain-of-function mutations in KCNA2 cause epileptic encephalopathy (276 citations)
PNPLA6 mutations cause Boucher-Neuhäuser and Gordon Holmes syndromes as part of a broad neurodegenerative spectrum (228 citations)"
Michelle D. Amaral,HudsonAlpha Institute for Biotechnology,US,"Genomics and Rare Diseases
Genetics and Neurodevelopmental Disorders
Nerve injury and regeneration","Performance of ACMG-AMP Variant-Interpretation Guidelines among Nine Laboratories in the Clinical Sequencing Exploratory Research Consortium (590 citations)
Genomic diagnosis for children with intellectual disability and/or developmental delay (287 citations)
TRPC3 Channels Are Necessary for Brain-Derived Neurotrophic Factor to Activate a Nonselective Cationic Current and to Induce Dendritic Spine Formation (214 citations)"
Min Wang,Hainan Medical University,CN,"Cancer-related molecular mechanisms research
MicroRNA in disease regulation
Circular RNAs in diseases","An Integrated TCGA Pan-Cancer Clinical Data Resource to Drive High-Quality Survival Outcome Analytics (4045 citations)
Oncogenic Signaling Pathways in The Cancer Genome Atlas (3444 citations)
Comprehensive and Integrative Genomic Characterization of Hepatocellular Carcinoma (2600 citations)"
Mir Reza Bekheirnia,Baylor Genetics,US,"Genomics and Rare Diseases
Renal Diseases and Glomerulopathies
Genetic and Kidney Cyst Diseases","Clinical Whole-Exome Sequencing for the Diagnosis of Mendelian Disorders (2013 citations)
Molecular Findings Among Patients Referred for Clinical Whole-Exome Sequencing (1422 citations)
Genotype–Phenotype Correlation in X-Linked Alport Syndrome (286 citations)"
Miriam H. Beauchamp,Université de Montréal,CA,"Traumatic Brain Injury Research
Traumatic Brain Injury and Neurovascular Disturbances
Cardiac Arrest and Resuscitation","Traumatic brain injury: integrated approaches to improve prevention, clinical care, and research (2646 citations)
Clinical Risk Score for Persistent Postconcussion Symptoms Among Children With Acute Concussion in the ED (908 citations)
SOCIAL: An integrative framework for the development of social skills. (635 citations)"
Mirjana Radosavljevic,Université de Strasbourg,FR,"Immune Cell Function and Interaction
T-cell and B-cell Immunology
COVID-19 Clinical Research Studies","Selection of evolutionarily conserved mucosal-associated invariant T cells by MR1 (1162 citations)
Delirium and encephalopathy in severe COVID-19: a cohort analysis of ICU patients (375 citations)
The non-conventional MHC class I MR1 molecule controls infection by Klebsiella pneumoniae in mice (219 citations)"
Mitchell Goheen,University of Michigan,US,"Genomics and Rare Diseases
Genetics and Neurodevelopmental Disorders
RNA and protein synthesis mechanisms","MARRVEL: Integration of Human and Model Organism Genetic Resources to Facilitate Functional Annotation of the Human Genome (228 citations)
The Undiagnosed Diseases Network: Accelerating Discovery about Health and Disease (190 citations)
A Syndromic Neurodevelopmental Disorder Caused by De Novo Variants in EBF3 (124 citations)"
Mohammad Ali Ghorbani,University of Tabriz,IR,"Hydrological Forecasting Using AI
Hydrology and Watershed Management Studies
Hydrology and Drought Analysis","GIS-based comparative assessment of flood susceptibility mapping using hybrid multi-criteria decision-making approach, naïve Bayes tree, bivariate statistics and logistic regression: A case of Topľa basin, Slovakia (332 citations)
GIS-based landslide susceptibility modeling: A comparison between fuzzy multi-criteria and machine learning algorithms (254 citations)
Application of SAW, TOPSIS and fuzzy TOPSIS models in cultivation priority planning for maize, rapeseed and soybean crops (228 citations)"
Mohammad K. Eldomery,St. Jude Children's Research Hospital,US,"Genomics and Rare Diseases
Genetics and Neurodevelopmental Disorders
Genetic Associations and Epidemiology","Primary immunodeficiency diseases: Genomic approaches delineate heterogeneous Mendelian disorders (283 citations)
Lessons learned from additional research analyses of unsolved clinical exome cases (240 citations)
Recurrent De Novo and Biallelic Variation of ATAD3A , Encoding a Mitochondrial Membrane Protein, Results in Distinct Neurological Syndromes (198 citations)"
Moin Vera,Los Angeles Medical Center,US,"Lysosomal Storage Disorders Research
Carbohydrate Chemistry and Synthesis
Genomics and Rare Diseases","IRF2BPL Is Associated with Neurological Phenotypes (115 citations)
Pentosan Polysulfate: Oral Versus Subcutaneous Injection in Mucopolysaccharidosis Type I Dogs (39 citations)
Specific antibody titer alters the effectiveness of intrathecal enzyme replacement therapy in canine mucopolysaccharidosis I (30 citations)"
Monika Oláhová,Newcastle University,GB,"Mitochondrial Function and Pathology
Metabolism and Genetic Disorders
ATP Synthase and ATPases Research","Developmental Consequences of Defective ATG7-Mediated Autophagy in Humans (198 citations)
Emerging roles of ATG7 in human health and disease (195 citations)
Mitochondrial OXPHOS Biogenesis: Co-Regulation of Protein Synthesis, Import, and Assembly Pathways (192 citations)"
Murray H. Brilliant,University of Wisconsin–Madison,US,"melanin and skin pigmentation
Genetic Associations and Epidemiology
Glaucoma and retinal disorders","A large genome-wide association study of age-related macular degeneration highlights contributions of rare and common variants (1643 citations)
Systematic comparison of phenome-wide association study of electronic medical record data and genome-wide association study data (1138 citations)
A comprehensive assessment of RNA-seq accuracy, reproducibility and information content by the Sequencing Quality Control Consortium (1087 citations)"
Mónica Roselló Piera,Instituto de Investigación Sanitaria La Fe,ES,"Prenatal Screening and Diagnostics
Genomic variations and chromosomal abnormalities
Fetal and Pediatric Neurological Disorders","Expanding the Spectrum of BAF-Related Disorders: De Novo Variants in SMARCC2 Cause a Syndrome with Intellectual Disability and Developmental Delay (94 citations)
Prenatal Genome-Wide Cell-Free DNA Screening: Three Years of Clinical Experience in a Hospital Prenatal Diagnostic Unit in Spain (9 citations)
Expanding the phenotype of PIGP deficiency to multiple congenital anomalies‐hypotonia‐seizures syndrome (4 citations)"
Naghmeh Dorrani,,,"Genomics and Rare Diseases
Genetics and Neurodevelopmental Disorders
Genomic variations and chromosomal abnormalities","Clinical Exome Sequencing for Genetic Identification of Rare Mendelian Disorders (997 citations)
Defining the diverse spectrum of inversions, complex structural variation, and chromothripsis in the morbid human genome (238 citations)
Diagnostic utility of transcriptome sequencing for rare Mendelian diseases (234 citations)"
Nan Wu,Ministry of Education,ET,"Connective tissue disorders research
Scoliosis diagnosis and treatment
Congenital heart defects research","ceRNA in cancer: possible functions and clinical implications (1359 citations)
T (Brachyury) is a direct target of Wnt3a during paraxial mesoderm specification (538 citations)
Mechanical sensing protein PIEZO1 regulates bone homeostasis via osteoblast-osteoclast crosstalk (527 citations)"
Nancy J. Mendelsohn,Activated Research Company (United States),US,"Lysosomal Storage Disorders Research
Glycogen Storage Diseases and Myoclonus
Genomic variations and chromosomal abnormalities","Clinical genetics evaluation in identifying the etiology of autism spectrum disorders: 2013 guideline revisions (534 citations)
An international effort towards developing standards for best practices in analysis, interpretation and reporting of clinical genome sequencing results in the CLARITY Challenge (433 citations)
Molecular and Clinical Analyses of Greig Cephalopolysyndactyly and Pallister-Hall Syndromes: Robust Phenotype Prediction from the Type and Position of GLI3 Mutations (279 citations)"
Naomi Meeks,University of Colorado Denver,US,"Genomics and Rare Diseases
Genomic variations and chromosomal abnormalities
Genetics and Neurodevelopmental Disorders","Functional Dysregulation of CDC42 Causes Diverse Developmental Phenotypes (193 citations)
The phenotypic spectrum of Schaaf-Yang syndrome: 18 new affected individuals from 14 families (121 citations)
De Novo Missense Mutations in DHX30 Impair Global Translation and Cause a Neurodevelopmental Disorder (114 citations)"
Natalia Gomez‐Ospina,Stanford University,US,"CRISPR and Genetic Engineering
Lysosomal Storage Disorders Research
Metabolism and Genetic Disorders","Identification of preexisting adaptive immunity to Cas9 proteins in humans (1014 citations)
A high-fidelity Cas9 mutant delivered as a ribonucleoprotein complex enables efficient gene editing in human hematopoietic stem and progenitor cells (823 citations)
The C Terminus of the L-Type Voltage-Gated Calcium Channel CaV1.2 Encodes a Transcription Factor (393 citations)"
Natasha T. Strande,WinnMed,US,"Genomics and Rare Diseases
Cancer Genomics and Diagnostics
Genomic variations and chromosomal abnormalities","Performance of ACMG-AMP Variant-Interpretation Guidelines among Nine Laboratories in the Clinical Sequencing Exploratory Research Consortium (590 citations)
Calibration of computational tools for missense variant pathogenicity classification and ClinGen recommendations for PP3/BP4 criteria (582 citations)
Evaluating the Clinical Validity of Gene-Disease Associations: An Evidence-Based Framework Developed by the Clinical Genome Resource (580 citations)"
Nathalie Marle,Laboratoire de Génétique Cellulaire,FR,"Genomic variations and chromosomal abnormalities
Genomics and Rare Diseases
Genetics and Neurodevelopmental Disorders","Rare variants in the genetic background modulate cognitive and developmental phenotypes in individuals carrying disease-associated variants (221 citations)
Mutations in signal recognition particle SRP54 cause syndromic neutropenia with Shwachman-Diamond–like features (175 citations)
Molecular diagnosis of PIK3CA-related overgrowth spectrum (PROS) in 162 patients and recommendations for genetic testing (140 citations)"
Navya Shilpa Josyula,Geisinger Health System,US,"Genetic Associations and Epidemiology
Genomics and Rare Diseases
Neurogenetic and Muscular Disorders Research","Mapping the human genetic architecture of COVID-19 (1130 citations)
A catalog of genetic loci associated with kidney function from analyses of a million individuals (944 citations)
Genome-wide meta-analysis identifies 127 open-angle glaucoma loci with consistent effect across ancestries (507 citations)"
Naël Osmani,Université de Strasbourg,FR,"Cellular Mechanics and Interactions
Cell Adhesion Molecules Research
Cancer Cells and Metastasis","Fluids and their mechanics in tumour transit: shaping metastasis (420 citations)
Hemodynamic Forces Tune the Arrest, Adhesion, and Extravasation of Circulating Tumor Cells (343 citations)
Scrib Controls Cdc42 Localization and Activity to Promote Cell Polarization during Astrocyte Migration (225 citations)"
Neil A. Hanchard,National Human Genome Research Institute,US,"Genomics and Rare Diseases
Hemoglobinopathies and Related Disorders
Congenital heart defects research","Use of Exome Sequencing for Infants in Intensive Care Units (439 citations)
High-depth African genomes inform human migration and health (377 citations)
MARRVEL: Integration of Human and Model Organism Genetic Resources to Facilitate Functional Annotation of the Human Genome (228 citations)"
Nelly Jouayed Oundjian,Columbia University,US,"Cardiac electrophysiology and arrhythmias
Ion channel regulation and function
RNA and protein synthesis mechanisms","De Novo Missense Mutations in DHX30 Impair Global Translation and Cause a Neurodevelopmental Disorder (114 citations)
De novo BK channel variant causes epilepsy by affecting voltage gating but not Ca2+ sensitivity (58 citations)
Association of the missense variant p. Arg203Trp in PACS1 as a cause of intellectual disability and seizures (31 citations)"
Neville Patel,Waterbury Hospital,US,"Sarcoma Diagnosis and Treatment
Mitochondrial Function and Pathology
Cardiac pacing and defibrillation studies","Mutations in SLC25A46, encoding a UGO1-like protein, cause an optic atrophy spectrum disorder (208 citations)
Retrieval of an incidentally found migrated temporary epicardial pacing wire in the superior mesenteric artery of an elderly male patient in the Northeastern United States years post heart transplant: a case report (0 citations)
S2433 A Rare Case of Esophageal Perforation in Liposarcoma After Cryoablation (0 citations)"
Niall J. Lennon,Broad Institute,US,"Cancer Genomics and Diagnostics
Genomics and Rare Diseases
Advanced Breast Cancer Therapies","Structure, function and diversity of the healthy human microbiome (12146 citations)
The dynamics and regulators of cell fate decisions are revealed by pseudotemporal ordering of single cells (8133 citations)
An immunogenic personal neoantigen vaccine for patients with melanoma (3006 citations)"
Nicholas Stong,Bristol-Myers Squibb (United States),US,"Multiple Myeloma Research and Treatments
Protein Degradation and Inhibitors
Peptidase Inhibition and Analysis","Whole-exome sequencing in the evaluation of fetal structural anomalies: a prospective cohort study (620 citations)
MARRVEL: Integration of Human and Model Organism Genetic Resources to Facilitate Functional Annotation of the Human Genome (228 citations)
The Undiagnosed Diseases Network: Accelerating Discovery about Health and Disease (190 citations)"
Nicodème Paul,Université de Strasbourg,FR,"Cell Adhesion Molecules Research
Immunotherapy and Immune Responses
RNA Research and Splicing","Hemodynamic Forces Tune the Arrest, Adhesion, and Extravasation of Circulating Tumor Cells (343 citations)
Identification of clustered microRNAs using an ab initio prediction method (248 citations)
Mutations in signal recognition particle SRP54 cause syndromic neutropenia with Shwachman-Diamond–like features (175 citations)"
Niels Tommerup,University of Copenhagen,DK,"Genomic variations and chromosomal abnormalities
Genetics and Neurodevelopmental Disorders
Chromosomal and Genetic Variations","Autosomal sex reversal and campomelic dysplasia are caused by mutations in and around the SRY-related gene SOX9 (1623 citations)
Rubinstein-Taybi syndrome caused by mutations in the transcriptional co-activator CBP (1224 citations)
Chromosome instability and immunodeficiency syndrome caused by mutations in a DNA methyltransferase gene (1204 citations)"
Noah D. Friedman,,,"RNA modifications and cancer
BRCA gene mutations in cancer
Cancer Genomics and Diagnostics","Tumour lineage shapes BRCA-mediated phenotypes (412 citations)
The evolution of RET inhibitor resistance in RET-driven lung and thyroid cancers (120 citations)
IRF2BPL Is Associated with Neurological Phenotypes (115 citations)"
Nora B. Henrikson,Kaiser Permanente Washington Health Research Institute,US,"BRCA gene mutations in cancer
Economic and Financial Impacts of Cancer
Genomics and Rare Diseases","Screening for Colorectal Cancer (653 citations)
Screening for Adolescent Idiopathic Scoliosis (293 citations)
Understanding the contribution of family history to colorectal cancer risk and its clinical implications: A state‐of‐the‐science review (185 citations)"
Noriko Salamon,Olive View-UCLA Medical Center,US,"Advanced MRI Techniques and Applications
Glioma Diagnosis and Treatment
Epilepsy research and treatment","The clinicopathologic spectrum of focal cortical dysplasias: A consensus classification proposed by an ad hoc Task Force of the ILAE Diagnostic Methods Commission1 (1756 citations)
CT and MRI Early Vessel Signs Reflect Clot Composition in Acute Stroke (508 citations)
Assessment and surgical outcomes for mild type I and severe type II cortical dysplasia: A critical review and the UCLA experience (391 citations)"
Nurten Akarsu,,,"Congenital limb and hand anomalies
Hedgehog Signaling Pathway Studies
Craniofacial Disorders and Treatments","Genome Scan Meta-Analysis of Schizophrenia and Bipolar Disorder, Part III: Bipolar Disorder (572 citations)
Disruption of a long-range cis-acting regulator for Shh causes preaxial polydactyly (463 citations)
Sequence Analysis and Homology Modeling Suggest That Primary Congenital Glaucoma on 2p21 Results from Mutations Disrupting Either the Hinge Region or the Conserved Core Structures of Cytochrome P4501B1 (392 citations)"
Oguz Kanca,Texas Children's Hospital,US,"Genetics and Neurodevelopmental Disorders
Genomics and Rare Diseases
CRISPR and Genetic Engineering","Fluorescent fusion protein knockout mediated by anti-GFP nanobody (574 citations)
A gene-specific T2A-GAL4 library for Drosophila (390 citations)
An efficient CRISPR-based strategy to insert small and large fragments of DNA using short homology arms (182 citations)"
Olivier Lefèbvre,Université de Strasbourg,FR,"Cell Adhesion Molecules Research
Cancer Cells and Metastasis
Cellular Mechanics and Interactions","Gastric Mucosa Abnormalities and Tumorigenesis in Mice Lacking the pS2 Trefoil Protein (499 citations)
Hemodynamic Forces Tune the Arrest, Adhesion, and Extravasation of Circulating Tumor Cells (343 citations)
In Vivo Evidence That the Stromelysin-3 Metalloproteinase Contributes in a Paracrine Manner to Epithelial Cell Malignancy (290 citations)"
Omar Abdul‐Rahman,Presbyterian Hospital,US,"Prenatal Substance Exposure Effects
Genomic variations and chromosomal abnormalities
Genomics and Rare Diseases","Updated Clinical Guidelines for Diagnosing Fetal Alcohol Spectrum Disorders (893 citations)
Prevalence of Fetal Alcohol Spectrum Disorders in 4 US Communities (825 citations)
Prevalence and Characteristics of Fetal Alcohol Spectrum Disorders (570 citations)"
Orly Elpeleg,,,"Metabolism and Genetic Disorders
Mitochondrial Function and Pathology
Genomics and Rare Diseases","Mutant mitochondrial thymidine kinase in mitochondrial DNA depletion myopathy (627 citations)
The deoxyguanosine kinase gene is mutated in individuals with depleted hepatocerebral mitochondrial DNA (588 citations)
Deleterious Mutation in the Mitochondrial Arginyl–Transfer RNA Synthetase Gene Is Associated with Pontocerebellar Hypoplasia (335 citations)"
Ozan Dikilitas,Mayo Clinic in Arizona,US,"Genetic Associations and Epidemiology
Lipoproteins and Cardiovascular Health
Genomics and Rare Diseases","Large-scale genome-wide association study of coronary artery disease in genetically diverse populations (376 citations)
Genome-wide Modeling of Polygenic Risk Score in Colorectal Cancer Risk (231 citations)
Selection, optimization and validation of ten chronic disease polygenic risk scores for clinical implementation in diverse US populations (209 citations)"
Patricia A. Eng,,,"Genomic variations and chromosomal abnormalities
Congenital heart defects research
Chromosomal and Genetic Variations","Detection of clinically relevant exonic copy-number changes by array CGH (243 citations)
Insertional translocation detected using FISH confirmation of array‐comparative genomic hybridization (aCGH) results (167 citations)
Phenotypic spectrum and genotype–phenotype correlations of NRXN1 exon deletions (121 citations)"
Patricia A. Ward,,,"Genomics and Rare Diseases
Genomic variations and chromosomal abnormalities
Genetics and Neurodevelopmental Disorders","Clinical Whole-Exome Sequencing for the Diagnosis of Mendelian Disorders (2013 citations)
Molecular Findings Among Patients Referred for Clinical Whole-Exome Sequencing (1422 citations)
Length of uninterrupted CGG repeats determines instability in the FMR1 gene (483 citations)"
Patricia Dickson,Washington University in St. Louis,US,"Lysosomal Storage Disorders Research
Glycogen Storage Diseases and Myoclonus
Carbohydrate Chemistry and Synthesis","Genetic/Familial High-Risk Assessment: Breast, Ovarian, and Pancreatic, Version 2.2021, NCCN Clinical Practice Guidelines in Oncology (1128 citations)
NCCN Guidelines Insights: Genetic/Familial High-Risk Assessment: Breast, Ovarian, and Pancreatic, Version 1.2020 (516 citations)
C-Type Natriuretic Peptide Analogue Therapy in Children with Achondroplasia (227 citations)"
Patricia Hixson,St. Jude Children's Research Hospital,US,"Genomic variations and chromosomal abnormalities
Prenatal Screening and Diagnostics
Chromosomal and Genetic Variations","Detection of clinically relevant exonic copy-number changes by array CGH (243 citations)
Structural analysis of the full-length human LRRK2 (208 citations)
Combined array CGH plus SNP genome analyses in a single assay for optimized clinical testing (135 citations)"
P. Allard,Earth Observatory of Singapore,SG,"Geological and Geochemical Analysis
earthquake and tectonic studies
Geology and Paleoclimatology Research","Eruptive and diffuse emissions of CO2 from Mount Etna (550 citations)
Magmatic Gas Composition Reveals the Source Depth of Slug-Driven Strombolian Explosive Activity (344 citations)
Sulphur output and magma degassing budget of Stromboli volcano (344 citations)"
Patrizia Amati‐Bonneau,Université d'Angers,FR,"Mitochondrial Function and Pathology
ATP Synthase and ATPases Research
Metabolism and Genetic Disorders","OPA1 mutations induce mitochondrial DNA instability and optic atrophy 'plus' phenotypes (515 citations)
Multi-system neurological disease is common in patients with OPA1 mutations (449 citations)
Mutation of OPA1 causes dominant optic atrophy with external ophthalmoplegia, ataxia, deafness and multiple mitochondrial DNA deletions: a novel disorder of mtDNA maintenance (423 citations)"
Paul C. Marcogliese,University of Manitoba,CA,"Mitochondrial Function and Pathology
Parkinson's Disease Mechanisms and Treatments
Genetics and Neurodevelopmental Disorders","Neuronal ROS-induced glial lipid droplet formation is altered by loss of Alzheimer’s disease–associated genes (179 citations)
DJ-1 protects the nigrostriatal axis from the neurotoxin MPTP by modulation of the AKT pathway (170 citations)
Loss- or Gain-of-Function Mutations in ACOX1 Cause Axonal Loss via Different Mechanisms (168 citations)"
Paul Coucke,Center for Human Genetics,US,"Connective tissue disorders research
Dermatological and Skeletal Disorders
Skin and Cellular Biology Research","A syndrome of altered cardiovascular, craniofacial, neurocognitive and skeletal development caused by mutations in TGFBR1 or TGFBR2 (1790 citations)
Aneurysm Syndromes Caused by Mutations in the TGF-β Receptor (1657 citations)
Consortium for osteogenesis imperfecta mutations in the helical domain of type I collagen: regions rich in lethal mutations align with collagen binding sites for integrins and proteoglycans (783 citations)"
Paul G. Fisher,,,"Glioma Diagnosis and Treatment
Childhood Cancer Survivors' Quality of Life
Neuroblastoma Research and Treatments","GD2-CAR T cell therapy for H3K27M-mutated diffuse midline gliomas (820 citations)
The Taverna workflow suite: designing and executing workflows of Web Services on the desktop, web or in the cloud (685 citations)
Selumetinib in paediatric patients with BRAF-aberrant or neurofibromatosis type 1-associated recurrent, refractory, or progressive low-grade glioma: a multicentre, phase 2 trial (510 citations)"
Paul J. Benke,University College London,GB,"Metabolism and Genetic Disorders
Genomics and Rare Diseases
Genomic variations and chromosomal abnormalities","Retinoic Acid Embryopathy (1947 citations)
High Rate of Recurrent De Novo Mutations in Developmental and Epileptic Encephalopathies (465 citations)
Reanalysis of Clinical Exome Sequencing Data (306 citations)"
Paul K. Crane,Alzheimer’s Disease Neuroimaging Initiative,US,"Dementia and Cognitive Impairment Research
Alzheimer's disease research and treatments
Genetic Associations and Epidemiology","Meta-analysis of 74,046 individuals identifies 11 new susceptibility loci for Alzheimer's disease (4700 citations)
Genetic meta-analysis of diagnosed Alzheimer’s disease identifies new risk loci and implicates Aβ, tau, immunity and lipid processing (3267 citations)
New insights into the genetic etiology of Alzheimer’s disease and related dementias (2597 citations)"
Stephen R. Forrest,University of Michigan,US,"Organic Electronics and Photovoltaics
Organic Light-Emitting Diodes Research
Conducting polymers and applications","Highly efficient phosphorescent emission from organic electroluminescent devices (7227 citations)
The path to ubiquitous and low-cost organic electronic appliances on plastic (5176 citations)
Nearly 100% internal phosphorescence efficiency in an organic light-emitting device (3457 citations)"
Paul S. Appelbaum,Columbia University,US,"Healthcare Decision-Making and Restraints
Ethics in Clinical Research
Mental Health and Psychiatry","Violence by People Discharged From Acute Psychiatric Inpatient Facilities and by Others in the Same Neighborhoods (1448 citations)
Assessment of Patients' Competence to Consent to Treatment (1414 citations)
Assessing Patients' Capacities to Consent to Treatment (1412 citations)"
Paulien A. Terhal,University Medical Center Utrecht,NL,"Genomics and Rare Diseases
Genetics and Neurodevelopmental Disorders
Genomic variations and chromosomal abnormalities","Mutations in genes encoding the cadherin receptor-ligand pair DCHS1 and FAT4 disrupt cerebral cortical development (294 citations)
An organelle-specific protein landscape identifies novel diseases and molecular mechanisms (261 citations)
Hypomethylation of the H19 Gene Causes Not Only Silver-Russell Syndrome (SRS) but Also Isolated Asymmetry or an SRS-Like Phenotype (214 citations)"
Paweł Stankiewicz,Baylor Genetics,US,"Genomic variations and chromosomal abnormalities
Chromosomal and Genetic Variations
Genomics and Rare Diseases","Structural Variation in the Human Genome and its Role in Disease (1234 citations)
Genome architecture, rearrangements and genomic disorders (930 citations)
Whole-Genome Sequencing in a Patient with Charcot–Marie–Tooth Neuropathy (766 citations)"
Pedro J. Caraballo,Mayo Clinic in Arizona,US,"Pharmacogenetics and Drug Metabolism
Genomics and Rare Diseases
Machine Learning in Healthcare","Preemptive Genotyping for Personalized Medicine: Design of the Right Drug, Right Dose, Right Time—Using Genomic Data to Individualize Treatment Protocol (306 citations)
Preemptive Pharmacogenomic Testing for Precision Medicine (200 citations)
Institution-Wide QT Alert System Identifies Patients With a High Risk of Mortality (167 citations)"
Pedro Mancías,Office of Multidisciplinary Activities,US,"Hereditary Neurological Disorders
Neurogenetic and Muscular Disorders Research
Muscle Physiology and Disorders","Mutations in the early growth response 2 (EGR2) gene are associated with hereditary myelinopathies (495 citations)
Molecular mechanism for distinct neurological phenotypes conveyed by allelic truncating mutations (427 citations)
Reanalysis of Clinical Exome Sequencing Data (306 citations)"
Pei-Tseng Lee,Texas Children's Hospital,US,"Neurobiology and Insect Physiology Research
CRISPR and Genetic Engineering
Invertebrate Immune Response Mechanisms","A library of MiMICs allows tagging of genes and reversible, spatial and temporal knockdown of proteins in Drosophila (469 citations)
A gene-specific T2A-GAL4 library for Drosophila (390 citations)
RNA Polymerase I Transcribes Procyclin Genes and Variant Surface Glycoprotein Gene Expression Sites in Trypanosoma brucei (243 citations)"
Pengfei Liu,Spallation Neutron Source,,"Advancements in Battery Materials
2D Materials and Applications
Advanced Thermoelectric Materials and Devices","Strain engineering in perovskite solar cells and its impacts on carrier dynamics (1043 citations)
Challenges and Recent Advances in High Capacity Li‐Rich Cathode Materials for High Energy Density Lithium‐Ion Batteries (635 citations)
Interfacial Residual Stress Relaxation in Perovskite Solar Cells with Improved Stability (500 citations)"
Peter M. van Hasselt,Wilhelmina Children's Hospital,NL,"Lysosomal Storage Disorders Research
Metabolism and Genetic Disorders
Glycogen Storage Diseases and Myoclonus","Prime editing for functional repair in patient-derived disease models (238 citations)
Mutations in the phospholipid remodeling gene SERAC1 impair mitochondrial function and intracellular cholesterol trafficking and cause dystonia and deafness (209 citations)
Effectiveness of whole-exome sequencing and costs of the traditional diagnostic trajectory in children with intellectual disability (189 citations)"
Peter T. Pham,Houston Medical Center,US,"Data Analysis with R
Computational and Text Analysis Methods
Big Data Technologies and Applications","Learning Word Vectors for Sentiment Analysis (3286 citations)
Unsupervised feature learning for audio classification using convolutional deep belief networks (941 citations)
Large Movie Review Dataset (11 citations)"
Philip M. Boone,,,"Genomics and Rare Diseases
Genomic variations and chromosomal abnormalities
Genomics and Chromatin Dynamics","A cross-disorder dosage sensitivity map of the human genome (380 citations)
Primary immunodeficiency diseases: Genomic approaches delineate heterogeneous Mendelian disorders (283 citations)
Detection of clinically relevant exonic copy-number changes by array CGH (243 citations)"
Philippe M. Campeau,Université de Montréal,CA,"Genetics and Neurodevelopmental Disorders
Genomics and Rare Diseases
Connective tissue disorders research","High Rate of Recurrent De Novo Mutations in Developmental and Epileptic Encephalopathies (465 citations)
Mesenchymal Stromal Cells Ameliorate Experimental Autoimmune Encephalomyelitis by Inhibiting CD4 Th17 T Cells in a CC Chemokine Ligand 2-Dependent Manner (385 citations)
WNT1 Mutations in Early-Onset Osteoporosis and Osteogenesis Imperfecta (357 citations)"
Pilar Magoulas,Texas Children's Hospital,US,"Genomics and Rare Diseases
Genomic variations and chromosomal abnormalities
Genetics and Neurodevelopmental Disorders","Use of Exome Sequencing for Infants in Intensive Care Units (439 citations)
Reanalysis of Clinical Exome Sequencing Data (306 citations)
Systemic primary carnitine deficiency: an overview of clinical manifestations, diagnosis, and management (245 citations)"
Precilla D’Souza,National Institute of Mental Health,US,"Lysosomal Storage Disorders Research
Genomics and Rare Diseases
Glycosylation and Glycoproteins Research","Thrombotic microangiopathy following systemic AAV administration is dependent on anti-capsid antibodies (143 citations)
De novo variants in the RNU4-2 snRNA cause a frequent neurodevelopmental syndrome (131 citations)
Randomized, Controlled Trial of Intravenous Immunoglobulin for Pediatric Autoimmune Neuropsychiatric Disorders Associated With Streptococcal Infections (124 citations)"
Hamid R. Sheikh,The University of Texas at Austin,US,"Image and Video Quality Assessment
Advanced Image Processing Techniques
Image and Signal Denoising Methods","Image quality assessment: from error visibility to structural similarity (58082 citations)
Image information and visual quality (4109 citations)
A Statistical Evaluation of Recent Full Reference Image Quality Assessment Algorithms (3015 citations)"
Rachel L. Eastwood,University of Calgary,CA,"HIV/AIDS drug development and treatment
HIV Research and Treatment
Chemical Synthesis and Analysis","The Undiagnosed Diseases Network: Accelerating Discovery about Health and Disease (190 citations)
1-Amido-1-phenyl-3-piperidinylbutanes – CCR5 antagonists for the treatment of HIV: Part 2 (27 citations)
The design and discovery of novel amide CCR5 antagonists (21 citations)"
Rachel Ramoni,Kaiser Permanente Washington Health Research Institute,US,"Electronic Health Records Systems
Genetic Associations and Epidemiology
Biomedical Text Mining and Ontologies","SMART on FHIR: a standards-based, interoperable apps platform for electronic health records (851 citations)
Discovery of 318 new risk loci for type 2 diabetes and related vascular outcomes among 1.4 million participants in a multi-ancestry meta-analysis (819 citations)
Diversity and scale: Genetic architecture of 2068 traits in the VA Million Veteran Program (410 citations)"
Radoje Drmanac,San Jose State University,US,"Genomics and Phylogenetic Studies
Cancer Genomics and Diagnostics
Advanced biosensing and bioanalysis techniques","Human Genome Sequencing Using Unchained Base Reads on Self-Assembling DNA Nanoarrays (1258 citations)
Analysis of Genetic Inheritance in a Family Quartet by Whole-Genome Sequencing (1127 citations)
Genome dynamics of the human embryonic kidney 293 lineage in response to cell biology manipulations (605 citations)"
Raffaele Lodi,University of Bologna,IT,"Mitochondrial Function and Pathology
Advanced MRI Techniques and Applications
Genetic Neurodegenerative Diseases","Oxidative stress, mitochondrial dysfunction and cellular stress response in Friedreich's ataxia (407 citations)
Deficit of in vivo mitochondrial ATP production in patients with Friedreich ataxia (352 citations)
Abnormal in vivo skeletal muscle energy metabolism in Huntington's disease and dentatorubropallidoluysian atrophy (250 citations)"
Ragan Hart,,,"Genomics and Rare Diseases
BRCA gene mutations in cancer
Cancer Genomics and Diagnostics","Performance of ACMG-AMP Variant-Interpretation Guidelines among Nine Laboratories in the Clinical Sequencing Exploratory Research Consortium (590 citations)
Actionable exomic incidental findings in 6503 participants: challenges of variant classification (375 citations)
The Clinical Sequencing Evidence-Generating Research Consortium: Integrating Genomic Sequencing in Diverse and Medically Underserved Populations (167 citations)"
Rajarshi Ghosh,Mission Hospital Durgapur,IN,"Metal complexes synthesis and properties
X-ray Diffraction in Crystallography
Crystallization and Solubility Studies","IRE1α Induces Thioredoxin-Interacting Protein to Activate the NLRP3 Inflammasome and Promote Programmed Cell Death under Irremediable ER Stress (844 citations)
Allosteric Inhibition of the IRE1α RNase Preserves Cell Viability and Function during Endoplasmic Reticulum Stress (491 citations)
Wolfram syndrome 1 gene negatively regulates ER stress signaling in rodent and human cells (412 citations)"
Rami Al‐Ouran,Al Hussein Technical University,JO,"Alzheimer's disease research and treatments
Bioinformatics and Genomic Networks
RNA Research and Splicing","Meta-Analysis of the Alzheimer’s Disease Human Brain Transcriptome and Functional Dissection in Mouse Models (340 citations)
The bone microenvironment invigorates metastatic seeds for further dissemination (251 citations)
MARRVEL: Integration of Human and Model Organism Genetic Resources to Facilitate Functional Annotation of the Human Genome (228 citations)"
Raphaël Carapito,Université de Strasbourg,FR,"Immune Cell Function and Interaction
Cell Adhesion Molecules Research
Immunodeficiency and Autoimmune Disorders","Hemodynamic Forces Tune the Arrest, Adhesion, and Extravasation of Circulating Tumor Cells (343 citations)
The risk of COVID-19 death is much greater and age dependent with type I IFN autoantibodies (198 citations)
Mutations in signal recognition particle SRP54 cause syndromic neutropenia with Shwachman-Diamond–like features (175 citations)"
Rebecca C. Spillmann,Pediatrics and Genetics,US,"Genomics and Rare Diseases
Genetics and Neurodevelopmental Disorders
RNA Research and Splicing","Whole-exome sequencing in undiagnosed genetic diseases: interpreting 119 trios (351 citations)
MARRVEL: Integration of Human and Model Organism Genetic Resources to Facilitate Functional Annotation of the Human Genome (228 citations)
Quinidine in the treatment of KCNT 1‐positive epilepsies (226 citations)"
Rebecca Schüle,University of Tübingen,DE,"Hereditary Neurological Disorders
Genetic Neurodegenerative Diseases
Neurological diseases and metabolism","Genome-wide Analyses Identify KIF5A as a Novel ALS Gene (725 citations)
Hereditary spastic paraplegia: Clinicogenetic lessons from 608 patients (322 citations)
The Spastic Paraplegia Rating Scale (SPRS) (313 citations)"
Regis A. James,Institute of Molecular Biology and Biophysics,RU,"Genomics and Rare Diseases
Genetic Associations and Epidemiology
Biomedical Text Mining and Ontologies","Resolution of Disease Phenotypes Resulting from Multilocus Genomic Variation (803 citations)
Molecular diagnostic experience of whole-exome sequencing in adult patients (250 citations)
Parent of Origin, Mosaicism, and Recurrence Risk: Probabilistic Modeling Explains the Broken Symmetry of Transmission Genetics (137 citations)"
Rena A. Godfrey,Office of the Director,US,"Genomics and Rare Diseases
Genetics and Neurodevelopmental Disorders
RNA regulation and disease","The National Institutes of Health Undiagnosed Diseases Program: insights into rare diseases (296 citations)
MARRVEL: Integration of Human and Model Organism Genetic Resources to Facilitate Functional Annotation of the Human Genome (228 citations)
The Undiagnosed Diseases Network: Accelerating Discovery about Health and Disease (190 citations)"
Rex L. Chisholm,Northwestern University,US,"Cellular Mechanics and Interactions
Genomics and Rare Diseases
Genetic Associations and Epidemiology","The Gene Ontology resource: enriching a GOld mine (3986 citations)
The Gene Ontology knowledgebase in 2023 (2843 citations)
A genomic mutational constraint map using variation in 76,156 human genomes (1426 citations)"
Richard A. Gibbs,Baylor Genetics,US,"Genomics and Rare Diseases
Genomics and Phylogenetic Studies
Genetic Associations and Epidemiology","Initial sequencing and analysis of the human genome (24723 citations)
A global reference for human genetic variation (20396 citations)
Integrated genomic analyses of ovarian carcinoma (8246 citations)"
Richard A. Lewis,Texas Children's Hospital,US,"Glaucoma and retinal disorders
Retinal Development and Disorders
Retinal Diseases and Treatments","A photoreceptor cell-specific ATP-binding transporter gene (ABCR) is mutated in recessive Starqardt macular dystrophy (1442 citations)
Mutation of the Stargardt Disease Gene ( ABCR ) in Age-Related Macular Degeneration (881 citations)
Genomic rearrangement in NEMO impairs NF-κB activation and is a cause of incontinentia pigmenti (750 citations)"
Richard Person,GenVec,US,"Genomics and Rare Diseases
Genetics and Neurodevelopmental Disorders
Genomic variations and chromosomal abnormalities","Clinical Whole-Exome Sequencing for the Diagnosis of Mendelian Disorders (2013 citations)
Molecular Findings Among Patients Referred for Clinical Whole-Exome Sequencing (1422 citations)
Prader-Willi phenotype caused by paternal deficiency for the HBII-85 C/D box small nucleolar RNA cluster (670 citations)"
Rikke S. Møller,Epilepsy Foundation,AU,"Genomics and Rare Diseases
Genetics and Neurodevelopmental Disorders
Epilepsy research and treatment","Analysis of shared heritability in common disorders of the brain (2052 citations)
Targeted resequencing in epileptic encephalopathies identifies de novo mutations in CHD2 and SYNGAP1 (705 citations)
Genetic and phenotypic heterogeneity suggest therapeutic implications in SCN2A-related disorders (600 citations)"
Rita Guerreiro,Regeneron (United States),US,"Alzheimer's disease research and treatments
Parkinson's Disease Mechanisms and Treatments
Genomics and Rare Diseases","A Hexanucleotide Repeat Expansion in C9ORF72 Is the Cause of Chromosome 9p21-Linked ALS-FTD (4530 citations)
Genome-wide association study identifies variants at CLU and PICALM associated with Alzheimer's disease (3414 citations)
Genetic meta-analysis of diagnosed Alzheimer’s disease identifies new risk loci and implicates Aβ, tau, immunity and lipid processing (3267 citations)"
Rizwan Hamid,Vanderbilt University Medical Center,US,"Pulmonary Hypertension Research and Treatments
Genomics and Rare Diseases
Urinary Bladder and Prostate Research","A copy number variation morbidity map of developmental delay (1426 citations)
Comprehensive Evaluation of the Child With Intellectual Disability or Global Developmental Delays (606 citations)
Effect of Genetic Diagnosis on Patients with Previously Undiagnosed Disease (380 citations)"
Robert B. Hufnagel,Hawaii Permanente Medical Group,US,"Retinal Development and Disorders
Retinal Diseases and Treatments
Ocular Disorders and Treatments","Mutations in SLC25A46, encoding a UGO1-like protein, cause an optic atrophy spectrum disorder (208 citations)
TAF1 Variants Are Associated with Dysmorphic Features, Intellectual Disability, and Neurological Manifestations (130 citations)
Neuropathy target esterase impairments cause Oliver–McFarlane and Laurence–Moon syndromes (125 citations)"
Robert C. Green,Mass General Brigham,US,"Genomics and Rare Diseases
BRCA gene mutations in cancer
Dementia and Cognitive Impairment Research","Meta-analysis of 74,046 individuals identifies 11 new susceptibility loci for Alzheimer's disease (4700 citations)
The Alzheimer's disease neuroimaging initiative (ADNI): MRI methods (4468 citations)
Genetic meta-analysis of diagnosed Alzheimer’s disease identifies new risk loci and implicates Aβ, tau, immunity and lipid processing (3267 citations)"
Robert K. Lark,National Patient Safety Foundation,US,"Scoliosis diagnosis and treatment
Spinal Fractures and Fixation Techniques
Spine and Intervertebral Disc Pathology","Bone Density and Metabolism in Children and Adolescents With Moderate to Severe Cerebral Palsy (382 citations)
Bisphosphonates to treat osteopenia in children with quadriplegic cerebral palsy: A randomized, placebo-controlled clinical trial (221 citations)
Efficacy of Pamidronate for Osteoporosis in Patients with Cystic Fibrosis following Lung Transplantation (168 citations)"
Rocco Liguori,University of Bologna,IT,"Neurological disorders and treatments
Parkinson's Disease Mechanisms and Treatments
Mitochondrial Function and Pathology","OPA1 mutations induce mitochondrial DNA instability and optic atrophy 'plus' phenotypes (515 citations)
Sympathetic skin response (475 citations)
Morvan's syndrome: peripheral and central nervous system and cardiac involvement with antibodies to voltage-gated potassium channels (408 citations)"
Rolph Pfundt,Radboud University Medical Center,NL,"Genomics and Rare Diseases
Genomic variations and chromosomal abnormalities
Genetics and Neurodevelopmental Disorders","Genome sequencing identifies major causes of severe intellectual disability (1164 citations)
Refining analyses of copy number variation identifies specific genes associated with developmental delay (778 citations)
Evidence for 28 genetic disorders discovered by combining healthcare and research data (696 citations)"
Ronak Y. Patel,Barkatullah University,IN,"Genomics and Rare Diseases
Biomedical Text Mining and Ontologies
Cancer Genomics and Diagnostics","Performance of ACMG-AMP Variant-Interpretation Guidelines among Nine Laboratories in the Clinical Sequencing Exploratory Research Consortium (590 citations)
Performance of ACMG-AMP Variant-Interpretation Guidelines among Nine Laboratories in the Clinical Sequencing Exploratory Research Consortium (141 citations)
Allele-specific epigenome maps reveal sequence-dependent stochastic switching at regulatory loci (126 citations)"
Rudy Van Coster,Ghent University Hospital,BE,"Mitochondrial Function and Pathology
Metabolism and Genetic Disorders
RNA modifications and cancer","Genetic and phenotypic heterogeneity suggest therapeutic implications in SCN2A-related disorders (600 citations)
Fatal infantile cardioencephalomyopathy with COX deficiency and mutations in SCO2, a COX assembly gene (575 citations)
Mitochondrial aspartyl-tRNA synthetase deficiency causes leukoencephalopathy with brain stem and spinal cord involvement and lactate elevation (458 citations)"
Rui Xiao,Dalian Polytechnic University,CN,"Thermochemical Biomass Conversion Processes
Chemical Looping and Thermochemical Processes
Lignin and Wood Chemistry","Renewable Chemical Commodity Feedstocks from Integrated Catalytic Processing of Pyrolysis Oils (1088 citations)
Adsorption of Cd(II) from aqueous solutions by rape straw biochar derived from different modification processes (546 citations)
Catalytic conversion of biomass-derived feedstocks into olefins and aromatics with ZSM-5: the hydrogen to carbon effective ratio (517 citations)"
Alshad S. Lalani,Puma Biotechnology (United States),US,"HER2/EGFR in Cancer Research
Advanced Breast Cancer Therapies
Lung Cancer Treatments and Mutations","HER kinase inhibition in patients with HER2- and HER3-mutant cancers (791 citations)
HER2-Mediated Internalization of Cytotoxic Agents in ERBB2 Amplified or Mutant Lung Cancers (296 citations)
Inhibition of Lymphogenous Metastasis Using Adeno-Associated Virus-Mediated Gene Transfer of a Soluble VEGFR-3 Decoy Receptor (270 citations)"
Sakkubai Naidu,Johns Hopkins University,US,"Genetics and Neurodevelopmental Disorders
RNA regulation and disease
Autism Spectrum Disorder Research","Subunits of the translation initiation factor eIF2B are mutant in leukoencephalopathy with vanishing white matter (421 citations)
Lysosomal glycogen storage disease with normal acid maltase (406 citations)
Mutations in each of the five subunits of translation initiation factor eIF2B can cause leukoencephalopathy with vanishing white matter (391 citations)"
Samantha Baxter,Broad Institute,US,"Genomics and Rare Diseases
Genomic variations and chromosomal abnormalities
Cancer Genomics and Diagnostics","A genomic mutational constraint map using variation in 76,156 human genomes (1426 citations)
The landscape of genetic variation in dilated cardiomyopathy as surveyed by clinical DNA sequencing (381 citations)
Insights into genetics, human biology and disease gleaned from family based genomic studies (216 citations)"
Samuel Aronson,Mass General Brigham,US,"Genomics and Rare Diseases
Prostate Cancer Diagnosis and Treatment
Biomedical Text Mining and Ontologies","Building the foundation for genomics in precision medicine (508 citations)
Outcome of sextant biopsy according to gland volume (209 citations)
Prospective evaluation of prostate-specificantigen density and systematic biopsies for early detection of prosttic carcinoma (177 citations)"
Samuel E. Adunyah,The Portland Hospital,GB,"Cancer, Lipids, and Metabolism
Cytokine Signaling Pathways and Interactions
Chemokine receptors and signaling","The Antitumor Potentials of Benzimidazole Anthelmintics as Repurposing Drugs (133 citations)
Harmonizing Clinical Sequencing and Interpretation for the eMERGE III Network (116 citations)
Evidence for the Involvement of JAK/STAT Pathway in the Signaling Mechanism of Interleukin-17 (108 citations)"
Sander Stegmann,,,"Advanced biosensing and bioanalysis techniques
Genetics and Neurodevelopmental Disorders
Protein Degradation and Inhibitors",A Genotype-First Approach in Individuals with Variable Intellectual Disability Permits BRWD3 Mutations’ Diagnosis (0 citations)
Sandra Mercier,Nantes Université,FR,"Genetics and Neurodevelopmental Disorders
Genomics and Rare Diseases
Muscle Physiology and Disorders","Development and Validation of a New Risk Prediction Score for Life-Threatening Ventricular Tachyarrhythmias in Laminopathies (273 citations)
Lessons learned from additional research analyses of unsolved clinical exome cases (240 citations)
De Novo Mutations in Protein Kinase Genes CAMK2A and CAMK2B Cause Intellectual Disability (202 citations)"
Sandra Monfort,Hospital Universitari i Politècnic La Fe,ES,"Genomic variations and chromosomal abnormalities
Genetics and Neurodevelopmental Disorders
Genomics and Rare Diseases","TAF1 Variants Are Associated with Dysmorphic Features, Intellectual Disability, and Neurological Manifestations (130 citations)
High diagnostic yield of syndromic intellectual disability by targeted next-generation sequencing (129 citations)
Duplication of the Williams–Beuren critical region: case report and further delineation of the phenotypic spectrum (97 citations)"
Sara E. Kalla,Baylor Genetics,US,"Genomics and Rare Diseases
Bone Metabolism and Diseases
Cancer Genomics and Diagnostics","Complex disease and phenotype mapping in the domestic dog (286 citations)
Kin preference in a social microbe (197 citations)
Negative Regulation of RANKL-induced Osteoclastic Differentiation in RAW264.7 Cells by Estrogen and Phytoestrogens (126 citations)"
Sarah E. Gould,,,"Genomics and Rare Diseases
Genetic Associations and Epidemiology
RNA regulation and disease","Genetic effects on gene expression across human tissues (4742 citations)
Exploring the phenotypic consequences of tissue specific gene expression variation inferred from GWAS summary statistics (1261 citations)
MARRVEL: Integration of Human and Model Organism Genetic Resources to Facilitate Functional Annotation of the Human Genome (228 citations)"
Saskia Groenewald,University of Miami,US,"ATP Synthase and ATPases Research
Mitochondrial Function and Pathology
Cellular transport and secretion","Mutations in SLC25A46, encoding a UGO1-like protein, cause an optic atrophy spectrum disorder (208 citations)
An Ugo1-like protein is associated with optic atrophy ‘plus’ disorders (0 citations)
RECESSIVE MUTATIONS IN SLC25A46 ARE ASSOCIATED WITH OPTIC ATROPHY PLUS PERIPHERAL NEUROPATHY: CHARACTERIZATION OF A UGO1-LIKE PROTEIN (0 citations)"
Sau Wai Cheung,Baylor College of Medicine,US,"Genomic variations and chromosomal abnormalities
Prenatal Screening and Diagnostics
Genetics and Neurodevelopmental Disorders","Prader-Willi phenotype caused by paternal deficiency for the HBII-85 C/D box small nucleolar RNA cluster (670 citations)
Recurrent reciprocal 1q21.1 deletions and duplications associated with microcephaly or macrocephaly and developmental and behavioral abnormalities (638 citations)
Genomic and Genic Deletions of the FOX Gene Cluster on 16q24.1 and Inactivating Mutations of FOXF1 Cause Alveolar Capillary Dysplasia and Other Malformations (545 citations)"
Sawona Biswas,"University of California, San Francisco",US,"Genomics and Rare Diseases
BRCA gene mutations in cancer
Ethics in Clinical Research","Exome and genome sequencing for pediatric patients with congenital anomalies or intellectual disability: an evidence-based clinical guideline of the American College of Medical Genetics and Genomics (ACMG) (654 citations)
Performance of ACMG-AMP Variant-Interpretation Guidelines among Nine Laboratories in the Clinical Sequencing Exploratory Research Consortium (590 citations)
Effect of Whole-Genome Sequencing on the Clinical Management of Acutely Ill Infants With Suspected Genetic Disease (180 citations)"
Scott J. Hebbring,Marshfield Clinic,US,"Genetic Associations and Epidemiology
Genomics and Rare Diseases
BRCA gene mutations in cancer","A large genome-wide association study of age-related macular degeneration highlights contributions of rare and common variants (1643 citations)
Comparison of RNA-seq and microarray-based models for clinical endpoint prediction (432 citations)
Large-scale genome-wide association study of coronary artery disease in genetically diverse populations (376 citations)"
Seema R. Lalani,Baylor Genetics,US,"Genomics and Rare Diseases
Genomic variations and chromosomal abnormalities
Congenital heart defects research","Recurrent reciprocal 1q21.1 deletions and duplications associated with microcephaly or macrocephaly and developmental and behavioral abnormalities (638 citations)
Chromosome Catastrophes Involve Replication Mechanisms Generating Complex Genomic Rearrangements (470 citations)
High Rate of Recurrent De Novo Mutations in Developmental and Epileptic Encephalopathies (465 citations)"
Seiamak Bahram,Université de Strasbourg,FR,"Immune Cell Function and Interaction
T-cell and B-cell Immunology
Immunodeficiency and Autoimmune Disorders","Selection of evolutionarily conserved mucosal-associated invariant T cells by MR1 (1162 citations)
Cell stress-regulated human major histocompatibility complex class I gene expressed in gastrointestinal epithelium. (1015 citations)
A second lineage of mammalian major histocompatibility complex class I genes. (787 citations)"
Seon‐Young Kim,Korea Research Institute of Bioscience and Biotechnology,KR,"Lung Cancer Treatments and Mutations
Lung Cancer Research Studies
Lung Cancer Diagnosis and Treatment","PAGE: Parametric Analysis of Gene Set Enrichment (830 citations)
GENT2: an updated gene expression database for normal and tumor tissues (520 citations)
Clinical and genomic landscape of gastric cancer with a mesenchymal phenotype (473 citations)"
Beisha Tang,University of South China,CN,"Parkinson's Disease Mechanisms and Treatments
Genetic Neurodegenerative Diseases
Neurological diseases and metabolism","Direct Conversion of Normal and Alzheimer’s Disease Human Fibroblasts into Neuronal Cells by Small Molecules (491 citations)
Impaired meningeal lymphatic drainage in patients with idiopathic Parkinson’s disease (358 citations)
Expansion of Human-Specific GGC Repeat in Neuronal Intranuclear Inclusion Disease-Related Disorders (334 citations)"
Shalini N. Jhangiani,Baylor College of Medicine,US,"Genomics and Rare Diseases
Genomic variations and chromosomal abnormalities
RNA modifications and cancer","Comprehensive genomic characterization defines human glioblastoma genes and core pathways (7864 citations)
Somatic mutations affect key pathways in lung adenocarcinoma (2754 citations)
The Drosophila melanogaster Genetic Reference Panel (1918 citations)"
Shanshan Chen,Xinjiang University,CN,"Conducting polymers and applications
Organic Electronics and Photovoltaics
Perovskite Materials and Applications","11.4% Efficiency non-fullerene polymer solar cells with trialkylsilyl substituted 2D-conjugated polymer as donor (986 citations)
Side-Chain Isomerization on an n-type Organic Semiconductor ITIC Acceptor Makes 11.77% High Efficiency Polymer Solar Cells (875 citations)
Non-Fullerene Polymer Solar Cells Based on Alkylthio and Fluorine Substituted 2D-Conjugated Polymers Reach 9.5% Efficiency (784 citations)"
Sharayu Jangam,Texas Children's Hospital,US,"Genetics and Neurodevelopmental Disorders
Peroxisome Proliferator-Activated Receptors
Genomics and Rare Diseases","Biallelic Mutations in ATP5F1D, which Encodes a Subunit of ATP Synthase, Cause a Metabolic Disorder (108 citations)
Disruptive mutations in TANC2 define a neurodevelopmental syndrome associated with psychiatric disorders (66 citations)
Drosophila functional screening of de novo variants in autism uncovers damaging variants and facilitates discovery of rare neurodevelopmental diseases (59 citations)"
Sharon Aufox,Northwestern University,US,"BRCA gene mutations in cancer
Genomics and Rare Diseases
Ethics in Clinical Research","Return of Genomic Results to Research Participants: The Floor, the Ceiling, and the Choices In Between (379 citations)
Public Attitudes toward Consent and Data Sharing in Biobank Research: A Large Multi-site Experimental Survey in the US (265 citations)
Harmonizing Clinical Sequencing and Interpretation for the eMERGE III Network (116 citations)"
Sharon E. Plon,Baylor Genetics,US,"Genomics and Rare Diseases
Cancer Genomics and Diagnostics
BRCA gene mutations in cancer","Clinical Whole-Exome Sequencing for the Diagnosis of Mendelian Disorders (2013 citations)
ClinGen — The Clinical Genome Resource (1580 citations)
Molecular Findings Among Patients Referred for Clinical Whole-Exome Sequencing (1422 citations)"
Shawn Denson,Baylor Genetics,US,"Genomics and Rare Diseases
BRCA gene mutations in cancer
Genetic Associations and Epidemiology","Harmonizing Clinical Sequencing and Interpretation for the eMERGE III Network (116 citations)
Implementation of preemptive DNA sequence–based pharmacogenomics testing across a large academic medical center: The Mayo-Baylor RIGHT 10K Study (71 citations)
Neptune: an environment for the delivery of genomic medicine (8 citations)"
Shawn Levy,XCell Science (United States),US,"Metabolomics and Mass Spectrometry Studies
Genetic Associations and Epidemiology
Cancer-related molecular mechanisms research","An integrated encyclopedia of DNA elements in the human genome (19663 citations)
Next-generation genotype imputation service and methods (4493 citations)
A reference panel of 64,976 haplotypes for genotype imputation (3310 citations)"
Sheethal Jose,"Christian Medical College, Vellore",IN,"Genomics and Rare Diseases
BRCA gene mutations in cancer
Genetic Associations and Epidemiology","Harmonizing Clinical Sequencing and Interpretation for the eMERGE III Network (116 citations)
IL233, A Novel IL-2 and IL-33 Hybrid Cytokine, Ameliorates Renal Injury (104 citations)
The human and non-human primate developmental GTEx projects (67 citations)"
Shinya Yamamoto,Texas Children's Hospital,US,"Genomics and Rare Diseases
Genetics and Neurodevelopmental Disorders
Developmental Biology and Gene Regulation","Glial Lipid Droplets and ROS Induced by Mitochondrial Defects Promote Neurodegeneration (917 citations)
Fly Cell Atlas: A single-nucleus transcriptomic atlas of the adult fruit fly (890 citations)
A Drosophila Genetic Resource of Mutants to Study Mechanisms Underlying Human Genetic Diseases (404 citations)"
Shweta U. Dhar,Baylor College of Medicine,US,"Genomics and Rare Diseases
BRCA gene mutations in cancer
Genetics and Neurodevelopmental Disorders","Chromosome Catastrophes Involve Replication Mechanisms Generating Complex Genomic Rearrangements (470 citations)
Molecular diagnostic experience of whole-exome sequencing in adult patients (250 citations)
MARRVEL: Integration of Human and Model Organism Genetic Resources to Facilitate Functional Annotation of the Human Genome (228 citations)"
Simon Edvardson,Hadassah Medical Center,IL,"Mitochondrial Function and Pathology
Metabolism and Genetic Disorders
RNA modifications and cancer","Deleterious Mutation in the Mitochondrial Arginyl–Transfer RNA Synthetase Gene Is Associated with Pontocerebellar Hypoplasia (335 citations)
A Deleterious Mutation in DNAJC6 Encoding the Neuronal-Specific Clathrin-Uncoating Co-Chaperone Auxilin, Is Associated with Juvenile Parkinsonism (322 citations)
Defective FA2H leads to a novel form of neurodegeneration with brain iron accumulation (NBIA) (236 citations)"
Simone Race,BC Children's Hospital,CA,"Genomics and Rare Diseases
Genetics and Neurodevelopmental Disorders
RNA and protein synthesis mechanisms","The phenotypic spectrum of Schaaf-Yang syndrome: 18 new affected individuals from 14 families (121 citations)
Haploinsufficiency of the Notch Ligand DLL1 Causes Variable Neurodevelopmental Disorders (71 citations)
Secondary neurotransmitter deficiencies in epilepsy caused by voltage-gated sodium channelopathies: A potential treatment target? (46 citations)"
Slavé Petrovski,Austin Health,AU,"Genomics and Rare Diseases
Genetic Associations and Epidemiology
Epilepsy research and treatment","FinnGen provides genetic insights from a well-phenotyped isolated population (4329 citations)
New insights into the genetic etiology of Alzheimer’s disease and related dementias (2597 citations)
Plasma proteomic associations with genetics and health in the UK Biobank (1685 citations)"
Soledad Kleppe,Hospital Italiano de Buenos Aires,AR,"Metabolism and Genetic Disorders
Biochemical and Molecular Research
Epigenetics and DNA Methylation","Reanalysis of Clinical Exome Sequencing Data (306 citations)
Citrin deficiency, a perplexing global disorder (89 citations)
Clinical Consequences of Urea Cycle Enzyme Deficiencies and Potential Links to Arginine and Nitric Oxide Metabolism (87 citations)"
Sonal Desai,Johns Hopkins Medicine,US,"Genetics and Neurodevelopmental Disorders
Genomics and Rare Diseases
Genomic variations and chromosomal abnormalities","Clinical Presentation of a Complex Neurodevelopmental Disorder Caused by Mutations in ADNP (187 citations)
Neurologic phenotypes associated with COL4A1 / 2 mutations (148 citations)
Loss-of-Function and Gain-of-Function Mutations in KCNQ5 Cause Intellectual Disability or Epileptic Encephalopathy (130 citations)"
Sophie Ehresmann,Université de Montréal,CA,"Genetics and Neurodevelopmental Disorders
Genomics and Rare Diseases
Chromatin Remodeling and Cancer","CHD3 helicase domain mutations cause a neurodevelopmental syndrome with macrocephaly and impaired speech and language (125 citations)
Expanding the Spectrum of BAF-Related Disorders: De Novo Variants in SMARCC2 Cause a Syndrome with Intellectual Disability and Developmental Delay (94 citations)
Mutations in ACTL6B Cause Neurodevelopmental Deficits and Epilepsy and Lead to Loss of Dendrites in Human Neurons (92 citations)"
Stacey Gabriel,Broad Institute,US,"Cancer Genomics and Diagnostics
Genetic Associations and Epidemiology
Genomics and Rare Diseases","The Genome Analysis Toolkit: A MapReduce framework for analyzing next-generation DNA sequencing data (30570 citations)
A global reference for human genetic variation (20396 citations)
A framework for variation discovery and genotyping using next-generation DNA sequencing data (12557 citations)"
Stanley F. Nelson,,,"Genomics and Rare Diseases
Muscle Physiology and Disorders
Genetics and Neurodevelopmental Disorders","Shotgun bisulphite sequencing of the Arabidopsis genome reveals DNA methylation patterning (2338 citations)
Melanomas acquire resistance to B-RAF(V600E) inhibition by RTK or N-RAS upregulation (2179 citations)
Functional impact of global rare copy number variation in autism spectrum disorders (2073 citations)"
Stefan Kindler,University Medical Center Hamburg-Eppendorf,DE,"RNA Research and Splicing
Neuroscience and Neuropharmacology Research
RNA and protein synthesis mechanisms","SAP102, a Novel Postsynaptic Protein That Interacts with NMDA Receptor Complexes In Vivo (423 citations)
RNA TRANSPORT AND LOCAL CONTROL OF TRANSLATION (221 citations)
Interaction of the N-Methyl—aspartate Receptor Complex with a Novel Synapse-associated Protein, SAP102 (178 citations)"
Stephan Züchner,Dr. John T. Macdonald Foundation,US,"Hereditary Neurological Disorders
Genetic Neurodegenerative Diseases
Neurological diseases and metabolism","Mutations in the mitochondrial GTPase mitofusin 2 cause Charcot-Marie-Tooth neuropathy type 2A (1578 citations)
The Human Phenotype Ontology in 2017 (817 citations)
Genome-wide Analyses Identify KIF5A as a Novel ALS Gene (725 citations)"
Stephanie E. Mohr,Boston VA Research Institute,US,"CRISPR and Genetic Engineering
Bioinformatics and Genomic Networks
Genomics and Phylogenetic Studies","An integrative approach to ortholog prediction for disease-focused and other functional studies (913 citations)
The Transgenic RNAi Project at Harvard Medical School: Resources and Validation (737 citations)
Optimized gene editing technology for Drosophila melanogaster using germ line-specific Cas9 (438 citations)"
Stephanie M. Fullerton,University of Washington,US,"Ethics in Clinical Research
BRCA gene mutations in cancer
Genomics and Rare Diseases","Sequencing of 53,831 diverse genomes from the NHLBI TOPMed Program (2363 citations)
Genomics is failing on diversity (2061 citations)
Inherited causes of clonal haematopoiesis in 97,691 whole genomes (763 citations)"
Steven Callens,Ghent University,BE,"HIV/AIDS Research and Interventions
HIV, Drug Use, Sexual Risk
Tuberculosis Research and Epidemiology","IRF2BPL Is Associated with Neurological Phenotypes (115 citations)
Epidemiology of HPV Genotypes among HIV Positive Women in Kenya: A Systematic Review and Meta-Analysis (88 citations)
Maternal and Early-Life Exposure to Antibiotics and the Risk of Autism and Attention-Deficit Hyperactivity Disorder in Childhood: a Swedish Population-Based Cohort Study (60 citations)"
Stéphane Bezieau,Centre Hospitalier Universitaire de Nantes,FR,"Genetic factors in colorectal cancer
Genetic Associations and Epidemiology
Genetics and Neurodevelopmental Disorders","Genome-wide association scan identifies a colorectal cancer susceptibility locus on chromosome 8q24 (731 citations)
Discovery of common and rare genetic risk variants for colorectal cancer (611 citations)
Common variants at SCN5A-SCN10A and HEY2 are associated with Brugada syndrome, a rare disease with high risk of sudden cardiac death (549 citations)"
Sujay Kansagra,Duke Medical Center,US,"Sleep and Wakefulness Research
Epilepsy research and treatment
Mitochondrial Function and Pathology","Sleep Disorders in Adolescents (229 citations)
De Novo Pathogenic Variants in CACNA1E Cause Developmental and Epileptic Encephalopathy with Contractures, Macrocephaly, and Dyskinesias (159 citations)
IRF2BPL Is Associated with Neurological Phenotypes (115 citations)"
Sumit Punj,Natera (United States),US,"Genomics and Rare Diseases
Renal Diseases and Glomerulopathies
Genetic and Kidney Cyst Diseases","Performance of ACMG-AMP Variant-Interpretation Guidelines among Nine Laboratories in the Clinical Sequencing Exploratory Research Consortium (590 citations)
Clinical Sequencing Exploratory Research Consortium: Accelerating Evidence-Based Practice of Genomic Medicine (164 citations)
Performance of ACMG-AMP Variant-Interpretation Guidelines among Nine Laboratories in the Clinical Sequencing Exploratory Research Consortium (141 citations)"
Suneeta Madan‐Khetarpal,Children's Hospital of Pittsburgh,US,"Genomic variations and chromosomal abnormalities
Genomics and Rare Diseases
Genetics and Neurodevelopmental Disorders","Expanding the clinical phenotype of the 3q29 microdeletion syndrome and characterization of the reciprocal microduplication (311 citations)
Discovery of a previously unrecognized microdeletion syndrome of 16p11.2–p12.2 (250 citations)
Clinical Presentation of a Complex Neurodevelopmental Disorder Caused by Mutations in ADNP (187 citations)"
Sung-Hae L. Kang,"University of California, Los Angeles",US,"Genomic variations and chromosomal abnormalities
Congenital heart defects research
Chromosomal and Genetic Variations","Recurrent reciprocal 1q21.1 deletions and duplications associated with microcephaly or macrocephaly and developmental and behavioral abnormalities (638 citations)
Chromosome Catastrophes Involve Replication Mechanisms Generating Complex Genomic Rearrangements (470 citations)
Inhibition of SIRT1 Reactivates Silenced Cancer Genes without Loss of Promoter DNA Hypermethylation (383 citations)"
Susan M. Downes,University of Oxford,GB,"Retinal Diseases and Treatments
Retinal Development and Disorders
Retinal Imaging and Analysis","Retinal gene therapy in patients with choroideremia: initial findings from a phase 1/2 clinical trial (791 citations)
Results of case-control study of leukaemia and lymphoma among young people near Sellafield nuclear plant in West Cumbria. (783 citations)
Ranibizumab versus Bevacizumab to Treat Neovascular Age-related Macular Degeneration (781 citations)"
Suzette J. Bielinski,Mayo Clinic in Florida,US,"Genetic Associations and Epidemiology
Pharmacogenetics and Drug Metabolism
Genomics and Rare Diseases","Systematic comparison of phenome-wide association study of electronic medical record data and genome-wide association study data (1138 citations)
Genetic variation in GIPR influences the glucose and insulin responses to an oral glucose challenge (642 citations)
Large-scale genomic analyses link reproductive aging to hypothalamic signaling, breast cancer susceptibility and BRCA1-mediated DNA repair (455 citations)"
Sylvain Palardy,Centre Hospitalier Universitaire Sainte-Justine,CA,"Attention Deficit Hyperactivity Disorder
Child and Adolescent Psychosocial and Emotional Development
Autism Spectrum Disorder Research","Mutations inSYNGAP1Cause Intellectual Disability, Autism, and a Specific Form of Epilepsy by Inducing Haploinsufficiency (283 citations)
Lateral glances toward moving stimuli among young children with autism: Early regulation of locally oriented perception? (108 citations)
Morbidities and mortality of diagnosed attention deficit hyperactivity disorder (ADHD) over the youth lifespan: A population‐based retrospective cohort study (23 citations)"
Sylvia Dobrzeniecka,Centre Hospitalier de l’Université de Montréal,CA,"Genetics and Neurodevelopmental Disorders
Genomic variations and chromosomal abnormalities
Cellular transport and secretion","High Rate of Recurrent De Novo Mutations in Developmental and Epileptic Encephalopathies (465 citations)
Excess of De Novo Deleterious Mutations in Genes Associated with Glutamatergic Systems in Nonsyndromic Intellectual Disability (353 citations)
Mutations in SYNGAP1 in Autosomal Nonsyndromic Mental Retardation (353 citations)"
Sébastien Küry,Nantes Université,FR,"Genetics and Neurodevelopmental Disorders
Genetic factors in colorectal cancer
Genetic Associations and Epidemiology","Genome-wide association scan identifies a colorectal cancer susceptibility locus on chromosome 8q24 (731 citations)
Rare and low-frequency coding variants alter human adult height (665 citations)
Discovery of common and rare genetic risk variants for colorectal cancer (611 citations)"
Sébastien A. Lévesque,Centre Hospitalier Universitaire de Sherbrooke,CA,"Adenosine and Purinergic Signaling
Digital Holography and Microscopy
Adolescent and Pediatric Healthcare","Comparative hydrolysis of P2 receptor agonists by NTPDases 1, 2, 3 and 8 (336 citations)
Neutrophils Mediate Blood–Spinal Cord Barrier Disruption in Demyelinating Neuroinflammatory Diseases (234 citations)
Specificity of the ecto‐ATPase inhibitor ARL 67156 on human and mouse ectonucleotidases (211 citations)"
Tamar Harel,Hadassah Medical Center,IL,"Genomics and Rare Diseases
Genetics and Neurodevelopmental Disorders
Genomic variations and chromosomal abnormalities","Resolution of Disease Phenotypes Resulting from Multilocus Genomic Variation (803 citations)
A Drosophila Genetic Resource of Mutants to Study Mechanisms Underlying Human Genetic Diseases (404 citations)
Genes that Affect Brain Structure and Function Identified by Rare Variant Analyses of Mendelian Neurologic Disease (343 citations)"
Tanya N. Eble,Baylor College of Medicine,US,"BRCA gene mutations in cancer
Genomics and Rare Diseases
Prenatal Screening and Diagnostics","Reanalysis of Clinical Exome Sequencing Data (306 citations)
Mutations in X-linked PORCN, a putative regulator of Wnt signaling, cause focal dermal hypoplasia (285 citations)
Facial and physical features of Aicardi syndrome: Infants to teenagers (72 citations)"
Taosheng Huang,Children's Hospital of Fudan University,CN,"Mitochondrial Function and Pathology
Metabolism and Genetic Disorders
ATP Synthase and ATPases Research","Biparental Inheritance of Mitochondrial DNA in Humans (456 citations)
Universal DNA methylation age across mammalian tissues (411 citations)
Different TBX5 interactions in heart and limb defined by Holt–Oram syndrome mutations (368 citations)"
Margaret T. Davis,VA Connecticut Healthcare System,US,"Posttraumatic Stress Disorder Research
Treatment of Major Depression
Suicide and Self-Harm Studies","The Posttraumatic Stress Disorder Checklist for DSM‐5 (PCL‐5): Development and Initial Psychometric Evaluation (5267 citations)
Lower synaptic density is associated with depression severity and network alterations (513 citations)
Neurobiology of Chronic Stress-Related Psychiatric Disorders: Evidence from Molecular Imaging Studies (176 citations)"
Terra R. Coakley,,,"Genomics and Rare Diseases
RNA Research and Splicing
Cellular transport and secretion","Implantable cardioverter-defibrillator placement in patients with cardiac amyloidosis (158 citations)
IRF2BPL Is Associated with Neurological Phenotypes (115 citations)
Biallelic Mutations in ATP5F1D, which Encodes a Subunit of ATP Synthase, Cause a Metabolic Disorder (108 citations)"
Terrie Kitchner,Marshfield Clinic,US,"Genetic Associations and Epidemiology
BRCA gene mutations in cancer
Genomics and Rare Diseases","A large genome-wide association study of age-related macular degeneration highlights contributions of rare and common variants (1643 citations)
PCSK9 genetic variants and risk of type 2 diabetes: a mendelian randomisation study (392 citations)
Return of Genomic Results to Research Participants: The Floor, the Ceiling, and the Choices In Between (379 citations)"
Theodore Chiang,Baylor College of Medicine,US,"Genomics and Rare Diseases
Genomic variations and chromosomal abnormalities
Genetic Associations and Epidemiology","Molecular Findings Among Patients Referred for Clinical Whole-Exome Sequencing (1422 citations)
SARA, a FYVE Domain Protein that Recruits Smad2 to the TGFβ Receptor (965 citations)
Genome-wide association scan identifies a colorectal cancer susceptibility locus on chromosome 8q24 (731 citations)"
Thi Tuyet Mai Nguyen,Université de Montréal,CA,"Trypanosoma species research and implications
Lysosomal Storage Disorders Research
Cellular transport and secretion","Mutations in KCNH1 and ATP6V1B2 cause Zimmermann-Laband syndrome (221 citations)
Clinical variability in inherited glycosylphosphatidylinositol deficiency disorders (116 citations)
Mutations in the Chromatin Regulator Gene BRPF1 Cause Syndromic Intellectual Disability and Deficient Histone Acetylation (104 citations)"
Thomas Besnard,Institut du Thorax,FR,"Genetics and Neurodevelopmental Disorders
Genomics and Rare Diseases
RNA Research and Splicing","De Novo Mutations in Protein Kinase Genes CAMK2A and CAMK2B Cause Intellectual Disability (202 citations)
SpliceAI-visual: a free online tool to improve SpliceAI splicing variant interpretation (200 citations)
Complex Compound Inheritance of Lethal Lung Developmental Disorders Due to Disruption of the TBX-FGF Pathway (187 citations)"
Thomas C. Markello,Office of the Director,US,"Genomics and Rare Diseases
RNA modifications and cancer
Genetics and Neurodevelopmental Disorders","NT5E Mutations and Arterial Calcifications (451 citations)
GRIN2A mutation and early‐onset epileptic encephalopathy: personalized therapy with memantine (299 citations)
The National Institutes of Health Undiagnosed Diseases Program: insights into rare diseases (296 citations)"
Thomas F. Wienker,Max Planck Institute for Molecular Genetics,DE,"Genetic Associations and Epidemiology
Genetics and Neurodevelopmental Disorders
Genetic Syndromes and Imprinting","Large-scale genome-wide association analysis of bipolar disorder identifies a new susceptibility locus near ODZ4 (1418 citations)
Quantitative Analyses of SMN1 and SMN2 Based on Real-Time LightCycler PCR: Fast and Highly Reliable Carrier Testing and Prediction of Severity of Spinal Muscular Atrophy (1018 citations)
Key susceptibility locus for nonsyndromic cleft lip with or without cleft palate on chromosome 8q24 (483 citations)"
Thomas X. Garcia,Baylor College of Medicine,US,"Sperm and Testicular Function
Genetic and Clinical Aspects of Sex Determination and Chromosomal Abnormalities
Reproductive Biology and Fertility","CRISPR/Cas9-mediated genome editing reveals 30 testis-enriched genes dispensable for male fertility in mice† (122 citations)
Large-scale discovery of male reproductive tract-specific genes through analysis of RNA-seq datasets (111 citations)
Sub-acute intravenous administration of silver nanoparticles in male mice alters Leydig cell function and testosterone levels (97 citations)"
Tim Desmet,Ghent University,BE,"Surface Modification and Superhydrophobicity
Electrospun Nanofibers in Biomedical Applications
Additive Manufacturing and 3D Printing Technologies","Nonthermal Plasma Technology as a Versatile Strategy for Polymeric Biomaterials Surface Modification: A Review (690 citations)
Plasma Surface Modification of Biodegradable Polymers: A Review (431 citations)
Plasma modification of polylactic acid in a medium pressure DBD (122 citations)"
Tim M. Strom,Technical University of Munich,DE,"Genomics and Rare Diseases
Genetics and Neurodevelopmental Disorders
Mitochondrial Function and Pathology","Mutations in LRRK2 Cause Autosomal-Dominant Parkinsonism with Pleomorphic Pathology (3074 citations)
Transcriptome and genome sequencing uncovers functional variation in humans (2194 citations)
Genomewide Association Analysis of Coronary Artery Disease (2058 citations)"
Timothy Lotze,Texas Children's Hospital,US,"Multiple Sclerosis Research Studies
Peripheral Neuropathies and Disorders
Neurogenetic and Muscular Disorders Research","Recurrent reciprocal 1q21.1 deletions and duplications associated with microcephaly or macrocephaly and developmental and behavioral abnormalities (638 citations)
TLR7 gain-of-function genetic variation causes human lupus (600 citations)
Long-term effects of glucocorticoids on function, quality of life, and survival in patients with Duchenne muscular dystrophy: a prospective cohort study (487 citations)"
Tina Barbaro‐Dieber,Cook Children's Medical Center,US,"Genomic variations and chromosomal abnormalities
Genomics and Rare Diseases
Genetics and Neurodevelopmental Disorders","Mutations in PURA Cause Profound Neonatal Hypotonia, Seizures, and Encephalopathy in 5q31.3 Microdeletion Syndrome (115 citations)
De Novo Missense Substitutions in the Gene Encoding CDK8, a Regulator of the Mediator Complex, Cause a Syndromic Developmental Disorder (64 citations)
Expansion and further delineation of the SETD5 phenotype leading to global developmental delay, variable dysmorphic features, and reduced penetrance (48 citations)"
Tjitske Kleefstra,,,"Genetics and Neurodevelopmental Disorders
Genomics and Rare Diseases
Genomic variations and chromosomal abnormalities","Diagnostic Exome Sequencing in Persons with Severe Intellectual Disability (1599 citations)
Genome sequencing identifies major causes of severe intellectual disability (1164 citations)
Meta-analysis of 2,104 trios provides support for 10 new genes for intellectual disability (472 citations)"
Tomasz Gambin,Institute of Computer Science,PL,"Genomics and Rare Diseases
Genomic variations and chromosomal abnormalities
Congenital heart defects research","The Genetic Basis of Mendelian Phenotypes: Discoveries, Challenges, and Opportunities (703 citations)
COPA mutations impair ER-Golgi transport and cause hereditary autoimmune-mediated lung disease and arthritis (408 citations)
A Drosophila Genetic Resource of Mutants to Study Mechanisms Underlying Human Genetic Diseases (404 citations)"
Tony Roscioli,Neuroscience Research Australia,AU,"Genomics and Rare Diseases
Genomic variations and chromosomal abnormalities
Genetics and Neurodevelopmental Disorders","Mutations in ENPP1 are associated with 'idiopathic' infantile arterial calcification (604 citations)
De novo mutations in the actin genes ACTB and ACTG1 cause Baraitser-Winter syndrome (307 citations)
Identity-by-descent filtering of exome sequence data identifies PIGV mutations in hyperphosphatasia mental retardation syndrome (303 citations)"
Travis K. Johnson,La Trobe University,AU,"Neurobiology and Insect Physiology Research
Invertebrate Immune Response Mechanisms
Physiological and biochemical adaptations","PIE-scope, integrated cryo-correlative light and FIB/SEM microscopy (124 citations)
A Syndromic Neurodevelopmental Disorder Caused by De Novo Variants in EBF3 (124 citations)
The Toll and Imd Pathways Are Not Required for Wolbachia-Mediated Dengue Virus Interference (76 citations)"
Trevor S. Frisby,Carnegie Mellon University,US,"Genomics and Rare Diseases
Genomics and Phylogenetic Studies
RNA and protein synthesis mechanisms","MARRVEL: Integration of Human and Model Organism Genetic Resources to Facilitate Functional Annotation of the Human Genome (228 citations)
The Undiagnosed Diseases Network: Accelerating Discovery about Health and Disease (190 citations)
A Syndromic Neurodevelopmental Disorder Caused by De Novo Variants in EBF3 (124 citations)"
Trilochan Sahoo,BioNano Genomics (United States),US,"Genomic variations and chromosomal abnormalities
Prenatal Screening and Diagnostics
Genetic Syndromes and Imprinting","Prader-Willi phenotype caused by paternal deficiency for the HBII-85 C/D box small nucleolar RNA cluster (670 citations)
Recurrent reciprocal 1q21.1 deletions and duplications associated with microcephaly or macrocephaly and developmental and behavioral abnormalities (638 citations)
Mutations in the Gene Encoding KRIT1, a Krev-1/rap1a Binding Protein, Cause Cerebral Cavernous Malformations (CCM1) (390 citations)"
Tyler Reimschisel,Case Western Reserve University,US,"Metabolism and Genetic Disorders
Mitochondrial Function and Pathology
Genomic variations and chromosomal abnormalities","Recurrent reciprocal 1q21.1 deletions and duplications associated with microcephaly or macrocephaly and developmental and behavioral abnormalities (638 citations)
Patient care standards for primary mitochondrial disease: a consensus statement from the Mitochondrial Medicine Society (300 citations)
A systematic review of the published literature on team-based learning in health professions education (294 citations)"
Tyra Estwick,,,"Genomics and Rare Diseases
Genetics and Neurodevelopmental Disorders
Neutrophil, Myeloperoxidase and Oxidative Mechanisms","MARRVEL: Integration of Human and Model Organism Genetic Resources to Facilitate Functional Annotation of the Human Genome (228 citations)
The Undiagnosed Diseases Network: Accelerating Discovery about Health and Disease (190 citations)
A Syndromic Neurodevelopmental Disorder Caused by De Novo Variants in EBF3 (124 citations)"
V. Reid Sutton,Baylor College of Medicine,US,"Metabolism and Genetic Disorders
Connective tissue disorders research
Genomics and Rare Diseases","Resolution of Disease Phenotypes Resulting from Multilocus Genomic Variation (803 citations)
The Genetic Basis of Mendelian Phenotypes: Discoveries, Challenges, and Opportunities (703 citations)
Asprosin, a Fasting-Induced Glucogenic Protein Hormone (595 citations)"
Valerie Gartner,University of North Carolina Health Care,US,"Malaria Research and Control
Genomics and Rare Diseases
Vector-borne infectious diseases","MARRVEL: Integration of Human and Model Organism Genetic Resources to Facilitate Functional Annotation of the Human Genome (228 citations)
The Undiagnosed Diseases Network: Accelerating Discovery about Health and Disease (190 citations)
A Syndromic Neurodevelopmental Disorder Caused by De Novo Variants in EBF3 (124 citations)"
Valério Carelli,University of Bologna,IT,"Mitochondrial Function and Pathology
ATP Synthase and ATPases Research
Metabolism and Genetic Disorders","Mitochondrial dysfunction as a cause of optic neuropathies (843 citations)
Disturbed mitochondrial dynamics and neurodegenerative disorders (662 citations)
OPA1 mutations induce mitochondrial DNA instability and optic atrophy 'plus' phenotypes (515 citations)"
Vandana Shashi,The University of Texas Southwestern Medical Center,US,"Congenital heart defects research
Genomics and Rare Diseases
Genomic variations and chromosomal abnormalities","A copy number variation morbidity map of developmental delay (1426 citations)
Psychiatric Disorders From Childhood to Adulthood in 22q11.2 Deletion Syndrome: Results From the International Consortium on Brain and Behavior in 22q11.2 Deletion Syndrome (833 citations)
Clinical application of exome sequencing in undiagnosed genetic conditions (442 citations)"
Vincent Procaccio,Université d'Angers,FR,"Mitochondrial Function and Pathology
Metabolism and Genetic Disorders
ATP Synthase and ATPases Research","Effects of Purifying and Adaptive Selection on Regional Variation in Human mtDNA (820 citations)
Mitochondrial Energetics and Therapeutics (736 citations)
An enhanced MITOMAP with a global mtDNA mutational phylogeny (682 citations)"
Vinodh Narayanan,Translational Genomics Research Institute,US,"Genetics and Neurodevelopmental Disorders
Genomics and Rare Diseases
RNA modifications and cancer","Integrin-associated Protein Is a Ligand for the P84 Neural Adhesion Molecule (356 citations)
KCNQ2 encephalopathy (246 citations)
MeCP2 mutations in children with and without the phenotype of Rett syndrome (229 citations)"
Vivian S. Gainer,Mass General Brigham,US,"Machine Learning in Healthcare
Inflammatory Bowel Disease
Biomedical Text Mining and Ontologies","A mega-analysis of genome-wide association studies for major depressive disorder (1174 citations)
Serving the enterprise and beyond with informatics for integrating biology and the bedside (i2b2) (964 citations)
Development of a Definition of Postacute Sequelae of SARS-CoV-2 Infection (872 citations)"
Véronique Rolli,Université de Strasbourg,FR,"PARP inhibition in cancer therapy
DNA Repair Mechanisms
Toxin Mechanisms and Immunotoxins","Importance of Poly(ADP-ribose) Polymerase and Its Cleavage in Apoptosis (759 citations)
PARP-2, A Novel Mammalian DNA Damage-dependent Poly(ADP-ribose) Polymerase (751 citations)
Amplification of B Cell Antigen Receptor Signaling by a Syk/ITAM Positive Feedback Loop (328 citations)"
Víctor M. Castro,Mass General Brigham,US,"Machine Learning in Healthcare
Genetic Associations and Epidemiology
Intracranial Aneurysms: Treatment and Complications","A mega-analysis of genome-wide association studies for major depressive disorder (1174 citations)
Predicting Suicidal Behavior From Longitudinal Electronic Health Records (359 citations)
QT interval and antidepressant use: a cross sectional study of electronic health records (309 citations)"
William A. Gahl,National Human Genome Research Institute,US,"Biomedical Research and Pathophysiology
melanin and skin pigmentation
Genomics and Rare Diseases","Somatic Mutations in UBA1 and Severe Adult-Onset Autoinflammatory Disease (1210 citations)
Platelet Polyphosphates Are Proinflammatory and Procoagulant Mediators In Vivo (835 citations)
Phenotype and Course of Hutchinson–Gilford Progeria Syndrome (746 citations)"
Woong Yoon,Chonnam National University Hospital,KR,"Acute Ischemic Stroke Management
Cerebrovascular and Carotid Artery Diseases
Combustion and flame dynamics","Bronchial and Nonbronchial Systemic Artery Embolization for Life-threatening Hemoptysis: A Comprehensive Review (568 citations)
Field Demonstration of DNAPL Dehalogenation Using Emulsified Zero-Valent Iron (413 citations)
Acute Massive Gastrointestinal Bleeding: Detection and Localization with Arterial Phase Multi–Detector Row Helical CT (297 citations)"
Wei Chen,Nanjing University of Aeronautics and Astronautics,CN,"Graphene research and applications
Advancements in Battery Materials
Molecular Junctions and Nanostructures","Cubic AgPb m SbTe 2+ m : Bulk Thermoelectric Materials with High Figure of Merit (2923 citations)
Atomically dispersed Ni(i) as the active site for electrochemical CO2 reduction (2233 citations)
CMOS scaling into the nanometer regime (900 citations)"
Weimin Bi,China Agricultural University,CN,"Genomic variations and chromosomal abnormalities
Genomics and Rare Diseases
Genetics and Neurodevelopmental Disorders","Sox9 is required for cartilage formation (1780 citations)
Resolution of Disease Phenotypes Resulting from Multilocus Genomic Variation (803 citations)
Haploinsufficiency of Sox9 results in defective cartilage primordia and premature skeletal mineralization (545 citations)"
Wei‐Min He,University of South China,CN,"Catalytic C–H Functionalization Methods
Radical Photochemical Reactions
Sulfur-Based Synthesis Techniques","Recent advances of 1,2,3,5-tetrakis(carbazol-9-yl)-4,6-dicyanobenzene (4CzIPN) in photocatalytic transformations (710 citations)
An Efficient [2 + 2 + 1] Synthesis of 2,5-Disubstituted Oxazoles via Gold-Catalyzed Intermolecular Alkyne Oxidation (371 citations)
Gold-Catalyzed One-Step Practical Synthesis of Oxetan-3-ones from Readily Available Propargylic Alcohols (317 citations)"
Wendy Brodeur,Broad Institute,US,"Retinal Diseases and Treatments
Glaucoma and retinal disorders
Genetic Associations and Epidemiology","Integrating common and rare genetic variation in diverse human populations (3231 citations)
Genome-Wide Association Analysis Identifies Loci for Type 2 Diabetes and Triglyceride Levels (2891 citations)
Alzheimer's disease: early alterations in brain DNA methylation at ANK1, BIN1, RHBDF2 and other loci (1014 citations)"
Wendy D. Jones,University College London,GB,"Genomics and Rare Diseases
Genomic variations and chromosomal abnormalities
Genetics and Neurodevelopmental Disorders","Genetic diagnosis of developmental disorders in the DDD study: a scalable analysis of genome-wide research data (805 citations)
Evidence for 28 genetic disorders discovered by combining healthcare and research data (696 citations)
Histone Lysine Methylases and Demethylases in the Landscape of Human Developmental Disorders (290 citations)"
Wendy K. Chung,Boston Children's Museum,US,"Genomics and Rare Diseases
BRCA gene mutations in cancer
Congenital heart defects research","Risks of Breast, Ovarian, and Contralateral Breast Cancer for BRCA1 and BRCA2 Mutation Carriers (2942 citations)
Strong Association of De Novo Copy Number Mutations with Autism (2855 citations)
Induced Pluripotent Stem Cells Generated from Patients with ALS Can Be Differentiated into Motor Neurons (1989 citations)"
Wenmiao Zhu,Shanghai Institute of Quality Inspection and Technical Research,CN,"Genomics and Rare Diseases
Genomic variations and chromosomal abnormalities
RNA Research and Splicing","Concerted action of poly(A) nucleases and decapping enzyme in mammalian mRNA turnover (479 citations)
Deadenylation is prerequisite for P-body formation and mRNA decay in mammalian cells (230 citations)
Human TOB, an Antiproliferative Transcription Factor, Is a Poly(A)-Binding Protein-Dependent Positive Regulator of Cytoplasmic mRNA Deadenylation (165 citations)"
William A. Gahl,National Human Genome Research Institute,US,"Biomedical Research and Pathophysiology
melanin and skin pigmentation
Genomics and Rare Diseases","Somatic Mutations in UBA1 and Severe Adult-Onset Autoinflammatory Disease (1210 citations)
Platelet Polyphosphates Are Proinflammatory and Procoagulant Mediators In Vivo (835 citations)
Phenotype and Course of Hutchinson–Gilford Progeria Syndrome (746 citations)"
William J. Craigen,Baylor College of Medicine,US,"Mitochondrial Function and Pathology
Metabolism and Genetic Disorders
Genomics and Rare Diseases","Molecular Findings Among Patients Referred for Clinical Whole-Exome Sequencing (1422 citations)
Voltage-dependent anion channels are dispensable for mitochondrial-dependent cell death (977 citations)
VDAC2 Inhibits BAK Activation and Mitochondrial Apoptosis (836 citations)"
Wim Terryn,AZ Sint-Jan,BE,"Lysosomal Storage Disorders Research
Glycogen Storage Diseases and Myoclonus
Renal Transplantation Outcomes and Treatments","Recommendations for initiation and cessation of enzyme replacement therapy in patients with Fabry disease: the European Fabry Working Group consensus document (351 citations)
Screening, diagnosis, and management of patients with Fabry disease: conclusions from a “Kidney Disease: Improving Global Outcomes” (KDIGO) Controversies Conference (191 citations)
Efficacy and Safety of Respiratory Syncytial Virus (RSV) Prefusion F Protein Vaccine (RSVPreF3 OA) in Older Adults Over 2 RSV Seasons (174 citations)"
Wojciech Wiszniewski,Mother and Child Foundation,GB,"Genomics and Rare Diseases
Hereditary Neurological Disorders
Genetics and Neurodevelopmental Disorders","The Genetic Basis of Mendelian Phenotypes: Discoveries, Challenges, and Opportunities (703 citations)
GJB2 Mutations and Degree of Hearing Loss: A Multicenter Study (563 citations)
COPA mutations impair ER-Golgi transport and cause hereditary autoimmune-mediated lung disease and arthritis (408 citations)"
Wouter Steyaert,Ghent University,BE,"Genomics and Rare Diseases
Connective tissue disorders research
Genomic variations and chromosomal abnormalities","Deficiency for the ER-stress transducer OASIS causes severe recessive osteogenesis imperfecta in humans (127 citations)
IRF2BPL Is Associated with Neurological Phenotypes (115 citations)
Mutations in ATP6V1E1 or ATP6V1A Cause Autosomal-Recessive Cutis Laxa (113 citations)"
Zhe‐Xi Luo,University of Chicago,US,"Evolution and Paleontology Studies
Paleontology and Evolutionary Biology
Ichthyology and Marine Biology","The Placental Mammal Ancestor and the Post–K-Pg Radiation of Placentals (1230 citations)
Mammals from the Age of Dinosaurs (798 citations)
A Jurassic eutherian mammal and divergence of marsupials and placentals (566 citations)"
Shuxiao Wang,Tsinghua University,CN,"Air Quality and Health Impacts
Atmospheric chemistry and aerosols
Vehicle emissions and performance","Drivers of improved PM 2.5 air quality in China from 2013 to 2017 (2277 citations)
A review of biomass burning: Emissions and impacts on air quality, health and climate in China (1327 citations)
Air quality management in China: Issues, challenges, and options (601 citations)"
Xiang‐Jiao Yang,McGill University,CA,"Ubiquitin and proteasome pathways
Histone Deacetylase Inhibitors Research
Epigenetics and DNA Methylation","Substrate and Functional Diversity of Lysine Acetylation Revealed by a Proteomics Survey (1495 citations)
A p300/CBP-associated factor that competes with the adenoviral oncoprotein E1A (1472 citations)
Lysine Acetylation: Codified Crosstalk with Other Posttranslational Modifications (998 citations)"
Xiaofei Song,Tianjin University,CN,"Prostate Cancer Treatment and Research
Endoplasmic Reticulum Stress and Disease
Genomics and Rare Diseases","Reanalysis of Clinical Exome Sequencing Data (306 citations)
Identifying Genes Whose Mutant Transcripts Cause Dominant Disease Traits by Potential Gain-of-Function Alleles (241 citations)
Quantitative trait loci for flowering time and morphological traits in multiple populations of Brassica rapa (160 citations)"
Xinjian Wang,Liverpool John Moores University,GB,"Maritime Navigation and Safety
Risk and Safety Analysis
Evacuation and Crowd Dynamics","An analysis of factors affecting the severity of marine accidents (247 citations)
Analysis of factors affecting the severity of marine accidents using a data-driven Bayesian network (182 citations)
Research in marine accidents: A bibliometric analysis, systematic review and future directions (153 citations)"
Yan Ding,Huazhong University of Science and Technology,CN,"Genomics and Phylogenetic Studies
Glycosylation and Glycoproteins Research
Cancer Genomics and Diagnostics","Structure, function and diversity of the healthy human microbiome (12146 citations)
A framework for human microbiome research (2783 citations)
Evolutionary and Biomedical Insights from the Rhesus Macaque Genome (1452 citations)"
Yanhui Hu,Nanjing Medical University,CN,"CRISPR and Genetic Engineering
Invertebrate Immune Response Mechanisms
Bioinformatics and Genomic Networks","An integrative approach to ortholog prediction for disease-focused and other functional studies (913 citations)
The Transgenic RNAi Project at Harvard Medical School: Resources and Validation (737 citations)
FlyBase at 25: looking to the future (626 citations)"
Yanyan Peng,Ultrasonic Technologies (United States),US,"Mitochondrial Function and Pathology
Lysosomal Storage Disorders Research
High Altitude and Hypoxia","Mutations in SLC25A46, encoding a UGO1-like protein, cause an optic atrophy spectrum disorder (208 citations)
A deafness-associated tRNAHismutation alters the mitochondrial function, ROS production and membrane potential (118 citations)
The exome sequencing identified the mutation in YARS2 encoding the mitochondrial tyrosyl-tRNA synthetase as a nuclear modifier for the phenotypic manifestation of Leber's hereditary optic neuropathy-associated mitochondrial DNA mutation (105 citations)"
Yasemen Eroğlu,,,"Liver Disease and Transplantation
Peroxisome Proliferator-Activated Receptors
Gastrointestinal Bleeding Diagnosis and Treatment","Reanalysis of Clinical Exome Sequencing Data (306 citations)
Treatment of Smith–Lemli–Opitz syndrome and other sterol disorders (106 citations)
Octreotide Therapy for Control of Acute Gastrointestinal Bleeding in Children (106 citations)"
Yassmine Akkari,Nationwide Children's Hospital,US,"Genomics and Rare Diseases
Cancer Genomics and Diagnostics
Acute Lymphoblastic Leukemia research","The 5th edition of the World Health Organization Classification of Haematolymphoid Tumours: Myeloid and Histiocytic/Dendritic Neoplasms (4160 citations)
Cell fusion is the principal source of bone-marrow-derived hepatocytes (1572 citations)
Performance of ACMG-AMP Variant-Interpretation Guidelines among Nine Laboratories in the Clinical Sequencing Exploratory Research Consortium (590 citations)"
Ying‐Wooi Wan,,,"RNA modifications and cancer
Genetics and Neurodevelopmental Disorders
Mitochondrial Function and Pathology","Type I interferon response drives neuroinflammation and synapse loss in Alzheimer disease (629 citations)
Meta-Analysis of the Alzheimer’s Disease Human Brain Transcriptome and Functional Dissection in Mouse Models (340 citations)
TFEB enhances astroglial uptake of extracellular tau species and reduces tau spreading (266 citations)"
Yong Huang,University of Macau,MO,"Renal cell carcinoma treatment
Bladder and Urothelial Cancer Treatments
Renal and related cancers","Guidelines for the use and interpretation of assays for monitoring autophagy (3rd edition) (6023 citations)
PINK1-dependent recruitment of Parkin to mitochondria in mitophagy (1623 citations)
Acetylation Targets the M2 Isoform of Pyruvate Kinase for Degradation through Chaperone-Mediated Autophagy and Promotes Tumor Growth (609 citations)"
Yong‐hui Jiang,Yale University,US,"Genetics and Neurodevelopmental Disorders
Autism Spectrum Disorder Research
Genetic Syndromes and Imprinting","De novo truncating mutations in E6-AP ubiquitin-protein ligase gene (UBE3A) in Angelman syndrome (881 citations)
Mutation of the Angelman Ubiquitin Ligase in Mice Causes Increased Cytoplasmic p53 and Deficits of Contextual Learning and Long-Term Potentiation (874 citations)
Modeling Autism by SHANK Gene Mutations in Mice (508 citations)"
Yong‐hui Jiang,Yale University,US,"Genetics and Neurodevelopmental Disorders
Autism Spectrum Disorder Research
Genetic Syndromes and Imprinting","De novo truncating mutations in E6-AP ubiquitin-protein ligase gene (UBE3A) in Angelman syndrome (881 citations)
Mutation of the Angelman Ubiquitin Ligase in Mice Causes Increased Cytoplasmic p53 and Deficits of Contextual Learning and Long-Term Potentiation (874 citations)
Modeling Autism by SHANK Gene Mutations in Mice (508 citations)"
Yoonjung Yoonie Joo,Sungkyunkwan University,KR,"Genetic Associations and Epidemiology
Cognitive Abilities and Testing
Child and Adolescent Psychosocial and Emotional Development","Multi-ancestry genetic study of type 2 diabetes highlights the power of diverse populations for discovery and translation (774 citations)
Genetic drivers of heterogeneity in type 2 diabetes pathophysiology (584 citations)
Genetic diversity fuels gene discovery for tobacco and alcohol use (531 citations)"
Young‐Mo Kim,Pacific Northwest National Laboratory,US,"Methane Hydrates and Related Phenomena
Geophysics and Gravity Measurements
Ionosphere and magnetosphere dynamics","Human Gut Microbiota from Autism Spectrum Disorder Promote Behavioral Symptoms in Mice (1209 citations)
Drought delays development of the sorghum root microbiome and enriches for monoderm bacteria (699 citations)
Decolorization of reactive dyes by a thermostable laccase produced by Ganoderma lucidum in solid state culture (280 citations)"
Yunyun Jiang,Xiang Yang No.1 People's Hospital,CN,"Genomics and Rare Diseases
Diabetes Treatment and Management
Genomic variations and chromosomal abnormalities","Phase II Study of Everolimus and Letrozole in Patients With Recurrent Endometrial Carcinoma (326 citations)
Antioxidant status and gut microbiota change in an aging mouse model as influenced by exopolysaccharide produced by Lactobacillus plantarum YW11 isolated from Tibetan kefir (148 citations)
SYT1-associated neurodevelopmental disorder: a case series (144 citations)"
Yvonne L. Latour,National Institute of Neurological Disorders and Stroke,US,"Polyamine Metabolism and Applications
Helicobacter pylori-related gastroenterology studies
Gut microbiota and health","MARRVEL: Integration of Human and Model Organism Genetic Resources to Facilitate Functional Annotation of the Human Genome (228 citations)
The Undiagnosed Diseases Network: Accelerating Discovery about Health and Disease (190 citations)
The role of polyamines in the regulation of macrophage polarization and function (183 citations)"
Zachary Zappala,Vertex Pharmaceuticals (United States),US,"Genomics and Rare Diseases
Genetic Associations and Epidemiology
RNA Research and Splicing","The mutational constraint spectrum quantified from variation in 141,456 humans (10373 citations)
Genetic effects on gene expression across human tissues (4742 citations)
The mutational constraint spectrum quantified from variation in 141,456 humans (1775 citations)"
Zeynep Coban‐Akdemir,The University of Texas Health Science Center at Houston,US,"Genomics and Rare Diseases
Genomic variations and chromosomal abnormalities
Genetics and Neurodevelopmental Disorders","Genes that Affect Brain Structure and Function Identified by Rare Variant Analyses of Mendelian Neurologic Disease (343 citations)
Identifying Genes Whose Mutant Transcripts Cause Dominant Disease Traits by Potential Gain-of-Function Alleles (241 citations)
Lessons learned from additional research analyses of unsolved clinical exome cases (240 citations)"
Zeynep Coban‐Akdemir,The University of Texas Health Science Center at Houston,US,"Genomics and Rare Diseases
Genomic variations and chromosomal abnormalities
Genetics and Neurodevelopmental Disorders","Genes that Affect Brain Structure and Function Identified by Rare Variant Analyses of Mendelian Neurologic Disease (343 citations)
Identifying Genes Whose Mutant Transcripts Cause Dominant Disease Traits by Potential Gain-of-Function Alleles (241 citations)
Lessons learned from additional research analyses of unsolved clinical exome cases (240 citations)"
Zhichao Miao,Guangzhou Medical University,CN,"RNA and protein synthesis mechanisms
Single-cell and spatial transcriptomics
RNA modifications and cancer","BBKNN: fast batch alignment of single cell transcriptomes (1030 citations)
Decoding human fetal liver haematopoiesis (651 citations)
A test metric for assessing single-cell RNA-seq batch correction (560 citations)"
Zhilian Xia,St. Jude Children's Research Hospital,US,"Genomic variations and chromosomal abnormalities
Genetics and Neurodevelopmental Disorders
Protein Structure and Dynamics","Genomic and Genic Deletions of the FOX Gene Cluster on 16q24.1 and Inactivating Mutations of FOXF1 Cause Alveolar Capillary Dysplasia and Other Malformations (545 citations)
Detection of clinically relevant exonic copy-number changes by array CGH (243 citations)
Rare pathogenic microdeletions and tandem duplications are microhomology-mediated and stimulated by local genomic architecture (194 citations)"
Zhiyv Niu,Mayo Clinic in Florida,US,"Genomics and Rare Diseases
Hereditary Neurological Disorders
Muscle Physiology and Disorders","Clinical Whole-Exome Sequencing for the Diagnosis of Mendelian Disorders (2013 citations)
Molecular Findings Among Patients Referred for Clinical Whole-Exome Sequencing (1422 citations)
Mutations inSYNGAP1Cause Intellectual Disability, Autism, and a Specific Form of Epilepsy by Inducing Haploinsufficiency (283 citations)"
Zhongyuan Zuo,European Molecular Biology Laboratory,DE,"Cellular transport and secretion
CRISPR and Genetic Engineering
Mitochondrial Function and Pathology","A gene-specific T2A-GAL4 library for Drosophila (390 citations)
An efficient CRISPR-based strategy to insert small and large fragments of DNA using short homology arms (182 citations)
Phospholipase PLA2G6, a Parkinsonism-Associated Gene, Affects Vps26 and Vps35, Retromer Function, and Ceramide Levels, Similar to α-Synuclein Gain (176 citations)"
Zubair M. Ahmed,University of Baltimore,US,"Hearing, Cochlea, Tinnitus, Genetics
Vestibular and auditory disorders
Connexins and lens biology","Guidelines for the use and interpretation of assays for monitoring autophagy (4th edition) 1 (2743 citations)
Usher Syndrome 1D and Nonsyndromic Autosomal Recessive Deafness DFNB12 Are Caused by Allelic Mutations of the Novel Cadherin-Like Gene CDH23 (560 citations)
Dominant and recessive deafness caused by mutations of a novel gene, TMC1, required for cochlear hair-cell function (487 citations)"
Zöe Powis,Quest Diagnostics (United States),US,"Genomics and Rare Diseases
Genomic variations and chromosomal abnormalities
Genetics and Neurodevelopmental Disorders","Diagnostic exome sequencing provides a molecular diagnosis for a significant proportion of patients with epilepsy (368 citations)
YY1 Haploinsufficiency Causes an Intellectual Disability Syndrome Featuring Transcriptional and Chromatin Dysfunction (173 citations)
Mouse screen reveals multiple new genes underlying mouse and human hearing loss (130 citations)"
Éric Westhof,Université de Strasbourg,FR,"RNA and protein synthesis mechanisms
RNA modifications and cancer
DNA and Nucleic Acid Chemistry","Halogen bonds in biological molecules (1650 citations)
Genome evolution in yeasts (1644 citations)
Modelling of the three-dimensional architecture of group I catalytic introns based on comparative sequence analysis (1254 citations)"
Şule Ünal,Hacettepe University,TR,"Hemoglobinopathies and Related Disorders
Autoimmune and Inflammatory Disorders Research
Iron Metabolism and Disorders","LAD-1/variant syndrome is caused by mutations in FERMT3 (226 citations)
Multi‐gene panel testing improves diagnosis and management of patients with hereditary anemias (161 citations)
Comparison of primary human cytotoxic T-cell and natural killer cell responses reveal similar molecular requirements for lytic granule exocytosis but differences in cytokine production (146 citations)"
Alena Pirutka,New York University,US,"Algebraic Geometry and Number Theory
Advanced Algebra and Geometry
Polynomial and algebraic computation","Hypersurfaces quartiques de dimension 3 : non rationalit\'e stable (100 citations)
Stable rationality of quadric surface bundles over surfaces (53 citations)
Cyclic covers that are not stably rational (30 citations)"
Anthony Várilly‐Alvarado,Rice University,US,"Algebraic Geometry and Number Theory
Advanced Algebra and Geometry
Analytic Number Theory Research","Big rational surfaces (65 citations)
Transcendental obstructions to weak approximation on general K3 surfaces (54 citations)
Locally Recoverable Codes from Algebraic Curves and Surfaces (50 citations)"
Antoine Chambert-Loir,Sorbonne Paris Cité,FR,"Algebraic Geometry and Number Theory
Advanced Algebra and Geometry
Polynomial and algebraic computation","On the distribution of points of bounded height on equivariant compactifications of vector groups (105 citations)
Igusa integrals and volume asymptotics in analytic and adelic geometry\n (79 citations)
Formes différentielles réelles et courants sur les espaces de Berkovich (67 citations)"
Arend Bayer,University of Edinburgh,GB,"Algebraic Geometry and Number Theory
Advanced Algebra and Geometry
Homotopy and Cohomology in Algebraic Topology","MMP FOR MODULI OF SHEAVES ON K3S VIA WALL-CROSSING: NEF AND MOVABLE CONES, LAGRANGIAN FIBRATIONS (229 citations)
Projectivity and birational geometry of Bridgeland moduli spaces (190 citations)
Bridgeland stability conditions on threefolds I: Bogomolov-Gieseker type inequalities (170 citations)"
Bjorn Poonen,,,"Algebraic Geometry and Number Theory
Advanced Algebra and Geometry
Polynomial and algebraic computation","Rational Points on Varieties (188 citations)
The Cassels-Tate Pairing on Polarized Abelian Varieties (179 citations)
Bertini Theorems over Finite Fields (131 citations)"
Brendan Hassett,,,"Algebraic Geometry and Number Theory
Advanced Algebra and Geometry
Geometry and complex manifolds","Moduli spaces of weighted pointed stable curves (314 citations)
Special Cubic Fourfolds (243 citations)
Brauer groups and quotient stacks (162 citations)"
Emmanuel Peyre,Université Grenoble Alpes,FR,"Algebraic Geometry and Number Theory
Advanced Algebra and Geometry
Homotopy and Cohomology in Algebraic Topology","Hauteurs et mesures de Tamagawa sur les variétés de Fano (212 citations)
Points de hauteur bornée, topologie adélique et mesures de Tamagawa (57 citations)
Tamagawa numbers of diagonal cubic surfaces, numerical evidence (39 citations)"
I︠u︡. I. Manin,,,"Legal and Regulatory Analysis
Linguistic, Cultural, and Literary Studies
Military Technology and Strategies","Quantum groups and non-commutative geometry (703 citations)
Topics in noncommutative geometry (274 citations)
Gauge fields and complex geometry (112 citations)"
J. A. Shalika,Johns Hopkins University,US,"Advanced Algebra and Geometry
Algebraic Geometry and Number Theory
Finite Group Theory Research","Rankin-Selberg Convolutions (658 citations)
On Euler Products and the Classification of Automorphic Representations I (475 citations)
The Multiplicity One Theorem for GL n (438 citations)"
Ralf Meyer,University of Göttingen,DE,"Advanced Operator Algebra Research
Advanced Topics in Algebra
Radio Frequency Integrated Circuit Design","Analysis, design, and optimization of spiral inductors and transformers for Si RF ICs (716 citations)
MOS operational amplifier design-a tutorial overview (461 citations)
Si IC-compatible inductors and LC passive filters (387 citations)"
Nicolas Addington,,,"Algebraic Geometry and Number Theory
Advanced Algebra and Geometry
Algebraic structures and combinatorial models","Hodge theory and derived categories of cubic fourfolds (142 citations)
New derived symmetries of some hyperkähler varieties (80 citations)
On the symplectic eightfold associated to a Pfaffian cubic fourfold (40 citations)"
Ramin Takloo-Bighash,University of Illinois Chicago,US,"Advanced Algebra and Geometry
Algebraic Geometry and Number Theory
Analytic Number Theory Research","An Invitation to Modern Number Theory (109 citations)
An Invitation to Modern Number Theory (106 citations)
Bessel models for GSp(4) (63 citations)"
Sho Tanimoto,Nagoya University,JP,"Algebraic Geometry and Number Theory
Advanced Algebra and Geometry
Geometry and complex manifolds","Wilson Lines and Classical Solutions in Cubic Open String Field Theory (64 citations)
Balanced Line Bundles and Equivariant Compactifications of Homogeneous Spaces (41 citations)
Geometric consistency of Manin's conjecture (37 citations)"
Thomas Schick,University of Göttingen,DE,"Advanced Operator Algebra Research
Homotopy and Cohomology in Algebraic Topology
Advanced Topics in Algebra","Approximating L 2 ‐invariants and the Atiyah conjecture (117 citations)
On the Equivalence of Geometric and Analytic K-Homology (111 citations)
A counterexample to the (unstable) Gromov-LawsonRosenberg conjecture (95 citations)"
Victor V. Batyrev,University of Tübingen,DE,"Algebraic Geometry and Number Theory
Advanced Combinatorial Mathematics
Advanced Algebra and Geometry","Dual Polyhedra and Mirror Symmetry for Calabi-Yau Hypersurfaces in Toric Varieties (987 citations)
On the Hodge structure of projective hypersurfaces in toric varieties (237 citations)
Strong McKay correspondence, string-theoretic Hodge numbers and mirror symmetry (220 citations)"
Yuri G. Zarhin,Pennsylvania State University,US,"Algebraic Geometry and Number Theory
Advanced Algebra and Geometry
Finite Group Theory Research","Hyperelliptic jacobians without complex multiplication (82 citations)
A finiteness theorem for the Brauer group of abelian varieties and 𝐾3 surfaces (80 citations)
On the Brauer group of diagonal quartic surfaces (41 citations)"
Alan G. Darvill,,,"Polysaccharides and Plant Cell Walls
Polysaccharides Composition and Applications
Microbial Metabolites in Food Biotechnology","Isolation and characterization of plant cell walls and cell wall components (1135 citations)
Symbol Nomenclature for Graphical Representations of Glycans (1108 citations)
STRUCTURE AND FUNCTION OF THE PRIMARY CELL WALLS OF PLANTS (1007 citations)"
Alicia Wood-Jones,Mississippi State University,US,"Mycotoxins in Agriculture and Food
Plant Pathogens and Fungal Diseases
Polysaccharides and Plant Cell Walls","Arabidopsis Fragile Fiber8, Which Encodes a Putative Glucuronyltransferase, Is Essential for Normal Secondary Wall Synthesis (318 citations)
Mutation of SAC1, an Arabidopsis SAC Domain Phosphoinositide Phosphatase, Causes Alterations in Cell Morphogenesis, Cell Wall Synthesis, and Actin Organization (118 citations)
The Poplar Glycosyltransferase GT47C is Functionally Conserved with Arabidopsis Fragile Fiber8 (80 citations)"
Betty P. Schroeder,University of Georgia,US,"Plant-Microbe Interactions and Immunity
Nematode management and characterization studies
Legume Nitrogen Fixing Symbiosis","Mutation of a Chitinase-Like Gene Causes Ectopic Deposition of Lignin, Aberrant Cell Shapes, and Overproduction of Ethylene (639 citations)"
Bo Liu,University of Science and Technology Beijing,CN,"Photonic and Optical Devices
Optical Network Technologies
Advanced Fiber Optic Sensors","Guidelines for the use and interpretation of assays for monitoring autophagy (3rd edition) (6023 citations)
Guidelines for the use and interpretation of assays for monitoring autophagy (4066 citations)
A vehicle-to-vehicle communication protocol for cooperative collision warning (620 citations)"
Charles Lee,The Jackson Laboratory for Genomic Medicine,US,"Genomic variations and chromosomal abnormalities
Chromosomal and Genetic Variations
Genomics and Rare Diseases","A global reference for human genetic variation (20396 citations)
The zebrafish reference genome sequence and its relationship to the human genome (5243 citations)
MET Amplification Leads to Gefitinib Resistance in Lung Cancer by Activating ERBB3 Signaling (4497 citations)"
Campbell J. Nairn,University of Georgia,US,"Turtle Biology and Conservation
Amphibian and Reptile Biology
Genetic diversity and population structure","Arabidopsis Fragile Fiber8, Which Encodes a Putative Glucuronyltransferase, Is Essential for Normal Secondary Wall Synthesis (318 citations)
Functional Genomic Analysis Supports Conservation of Function Among Cellulose Synthase-Like A Gene Family Members and Suggests Diverse Roles of Mannans in Plants (244 citations)
Agrobacterium tumefaciens-mediated transformation of Fusarium circinatum (244 citations)"
Chanhui Lee,Kyung Hee University,KR,"Plant Molecular Biology Research
Polysaccharides and Plant Cell Walls
Plant Gene Expression Analysis","A Battery of Transcription Factors Involved in the Regulation of Secondary Cell Wall Biosynthesis in Arabidopsis (983 citations)
MYB58 and MYB63 Are Transcriptional Activators of the Lignin Biosynthetic Pathway during Secondary Cell Wall Formation in Arabidopsis (892 citations)
Global Analysis of Direct Targets of Secondary Wall NAC Master Switches in Arabidopsis (426 citations)"
Charles Spicer,,,"Antifungal resistance and susceptibility
Plant Molecular Biology Research
Spine and Intervertebral Disc Pathology","The Poplar MYB Transcription Factors, PtrMYB3 and PtrMYB20, are Involved in the Regulation of Secondary Wall Biosynthesis (260 citations)
Candida albicans and cryptococcus neoformans occurring as infective agents in an eight-year-old boy (14 citations)
A New Type of Cervical Brace (2 citations)"
Cody J. Reeves,Brigham Young University,US,"Team Dynamics and Performance
Job Satisfaction and Organizational Behavior
Knowledge Management and Sharing","Scientific Contributions of Within-Person Research in Management: Making the Juice Worth the Squeeze (194 citations)
Emergent leadership in virtual teams: A multilevel investigation of individual communication and team dispersion antecedents (122 citations)
Analytical abilities and the performance of HR professionals (108 citations)"
David H. Burk,Pennington Biomedical Research Center,US,"Adipose Tissue and Metabolism
Adipokines, Inflammation, and Metabolic Diseases
Pancreatic function and diabetes","Reduced Adipose Tissue Oxygenation in Human Obesity (768 citations)
A Katanin-like Protein Regulates Normal Cell Wall gBiosynthesis and Cell Elongation (372 citations)
Adipose Tissue Collagen VI in Obesity (336 citations)"
David Lyskowski,University of Georgia,US,"Plant Molecular Biology Research
Plant Gene Expression Analysis
Plant biochemistry and biosynthesis","The Poplar MYB Transcription Factors, PtrMYB3 and PtrMYB20, are Involved in the Regulation of Secondary Wall Biosynthesis (260 citations)"
David S. Himmelsbach,University of Georgia,US,"Spectroscopy and Chemometric Analyses
Spectroscopy Techniques in Biomedical and Chemical Research
Food composition and properties","Essential Role of Caffeoyl Coenzyme A O -Methyltransferase in Lignin Biosynthesis in Woody Poplar Plants (311 citations)
Building flax fibres: more than one brick in the walls (237 citations)
The PARVUS Gene is Expressed in Cells Undergoing Secondary Wall Thickening and is Essential for Glucuronoxylan Biosynthesis (201 citations)"
Dongtao Cui,Harvard University Press,US,"Polysaccharides and Plant Cell Walls
Biofuel production and bioconversion
Perovskite Materials and Applications","Secondary cell wall biosynthesis (378 citations)
Regiospecific Acetylation of Xylan is Mediated by a Group of DUF231-Containing O-Acetyltransferases (83 citations)
1H Dynamic Nuclear Polarization Based on an Endogenous Radical (70 citations)"
Edward G. Jones,Redcliffe Hospital,AU,"Neuroscience and Neuropharmacology Research
Neural dynamics and brain function
Neurogenesis and neuroplasticity mechanisms","Genetic relationship between five psychiatric disorders estimated from genome-wide SNPs (2366 citations)
AN ANATOMICAL STUDY OF CONVERGING SENSORY PATHWAYS WITHIN THE CEREBRAL CORTEX OF THE MONKEY (1728 citations)
Large-scale genome-wide association analysis of bipolar disorder identifies a new susceptibility locus near ODZ4 (1418 citations)"
Elizabeth Richardson,Mary Baldwin University,US,"Plant Pathogens and Fungal Diseases
Health disparities and outcomes
Urban Green Space and Health","Exploring pathways linking greenspace to health: Theoretical and methodological guidance (2535 citations)
Role of physical activity in the relationship between urban green space and health (622 citations)
Gender differences in relationships between urban green space and health in the United Kingdom (491 citations)"
Elizabeth Richardson,Mary Baldwin University,US,"Plant Pathogens and Fungal Diseases
Health disparities and outcomes
Urban Green Space and Health","Exploring pathways linking greenspace to health: Theoretical and methodological guidance (2535 citations)
Role of physical activity in the relationship between urban green space and health (622 citations)
Gender differences in relationships between urban green space and health in the United Kingdom (491 citations)"
Farris L. Poole,University of Georgia,US,"Microbial Community Ecology and Physiology
Genomics and Phylogenetic Studies
Chromium effects and bioremediation","Microbial metalloproteomes are largely uncharacterized (362 citations)
Essential Role of Caffeoyl Coenzyme A O -Methyltransferase in Lignin Biosynthesis in Woody Poplar Plants (311 citations)
Environmental stress mediates groundwater microbial community assembly (232 citations)"
Gongke Zhou,Qingdao Agricultural University,CN,"Polysaccharides and Plant Cell Walls
Plant Molecular Biology Research
Plant Gene Expression Analysis","Comprehensive Analysis of NAC Domain Transcription Factor Gene Family in Populus trichocarpa (533 citations)
Arabidopsis irregular xylem8 and irregular xylem9 : Implications for the Complexity of Glucuronoxylan Biosynthesis (440 citations)
Arabidopsis Fragile Fiber8, Which Encodes a Putative Glucuronyltransferase, Is Essential for Normal Secondary Wall Synthesis (318 citations)"
Hasanthi Piyasena,University of Georgia,US,"Plant Molecular Biology Research
Plant Gene Expression Analysis
Plant biochemistry and biosynthesis","The Poplar MYB Transcription Factors, PtrMYB3 and PtrMYB20, are Involved in the Regulation of Secondary Wall Biosynthesis (260 citations)"
Jianli Zhou,Guizhou University,CN,"Fermentation and Sensory Analysis
Vector-borne infectious diseases
Enzyme Production and Characterization","A Battery of Transcription Factors Involved in the Regulation of Secondary Cell Wall Biosynthesis in Arabidopsis (983 citations)
MYB58 and MYB63 Are Transcriptional Activators of the Lignin Biosynthetic Pathway during Secondary Cell Wall Formation in Arabidopsis (892 citations)
Arabidopsis NAC Domain Proteins, VND1 to VND5, Are Transcriptional Regulators of Secondary Wall Biosynthesis in Vessels (226 citations)"
Jonathan Négrel,Institut Agro Dijon,FR,"Plant tissue culture and regeneration
Polyamine Metabolism and Applications
Plant Gene Expression Analysis","Dual Methylation Pathways in Lignin Biosynthesis (249 citations)
Ether-linked ferulic acid amides in natural and wound periderms of potato tuber (110 citations)
The biosynthesis of feruloyltyramine in Nicotiana tabacum (104 citations)"
Kara Carleton,University of Georgia,US,"Plant Molecular Biology Research
Plant Gene Expression Analysis
Plant biochemistry and biosynthesis","The Poplar MYB Transcription Factors, PtrMYB3 and PtrMYB20, are Involved in the Regulation of Secondary Wall Biosynthesis (260 citations)"
Malcolm A. O’Neill,University of Georgia,US,"Polysaccharides and Plant Cell Walls
Polysaccharides Composition and Applications
Plant nutrient uptake and metabolism","Pectins: structure, biosynthesis, and oligogalacturonide-related signaling (1894 citations)
RHAMNOGALACTURONAN II: Structure and Function of a Borate Cross-Linked Cell Wall Pectic Polysaccharide (969 citations)
Requirement of Borate Cross-Linking of Cell Wall Rhamnogalacturonan II for Arabidopsis Growth (678 citations)"
María J. Peña,Institute of Immunology,HR,"Polysaccharides and Plant Cell Walls
Biofuel production and bioconversion
Plant nutrient uptake and metabolism","Human gut Bacteroidetes can utilize yeast mannan through a selfish mechanism (587 citations)
Arabidopsis irregular xylem8 and irregular xylem9 : Implications for the Complexity of Glucuronoxylan Biosynthesis (440 citations)
Arabidopsis Fragile Fiber8, Which Encodes a Putative Glucuronyltransferase, Is Essential for Normal Secondary Wall Synthesis (318 citations)"
Renqian Zhong,Second Military Medical University,CN,"Liver Diseases and Immunity
Liver Disease Diagnosis and Treatment
Systemic Lupus Erythematosus Research","MYB83 Is a Direct Target of SND1 and Acts Redundantly with MYB46 in the Regulation of Secondary Cell Wall Biosynthesis in Arabidopsis (612 citations)
Neutrophil to lymphocyte ratio (NLR) and platelet to lymphocyte ratio (PLR) were useful markers in assessment of inflammatory response and disease activity in SLE patients (458 citations)
Transcriptional Activation of Secondary Wall Biosynthesis by Rice and Maize NAC and MYB Transcription Factors (342 citations)"
Ruiqin Zhong,Carnegie Department of Plant Biology,US,"Polysaccharides and Plant Cell Walls
Plant Gene Expression Analysis
Plant Molecular Biology Research","CD36 ligands promote sterile inflammation through assembly of a Toll-like receptor 4 and 6 heterodimer (1529 citations)
A Battery of Transcription Factors Involved in the Regulation of Secondary Cell Wall Biosynthesis in Arabidopsis (983 citations)
MYB58 and MYB63 Are Transcriptional Activators of the Lignin Biosynthetic Pathway during Secondary Cell Wall Formation in Arabidopsis (892 citations)"
Ryan L. McCarthy,University of Washington,US,"Plant Molecular Biology Research
Genomics and Chromatin Dynamics
Epigenetics and DNA Methylation","A Battery of Transcription Factors Involved in the Regulation of Secondary Cell Wall Biosynthesis in Arabidopsis (983 citations)
MYB83 Is a Direct Target of SND1 and Acts Redundantly with MYB46 in the Regulation of Secondary Cell Wall Biosynthesis in Arabidopsis (612 citations)
Transcriptional Activation of Secondary Wall Biosynthesis by Rice and Maize NAC and MYB Transcription Factors (342 citations)"
Scott R. Fowler,University of Georgia,US,"Plant Molecular Biology Research
Pesticide Exposure and Toxicity
Plant Gene Expression Analysis","The Poplar MYB Transcription Factors, PtrMYB3 and PtrMYB20, are Involved in the Regulation of Secondary Wall Biosynthesis (260 citations)
Effects of neurofilamentous axonopathy-producing neurotoxicants on in vitro production of ATP by brain mitochondria (29 citations)"
Stanley J. Kays,University of Georgia,US,"Postharvest Quality and Shelf Life Management
Plant Physiology and Cultivation Studies
Insect behavior and control techniques","Postharvest Physiology of Perishable Plant Products (760 citations)
Mutation of a Chitinase-Like Gene Causes Ectopic Deposition of Lignin, Aberrant Cell Shapes, and Overproduction of Ethylene (639 citations)
Preharvest factors affecting appearance (279 citations)"
Taku Demura,Nara Institute of Science and Technology,JP,"Plant Molecular Biology Research
Plant Reproductive Biology
Plant Gene Expression Analysis","Insights into Land Plant Evolution Garnered from the Marchantia polymorpha Genome (1311 citations)
Transcription switches for protoxylem and metaxylem vessel formation (1203 citations)
SND1, a NAC Domain Transcription Factor, Is a Key Regulator of Secondary Wall Synthesis in Fibers of Arabidopsis (765 citations)"
W. Herbert Morrison,,,"Food composition and properties
Sunflower and Safflower Cultivation
Biofuel production and bioconversion","A Katanin-like Protein Regulates Normal Cell Wall gBiosynthesis and Cell Elongation (372 citations)
Arabidopsis Fragile Fiber8, Which Encodes a Putative Glucuronyltransferase, Is Essential for Normal Secondary Wall Synthesis (318 citations)
Essential Role of Caffeoyl Coenzyme A O -Methyltransferase in Lignin Biosynthesis in Woody Poplar Plants (311 citations)"
William S. York,National Institute on Aging,US,"Polysaccharides and Plant Cell Walls
Glycosylation and Glycoproteins Research
Microbial Metabolites in Food Biotechnology","Isolation and characterization of plant cell walls and cell wall components (1135 citations)
Symbol Nomenclature for Graphical Representations of Glycans (1108 citations)
Complex pectin metabolism by gut bacteria reveals novel catalytic functions (653 citations)"
